video_name,timestamp,frame,current_population,unique_people_observed,people_count,entry_count,exit_count,density,confidence
crowd_cars.mp4.mov,0.040,1,4,4,4,0,0,9.6451,0.4732
crowd_cars.mp4.mov,0.080,2,4,4,4,0,0,9.6451,0.4734
crowd_cars.mp4.mov,0.120,3,3,4,3,0,0,7.2338,0.516
crowd_cars.mp4.mov,0.160,4,3,4,3,0,0,7.2338,0.4952
crowd_cars.mp4.mov,0.200,5,3,4,3,0,0,7.2338,0.5028
crowd_cars.mp4.mov,0.240,6,3,4,3,0,0,7.2338,0.4899
crowd_cars.mp4.mov,0.280,7,4,6,4,0,0,9.6451,0.4946
crowd_cars.mp4.mov,0.320,8,5,7,5,0,0,12.0563,0.4768
crowd_cars.mp4.mov,0.360,9,4,8,4,0,0,9.6451,0.4586
crowd_cars.mp4.mov,0.400,10,5,8,5,0,0,12.0563,0.4549
crowd_cars.mp4.mov,0.440,11,7,9,7,0,0,16.8789,0.4489
crowd_cars.mp4.mov,0.480,12,5,9,5,0,0,12.0563,0.5009
crowd_cars.mp4.mov,0.520,13,5,9,5,0,0,12.0563,0.488
crowd_cars.mp4.mov,0.560,14,4,9,4,0,0,9.6451,0.4758
crowd_cars.mp4.mov,0.600,15,3,9,3,0,0,7.2338,0.5356
crowd_cars.mp4.mov,0.640,16,3,9,3,0,0,7.2338,0.5457
crowd_cars.mp4.mov,0.680,17,4,10,4,0,0,9.6451,0.5549
crowd_cars.mp4.mov,0.720,18,5,11,5,0,0,12.0563,0.5213
crowd_cars.mp4.mov,0.760,19,5,11,5,0,0,12.0563,0.5445
crowd_cars.mp4.mov,0.800,20,4,11,4,0,0,9.6451,0.5919
crowd_cars.mp4.mov,0.840,21,5,11,5,0,0,12.0563,0.5484
crowd_cars.mp4.mov,0.880,22,5,11,5,0,0,12.0563,0.5245
crowd_cars.mp4.mov,0.920,23,6,11,6,0,0,14.4676,0.4926
crowd_cars.mp4.mov,0.960,24,5,11,5,0,0,12.0563,0.5369
crowd_cars.mp4.mov,1.000,25,4,11,4,0,0,9.6451,0.5894
crowd_cars.mp4.mov,1.040,26,4,11,4,0,0,9.6451,0.5757
crowd_cars.mp4.mov,1.080,27,5,11,5,0,0,12.0563,0.5492
crowd_cars.mp4.mov,1.120,28,5,11,5,0,0,12.0563,0.5482
crowd_cars.mp4.mov,1.160,29,5,11,5,0,0,12.0563,0.4946
crowd_cars.mp4.mov,1.200,30,4,11,4,0,0,9.6451,0.5289
crowd_cars.mp4.mov,1.240,31,6,11,6,0,0,14.4676,0.491
crowd_cars.mp4.mov,1.280,32,6,11,6,0,0,14.4676,0.5014
crowd_cars.mp4.mov,1.320,33,5,11,5,0,0,12.0563,0.564
crowd_cars.mp4.mov,1.360,34,7,12,7,0,0,16.8789,0.5542
crowd_cars.mp4.mov,1.400,35,7,12,7,0,0,16.8789,0.5636
crowd_cars.mp4.mov,1.440,36,6,12,6,0,0,14.4676,0.5224
crowd_cars.mp4.mov,1.480,37,5,12,5,0,0,12.0563,0.6038
crowd_cars.mp4.mov,1.520,38,5,12,5,0,0,12.0563,0.6161
crowd_cars.mp4.mov,1.560,39,6,12,6,0,0,14.4676,0.5488
crowd_cars.mp4.mov,1.600,40,6,12,6,0,0,14.4676,0.5328
crowd_cars.mp4.mov,1.640,41,5,12,5,0,0,12.0563,0.6098
crowd_cars.mp4.mov,1.680,42,4,12,4,0,0,9.6451,0.6654
crowd_cars.mp4.mov,1.720,43,4,12,4,0,0,9.6451,0.6278
crowd_cars.mp4.mov,1.760,44,4,12,4,0,0,9.6451,0.6122
crowd_cars.mp4.mov,1.800,45,5,12,5,0,0,12.0563,0.5673
crowd_cars.mp4.mov,1.840,46,4,12,4,0,0,9.6451,0.6099
crowd_cars.mp4.mov,1.880,47,6,13,6,0,0,14.4676,0.5565
crowd_cars.mp4.mov,1.920,48,5,13,5,0,0,12.0563,0.5454
crowd_cars.mp4.mov,1.960,49,5,13,5,0,0,12.0563,0.5505
crowd_cars.mp4.mov,2.000,50,5,13,5,0,0,12.0563,0.5538
crowd_cars.mp4.mov,2.040,51,5,13,5,0,0,12.0563,0.5279
crowd_cars.mp4.mov,2.080,52,5,13,5,0,0,12.0563,0.5536
crowd_cars.mp4.mov,2.120,53,5,13,5,0,0,12.0563,0.557
crowd_cars.mp4.mov,2.160,54,5,13,5,0,0,12.0563,0.5389
crowd_cars.mp4.mov,2.200,55,5,13,5,0,0,12.0563,0.5519
crowd_cars.mp4.mov,2.240,56,4,13,4,0,0,9.6451,0.5866
crowd_cars.mp4.mov,2.280,57,5,14,5,0,0,12.0563,0.5818
crowd_cars.mp4.mov,2.320,58,4,14,4,0,0,9.6451,0.5784
crowd_cars.mp4.mov,2.360,59,4,14,4,0,0,9.6451,0.5731
crowd_cars.mp4.mov,2.400,60,4,14,4,0,0,9.6451,0.5449
crowd_cars.mp4.mov,2.440,61,4,14,4,0,0,9.6451,0.5739
crowd_cars.mp4.mov,2.480,62,5,14,5,0,0,12.0563,0.5459
crowd_cars.mp4.mov,2.520,63,5,14,5,0,0,12.0563,0.5751
crowd_cars.mp4.mov,2.560,64,5,14,5,0,0,12.0563,0.5581
crowd_cars.mp4.mov,2.600,65,5,14,5,0,0,12.0563,0.5748
crowd_cars.mp4.mov,2.640,66,5,14,5,0,0,12.0563,0.5779
crowd_cars.mp4.mov,2.680,67,5,14,5,0,0,12.0563,0.5646
crowd_cars.mp4.mov,2.720,68,5,14,5,0,0,12.0563,0.5485
crowd_cars.mp4.mov,2.760,69,5,14,5,0,0,12.0563,0.5789
crowd_cars.mp4.mov,2.800,70,5,14,5,0,0,12.0563,0.5823
crowd_cars.mp4.mov,2.840,71,5,14,5,0,0,12.0563,0.6022
crowd_cars.mp4.mov,2.880,72,5,14,5,0,0,12.0563,0.5856
crowd_cars.mp4.mov,2.920,73,5,14,5,0,0,12.0563,0.5668
crowd_cars.mp4.mov,2.960,74,5,14,5,0,0,12.0563,0.5291
crowd_cars.mp4.mov,3.000,75,6,15,6,0,0,14.4676,0.5251
crowd_cars.mp4.mov,3.040,76,6,15,6,0,0,14.4676,0.4659
crowd_cars.mp4.mov,3.080,77,5,15,5,0,0,12.0563,0.5051
crowd_cars.mp4.mov,3.120,78,5,15,5,0,0,12.0563,0.5061
crowd_cars.mp4.mov,3.160,79,5,15,5,0,0,12.0563,0.5016
crowd_cars.mp4.mov,3.200,80,6,15,6,0,0,14.4676,0.4778
crowd_cars.mp4.mov,3.240,81,6,15,6,0,0,14.4676,0.476
crowd_cars.mp4.mov,3.280,82,6,16,6,0,0,14.4676,0.4951
crowd_cars.mp4.mov,3.320,83,7,16,7,0,0,16.8789,0.505
crowd_cars.mp4.mov,3.360,84,7,16,7,0,0,16.8789,0.4724
crowd_cars.mp4.mov,3.400,85,5,16,5,0,0,12.0563,0.5188
crowd_cars.mp4.mov,3.440,86,6,16,6,0,0,14.4676,0.506
crowd_cars.mp4.mov,3.480,87,5,16,5,0,0,12.0563,0.4757
crowd_cars.mp4.mov,3.520,88,6,16,6,0,0,14.4676,0.4575
crowd_cars.mp4.mov,3.560,89,7,16,7,0,0,16.8789,0.4396
crowd_cars.mp4.mov,3.600,90,5,16,5,0,0,12.0563,0.4469
crowd_cars.mp4.mov,3.640,91,6,16,6,0,0,14.4676,0.4341
crowd_cars.mp4.mov,3.680,92,4,16,4,0,0,9.6451,0.4332
crowd_cars.mp4.mov,3.720,93,5,16,5,0,0,12.0563,0.4338
crowd_cars.mp4.mov,3.760,94,5,16,5,0,0,12.0563,0.4435
crowd_cars.mp4.mov,3.800,95,4,16,4,0,0,9.6451,0.4756
crowd_cars.mp4.mov,3.840,96,4,16,4,0,0,9.6451,0.4609
crowd_cars.mp4.mov,3.880,97,6,16,6,0,0,14.4676,0.4213
crowd_cars.mp4.mov,3.920,98,5,16,5,0,0,12.0563,0.4291
crowd_cars.mp4.mov,3.960,99,5,16,5,0,0,12.0563,0.4516
crowd_cars.mp4.mov,4.000,100,5,16,5,0,0,12.0563,0.4228
crowd_cars.mp4.mov,4.040,101,4,16,4,0,0,9.6451,0.4352
crowd_cars.mp4.mov,4.080,102,4,16,4,0,0,9.6451,0.4602
crowd_cars.mp4.mov,4.120,103,4,16,4,0,0,9.6451,0.4933
crowd_cars.mp4.mov,4.160,104,4,16,4,0,0,9.6451,0.5022
crowd_cars.mp4.mov,4.200,105,4,16,4,0,0,9.6451,0.4767
crowd_cars.mp4.mov,4.240,106,3,16,3,0,0,7.2338,0.4591
crowd_cars.mp4.mov,4.280,107,3,16,3,0,0,7.2338,0.4627
crowd_cars.mp4.mov,4.320,108,1,16,1,0,0,2.4113,0.4985
crowd_cars.mp4.mov,4.360,109,2,16,2,0,0,4.8225,0.4953
crowd_cars.mp4.mov,4.400,110,3,16,3,0,0,7.2338,0.4684
crowd_cars.mp4.mov,4.440,111,3,16,3,0,0,7.2338,0.4663
makkah_madinah.mp4.mov,0.040,1,3,3,3,0,0,10.3135,0.4605
makkah_madinah.mp4.mov,0.080,2,2,3,2,0,0,6.8757,0.5423
makkah_madinah.mp4.mov,0.120,3,3,4,3,0,0,10.3135,0.4221
makkah_madinah.mp4.mov,0.160,4,2,4,2,0,0,6.8757,0.4904
makkah_madinah.mp4.mov,0.200,5,1,4,1,0,0,3.4378,0.6456
makkah_madinah.mp4.mov,0.240,6,1,4,1,0,0,3.4378,0.6363
makkah_madinah.mp4.mov,0.280,7,1,4,1,0,0,3.4378,0.6492
makkah_madinah.mp4.mov,0.320,8,1,4,1,0,0,3.4378,0.6694
makkah_madinah.mp4.mov,0.360,9,2,4,2,0,0,6.8757,0.5297
makkah_madinah.mp4.mov,0.400,10,4,6,4,0,0,13.7514,0.484
makkah_madinah.mp4.mov,0.440,11,2,6,2,0,0,6.8757,0.5482
makkah_madinah.mp4.mov,0.480,12,3,6,3,0,0,10.3135,0.5644
makkah_madinah.mp4.mov,0.520,13,2,6,2,0,0,6.8757,0.5908
makkah_madinah.mp4.mov,0.560,14,3,6,3,0,0,10.3135,0.5158
makkah_madinah.mp4.mov,0.600,15,2,6,2,0,0,6.8757,0.4302
makkah_madinah.mp4.mov,0.640,16,3,6,3,0,0,10.3135,0.5532
makkah_madinah.mp4.mov,0.680,17,4,6,4,0,0,13.7514,0.4653
makkah_madinah.mp4.mov,0.720,18,5,7,5,0,0,17.1892,0.5072
makkah_madinah.mp4.mov,0.760,19,4,7,4,0,0,13.7514,0.5842
makkah_madinah.mp4.mov,0.800,20,3,7,3,0,0,10.3135,0.5333
makkah_madinah.mp4.mov,0.840,21,2,7,2,0,0,6.8757,0.5842
makkah_madinah.mp4.mov,0.880,22,3,7,3,0,0,10.3135,0.5244
makkah_madinah.mp4.mov,0.920,23,1,7,1,0,0,3.4378,0.7061
makkah_madinah.mp4.mov,0.960,24,1,7,1,0,0,3.4378,0.7159
makkah_madinah.mp4.mov,1.000,25,2,7,2,0,0,6.8757,0.5641
makkah_madinah.mp4.mov,1.040,26,3,8,3,0,0,10.3135,0.5335
makkah_madinah.mp4.mov,1.080,27,2,8,2,0,0,6.8757,0.538
makkah_madinah.mp4.mov,1.120,28,3,9,3,0,0,10.3135,0.5166
makkah_madinah.mp4.mov,1.160,29,3,10,3,0,0,10.3135,0.4841
makkah_madinah.mp4.mov,1.200,30,4,10,4,0,0,13.7514,0.4827
makkah_madinah.mp4.mov,1.240,31,2,10,2,0,0,6.8757,0.488
makkah_madinah.mp4.mov,1.280,32,4,10,4,0,0,13.7514,0.4776
makkah_madinah.mp4.mov,1.320,33,3,10,3,0,0,10.3135,0.5232
makkah_madinah.mp4.mov,1.360,34,4,10,4,0,0,13.7514,0.4999
makkah_madinah.mp4.mov,1.400,35,2,10,2,0,0,6.8757,0.5141
makkah_madinah.mp4.mov,1.440,36,2,10,2,0,0,6.8757,0.4567
makkah_madinah.mp4.mov,1.480,37,2,10,2,0,0,6.8757,0.5161
makkah_madinah.mp4.mov,1.520,38,2,10,2,0,0,6.8757,0.5574
makkah_madinah.mp4.mov,1.560,39,1,10,1,0,0,3.4378,0.609
makkah_madinah.mp4.mov,1.600,40,2,10,2,0,0,6.8757,0.5014
makkah_madinah.mp4.mov,1.640,41,2,10,2,0,0,6.8757,0.5167
makkah_madinah.mp4.mov,1.680,42,3,10,3,0,0,10.3135,0.4921
makkah_madinah.mp4.mov,1.720,43,2,10,2,0,0,6.8757,0.5708
makkah_madinah.mp4.mov,1.760,44,2,10,2,0,0,6.8757,0.5264
makkah_madinah.mp4.mov,1.800,45,2,10,2,0,0,6.8757,0.5622
makkah_madinah.mp4.mov,1.840,46,3,10,3,0,0,10.3135,0.5939
makkah_madinah.mp4.mov,1.880,47,3,10,3,0,0,10.3135,0.6126
makkah_madinah.mp4.mov,1.920,48,3,10,3,0,0,10.3135,0.5897
makkah_madinah.mp4.mov,1.960,49,3,10,3,0,0,10.3135,0.5084
makkah_madinah.mp4.mov,2.000,50,2,10,2,0,0,6.8757,0.5624
makkah_madinah.mp4.mov,2.040,51,2,10,2,0,0,6.8757,0.5811
makkah_madinah.mp4.mov,2.080,52,2,10,2,0,0,6.8757,0.5521
makkah_madinah.mp4.mov,2.120,53,2,10,2,0,0,6.8757,0.5669
makkah_madinah.mp4.mov,2.160,54,2,10,2,0,0,6.8757,0.6625
makkah_madinah.mp4.mov,2.200,55,3,10,3,0,0,10.3135,0.4948
makkah_madinah.mp4.mov,2.240,56,3,10,3,0,0,10.3135,0.5459
makkah_madinah.mp4.mov,2.280,57,2,10,2,0,0,6.8757,0.5896
makkah_madinah.mp4.mov,2.320,58,2,10,2,0,0,6.8757,0.5498
makkah_madinah.mp4.mov,2.360,59,3,10,3,0,0,10.3135,0.5615
makkah_madinah.mp4.mov,2.400,60,2,10,2,0,0,6.8757,0.6022
makkah_madinah.mp4.mov,2.440,61,2,10,2,0,0,6.8757,0.6293
makkah_madinah.mp4.mov,2.480,62,1,10,1,0,0,3.4378,0.6673
makkah_madinah.mp4.mov,2.520,63,2,10,2,0,0,6.8757,0.5752
makkah_madinah.mp4.mov,2.560,64,1,10,1,0,0,3.4378,0.6444
makkah_madinah.mp4.mov,2.600,65,2,10,2,0,0,6.8757,0.5176
makkah_madinah.mp4.mov,2.640,66,2,10,2,0,0,6.8757,0.5168
makkah_madinah.mp4.mov,2.680,67,2,11,2,0,0,6.8757,0.5556
makkah_madinah.mp4.mov,2.720,68,2,11,2,0,0,6.8757,0.616
makkah_madinah.mp4.mov,2.760,69,2,11,2,0,0,6.8757,0.6539
makkah_madinah.mp4.mov,2.800,70,3,11,3,0,0,10.3135,0.5181
makkah_madinah.mp4.mov,2.840,71,2,11,2,0,0,6.8757,0.6784
makkah_madinah.mp4.mov,2.880,72,2,11,2,0,0,6.8757,0.5476
makkah_madinah.mp4.mov,2.920,73,1,11,1,0,0,3.4378,0.4961
makkah_madinah.mp4.mov,2.960,74,2,11,2,0,0,6.8757,0.4909
makkah_madinah.mp4.mov,3.000,75,2,11,2,0,0,6.8757,0.5161
makkah_madinah.mp4.mov,3.040,76,2,11,2,0,0,6.8757,0.595
makkah_madinah.mp4.mov,3.080,77,2,11,2,0,0,6.8757,0.6536
makkah_madinah.mp4.mov,3.120,78,2,11,2,0,0,6.8757,0.6709
makkah_madinah.mp4.mov,3.160,79,2,11,2,0,0,6.8757,0.6462
makkah_madinah.mp4.mov,3.200,80,2,11,2,0,0,6.8757,0.5265
makkah_madinah.mp4.mov,3.240,81,2,11,2,0,0,6.8757,0.5075
makkah_madinah.mp4.mov,3.280,82,2,11,2,0,0,6.8757,0.7468
makkah_madinah.mp4.mov,3.320,83,2,11,2,0,0,6.8757,0.7651
makkah_madinah.mp4.mov,3.360,84,2,11,2,0,0,6.8757,0.7224
makkah_madinah.mp4.mov,3.400,85,2,11,2,0,0,6.8757,0.6988
makkah_madinah.mp4.mov,3.440,86,2,11,2,0,0,6.8757,0.7087
makkah_madinah.mp4.mov,3.480,87,2,11,2,0,0,6.8757,0.6213
makkah_madinah.mp4.mov,3.520,88,2,11,2,0,0,6.8757,0.5439
makkah_madinah.mp4.mov,3.560,89,3,12,3,0,0,10.3135,0.5725
makkah_madinah.mp4.mov,3.600,90,3,12,3,0,0,10.3135,0.5661
makkah_madinah.mp4.mov,3.640,91,2,12,2,0,0,6.8757,0.5196
makkah_madinah.mp4.mov,3.680,92,3,12,3,0,0,10.3135,0.5069
makkah_madinah.mp4.mov,3.720,93,3,12,3,0,0,10.3135,0.5639
makkah_madinah.mp4.mov,3.760,94,2,12,2,0,0,6.8757,0.5269
makkah_madinah.mp4.mov,3.800,95,2,12,2,0,0,6.8757,0.543
makkah_madinah.mp4.mov,3.840,96,2,12,2,0,0,6.8757,0.5245
makkah_madinah.mp4.mov,3.880,97,2,12,2,0,0,6.8757,0.5644
makkah_madinah.mp4.mov,3.920,98,2,12,2,0,0,6.8757,0.575
makkah_madinah.mp4.mov,3.960,99,2,12,2,0,0,6.8757,0.5473
makkah_madinah.mp4.mov,4.000,100,2,12,2,0,0,6.8757,0.5662
makkah_madinah.mp4.mov,4.040,101,2,12,2,0,0,6.8757,0.4968
makkah_madinah.mp4.mov,4.080,102,2,12,2,0,0,6.8757,0.5633
makkah_madinah.mp4.mov,4.120,103,2,12,2,0,0,6.8757,0.5998
makkah_madinah.mp4.mov,4.160,104,3,12,3,0,0,10.3135,0.5611
makkah_madinah.mp4.mov,4.200,105,3,12,3,0,0,10.3135,0.5824
makkah_madinah.mp4.mov,4.240,106,3,13,3,0,0,10.3135,0.6146
makkah_madinah.mp4.mov,4.280,107,3,13,3,0,0,10.3135,0.6018
makkah_madinah.mp4.mov,4.320,108,4,13,4,0,0,13.7514,0.5478
makkah_madinah.mp4.mov,4.360,109,3,13,3,0,0,10.3135,0.5508
makkah_madinah.mp4.mov,4.400,110,3,13,3,0,0,10.3135,0.5668
makkah_madinah.mp4.mov,4.440,111,3,13,3,0,0,10.3135,0.5733
makkah_madinah.mp4.mov,4.480,112,3,13,3,0,0,10.3135,0.5816
makkah_madinah.mp4.mov,4.520,113,3,14,3,0,0,10.3135,0.4721
makkah_madinah.mp4.mov,4.560,114,2,14,2,0,0,6.8757,0.5228
makkah_madinah.mp4.mov,4.600,115,2,14,2,0,0,6.8757,0.6219
makkah_madinah.mp4.mov,4.640,116,2,14,2,0,0,6.8757,0.5466
makkah_madinah.mp4.mov,4.680,117,2,14,2,0,0,6.8757,0.6117
makkah_madinah.mp4.mov,4.720,118,4,15,4,0,0,13.7514,0.5046
makkah_madinah.mp4.mov,4.760,119,3,15,3,0,0,10.3135,0.5464
makkah_madinah.mp4.mov,4.800,120,2,15,2,0,0,6.8757,0.5157
makkah_madinah.mp4.mov,4.840,121,2,15,2,0,0,6.8757,0.4526
makkah_madinah.mp4.mov,4.880,122,3,15,3,0,0,10.3135,0.4433
makkah_madinah.mp4.mov,4.920,123,4,15,4,0,0,13.7514,0.4525
makkah_madinah.mp4.mov,4.960,124,2,15,2,0,0,6.8757,0.4613
makkah_madinah.mp4.mov,5.000,125,4,17,4,0,0,13.7514,0.452
makkah_madinah.mp4.mov,5.040,126,2,17,2,0,0,6.8757,0.5111
makkah_madinah.mp4.mov,5.080,127,2,17,2,0,0,6.8757,0.5189
makkah_madinah.mp4.mov,5.120,128,4,17,4,0,0,13.7514,0.4926
makkah_madinah.mp4.mov,5.160,129,4,17,4,0,0,13.7514,0.4902
makkah_madinah.mp4.mov,5.200,130,3,17,3,0,0,10.3135,0.5474
makkah_madinah.mp4.mov,5.240,131,4,17,4,0,0,13.7514,0.468
makkah_madinah.mp4.mov,5.280,132,2,17,2,0,0,6.8757,0.5228
makkah_madinah.mp4.mov,5.320,133,1,17,1,0,0,3.4378,0.3733
makkah_madinah.mp4.mov,5.360,134,0,17,0,0,0,0.0,0.0
makkah_madinah.mp4.mov,5.400,135,1,17,1,0,0,3.4378,0.4684
makkah_madinah.mp4.mov,5.440,136,3,17,3,0,0,10.3135,0.4298
makkah_madinah.mp4.mov,5.480,137,1,17,1,0,0,3.4378,0.5725
makkah_madinah.mp4.mov,5.520,138,2,17,2,0,0,6.8757,0.5659
makkah_madinah.mp4.mov,5.560,139,0,17,0,0,0,0.0,0.0
makkah_madinah.mp4.mov,5.600,140,0,17,0,0,0,0.0,0.0
makkah_madinah.mp4.mov,5.640,141,1,17,1,0,0,3.4378,0.3624
makkah_madinah.mp4.mov,5.680,142,0,17,0,0,0,0.0,0.0
makkah_madinah.mp4.mov,5.720,143,1,17,1,0,0,3.4378,0.4395
makkah_madinah.mp4.mov,5.760,144,1,17,1,0,0,3.4378,0.4652
makkah_madinah.mp4.mov,5.800,145,0,17,0,0,0,0.0,0.0
makkah_madinah.mp4.mov,5.840,146,1,17,1,0,0,3.4378,0.461
makkah_madinah.mp4.mov,5.880,147,1,17,1,0,0,3.4378,0.4268
makkah_madinah.mp4.mov,5.920,148,1,18,1,0,0,3.4378,0.4998
makkah_madinah.mp4.mov,5.960,149,1,18,1,0,0,3.4378,0.4265
makkah_madinah.mp4.mov,6.000,150,1,18,1,0,0,3.4378,0.4122
makkah_madinah.mp4.mov,6.040,151,0,18,0,0,0,0.0,0.0
makkah_madinah.mp4.mov,6.080,152,1,19,1,0,0,3.4378,0.4097
makkah_madinah.mp4.mov,6.120,153,0,19,0,0,0,0.0,0.0
makkah_madinah.mp4.mov,6.160,154,2,19,2,0,0,6.8757,0.4077
makkah_madinah.mp4.mov,6.200,155,2,19,2,0,0,6.8757,0.5783
makkah_madinah.mp4.mov,6.240,156,4,19,4,0,0,13.7514,0.4561
makkah_madinah.mp4.mov,6.280,157,2,19,2,0,0,6.8757,0.4717
makkah_madinah.mp4.mov,6.320,158,2,19,2,0,0,6.8757,0.5509
makkah_madinah.mp4.mov,6.360,159,2,19,2,0,0,6.8757,0.541
makkah_madinah.mp4.mov,6.400,160,2,20,2,0,0,6.8757,0.4161
makkah_madinah.mp4.mov,6.440,161,5,20,5,0,0,17.1892,0.487
makkah_madinah.mp4.mov,6.480,162,2,20,2,0,0,6.8757,0.4381
makkah_madinah.mp4.mov,6.520,163,3,20,3,0,0,10.3135,0.5048
makkah_madinah.mp4.mov,6.560,164,4,20,4,0,0,13.7514,0.5067
makkah_madinah.mp4.mov,6.600,165,5,21,5,0,0,17.1892,0.508
makkah_madinah.mp4.mov,6.640,166,1,21,1,0,0,3.4378,0.3858
makkah_madinah.mp4.mov,6.680,167,4,22,4,0,0,13.7514,0.4511
makkah_madinah.mp4.mov,6.720,168,2,22,2,0,0,6.8757,0.3619
makkah_madinah.mp4.mov,6.760,169,1,22,1,0,0,3.4378,0.3713
makkah_madinah.mp4.mov,6.800,170,1,22,1,0,0,3.4378,0.3836
makkah_madinah.mp4.mov,6.840,171,0,22,0,0,0,0.0,0.0
makkah_madinah.mp4.mov,6.880,172,0,22,0,0,0,0.0,0.0
makkah_madinah.mp4.mov,6.920,173,1,22,1,0,0,3.4378,0.3609
makkah_madinah.mp4.mov,6.960,174,2,23,2,0,0,6.8757,0.3972
makkah_madinah.mp4.mov,7.000,175,2,23,2,0,0,6.8757,0.5139
makkah_madinah.mp4.mov,7.040,176,2,23,2,0,0,6.8757,0.5702
makkah_madinah.mp4.mov,7.080,177,3,23,3,0,0,10.3135,0.5602
makkah_madinah.mp4.mov,7.120,178,4,23,4,0,0,13.7514,0.4906
makkah_madinah.mp4.mov,7.160,179,6,24,6,0,0,20.6271,0.4527
makkah_madinah.mp4.mov,7.200,180,4,24,4,0,0,13.7514,0.4742
makkah_madinah.mp4.mov,7.240,181,4,24,4,0,0,13.7514,0.5074
makkah_madinah.mp4.mov,7.280,182,3,24,3,0,0,10.3135,0.5612
makkah_madinah.mp4.mov,7.320,183,3,24,3,0,0,10.3135,0.4837
makkah_madinah.mp4.mov,7.360,184,3,24,3,0,0,10.3135,0.4187
makkah_madinah.mp4.mov,7.400,185,0,24,0,0,0,0.0,0.0
makkah_madinah.mp4.mov,7.440,186,2,24,2,0,0,6.8757,0.4125
makkah_madinah.mp4.mov,7.480,187,2,24,2,0,0,6.8757,0.4118
makkah_madinah.mp4.mov,7.520,188,1,24,1,0,0,3.4378,0.5683
makkah_madinah.mp4.mov,7.560,189,2,24,2,0,0,6.8757,0.3984
makkah_madinah.mp4.mov,7.600,190,2,24,2,0,0,6.8757,0.4813
makkah_madinah.mp4.mov,7.640,191,1,24,1,0,0,3.4378,0.5536
makkah_madinah.mp4.mov,7.680,192,3,24,3,0,0,10.3135,0.4598
makkah_madinah.mp4.mov,7.720,193,3,24,3,0,0,10.3135,0.5494
makkah_madinah.mp4.mov,7.760,194,3,24,3,0,0,10.3135,0.6356
makkah_madinah.mp4.mov,7.800,195,3,24,3,0,0,10.3135,0.5668
makkah_madinah.mp4.mov,7.840,196,2,24,2,0,0,6.8757,0.6417
makkah_madinah.mp4.mov,7.880,197,2,24,2,0,0,6.8757,0.5367
makkah_madinah.mp4.mov,7.920,198,1,24,1,0,0,3.4378,0.7062
makkah_madinah.mp4.mov,7.960,199,1,24,1,0,0,3.4378,0.7857
makkah_madinah.mp4.mov,8.000,200,2,24,2,0,0,6.8757,0.4891
makkah_madinah.mp4.mov,8.040,201,1,24,1,0,0,3.4378,0.6913
makkah_madinah.mp4.mov,8.080,202,1,24,1,0,0,3.4378,0.6479
makkah_madinah.mp4.mov,8.120,203,1,24,1,0,0,3.4378,0.5623
makkah_madinah.mp4.mov,8.160,204,0,24,0,0,0,0.0,0.0
makkah_madinah.mp4.mov,8.200,205,1,24,1,0,0,3.4378,0.3632
makkah_madinah.mp4.mov,8.240,206,3,25,3,0,0,10.3135,0.4476
makkah_madinah.mp4.mov,8.280,207,3,25,3,0,0,10.3135,0.4601
makkah_madinah.mp4.mov,8.320,208,2,26,2,0,0,6.8757,0.4269
makkah_madinah.mp4.mov,8.360,209,0,26,0,0,0,0.0,0.0
makkah_madinah.mp4.mov,8.400,210,4,26,4,0,0,13.7514,0.4393
makkah_madinah.mp4.mov,8.440,211,5,26,5,0,0,17.1892,0.4458
makkah_madinah.mp4.mov,8.480,212,3,26,3,0,0,10.3135,0.4208
makkah_madinah.mp4.mov,8.520,213,3,26,3,0,0,10.3135,0.4918
makkah_madinah.mp4.mov,8.560,214,2,26,2,0,0,6.8757,0.4733
makkah_madinah.mp4.mov,8.600,215,3,26,3,0,0,10.3135,0.473
makkah_madinah.mp4.mov,8.640,216,4,27,4,0,0,13.7514,0.5163
makkah_madinah.mp4.mov,8.680,217,2,27,2,0,0,6.8757,0.4056
makkah_madinah.mp4.mov,8.720,218,0,27,0,0,0,0.0,0.0
makkah_madinah.mp4.mov,8.760,219,0,27,0,0,0,0.0,0.0
makkah_madinah.mp4.mov,8.800,220,0,27,0,0,0,0.0,0.0
makkah_madinah.mp4.mov,8.840,221,0,27,0,0,0,0.0,0.0
makkah_madinah.mp4.mov,8.880,222,0,27,0,0,0,0.0,0.0
makkah_madinah.mp4.mov,8.920,223,0,27,0,0,0,0.0,0.0
makkah_madinah.mp4.mov,8.960,224,0,27,0,0,0,0.0,0.0
makkah_madinah.mp4.mov,9.000,225,0,27,0,0,0,0.0,0.0
makkah_madinah.mp4.mov,9.040,226,0,27,0,0,0,0.0,0.0
makkah_madinah.mp4.mov,9.080,227,0,27,0,0,0,0.0,0.0
makkah_madinah.mp4.mov,9.120,228,0,27,0,0,0,0.0,0.0
makkah_madinah.mp4.mov,9.160,229,0,27,0,0,0,0.0,0.0
makkah_madinah.mp4.mov,9.200,230,0,27,0,0,0,0.0,0.0
makkah_madinah.mp4.mov,9.240,231,0,27,0,0,0,0.0,0.0
makkah_madinah.mp4.mov,9.280,232,0,27,0,0,0,0.0,0.0
makkah_madinah.mp4.mov,9.320,233,0,27,0,0,0,0.0,0.0
makkah_madinah.mp4.mov,9.360,234,0,27,0,0,0,0.0,0.0
makkah_madinah.mp4.mov,9.400,235,0,27,0,0,0,0.0,0.0
makkah_madinah.mp4.mov,9.440,236,0,27,0,0,0,0.0,0.0
makkah_madinah.mp4.mov,9.480,237,0,27,0,0,0,0.0,0.0
makkah_madinah.mp4.mov,9.520,238,0,27,0,0,0,0.0,0.0
makkah_madinah.mp4.mov,9.560,239,0,27,0,0,0,0.0,0.0
makkah_madinah.mp4.mov,9.600,240,0,27,0,0,0,0.0,0.0
makkah_madinah.mp4.mov,9.640,241,0,27,0,0,0,0.0,0.0
makkah_madinah.mp4.mov,9.680,242,0,27,0,0,0,0.0,0.0
makkah_madinah.mp4.mov,9.720,243,0,27,0,0,0,0.0,0.0
makkah_madinah.mp4.mov,9.760,244,0,27,0,0,0,0.0,0.0
makkah_madinah.mp4.mov,9.800,245,0,27,0,0,0,0.0,0.0
makkah_madinah.mp4.mov,9.840,246,0,27,0,0,0,0.0,0.0
makkah_madinah.mp4.mov,9.880,247,0,27,0,0,0,0.0,0.0
makkah_madinah.mp4.mov,9.920,248,0,27,0,0,0,0.0,0.0
makkah_madinah.mp4.mov,9.960,249,0,27,0,0,0,0.0,0.0
makkah_madinah.mp4.mov,10.000,250,0,27,0,0,0,0.0,0.0
makkah_madinah.mp4.mov,10.040,251,0,27,0,0,0,0.0,0.0
makkah_madinah.mp4.mov,10.080,252,0,27,0,0,0,0.0,0.0
makkah_madinah.mp4.mov,10.120,253,0,27,0,0,0,0.0,0.0
makkah_madinah.mp4.mov,10.160,254,0,27,0,0,0,0.0,0.0
makkah_madinah.mp4.mov,10.200,255,0,27,0,0,0,0.0,0.0
makkah_madinah.mp4.mov,10.240,256,0,27,0,0,0,0.0,0.0
makkah_madinah.mp4.mov,10.280,257,0,27,0,0,0,0.0,0.0
makkah_madinah.mp4.mov,10.320,258,0,27,0,0,0,0.0,0.0
makkah_madinah.mp4.mov,10.360,259,0,27,0,0,0,0.0,0.0
makkah_madinah.mp4.mov,10.400,260,0,27,0,0,0,0.0,0.0
makkah_madinah.mp4.mov,10.440,261,0,27,0,0,0,0.0,0.0
makkah_madinah.mp4.mov,10.480,262,0,27,0,0,0,0.0,0.0
makkah_madinah.mp4.mov,10.520,263,0,27,0,0,0,0.0,0.0
makkah_madinah.mp4.mov,10.560,264,0,27,0,0,0,0.0,0.0
makkah_madinah.mp4.mov,10.600,265,0,27,0,0,0,0.0,0.0
makkah_madinah.mp4.mov,10.640,266,0,27,0,0,0,0.0,0.0
makkah_madinah.mp4.mov,10.680,267,0,27,0,0,0,0.0,0.0
makkah_madinah.mp4.mov,10.720,268,0,27,0,0,0,0.0,0.0
makkah_madinah.mp4.mov,10.760,269,0,27,0,0,0,0.0,0.0
makkah_madinah.mp4.mov,10.800,270,0,27,0,0,0,0.0,0.0
makkah_madinah.mp4.mov,10.840,271,0,27,0,0,0,0.0,0.0
makkah_madinah.mp4.mov,10.880,272,0,27,0,0,0,0.0,0.0
makkah_madinah.mp4.mov,10.920,273,0,27,0,0,0,0.0,0.0
makkah_madinah.mp4.mov,10.960,274,0,27,0,0,0,0.0,0.0
makkah_madinah.mp4.mov,11.000,275,0,27,0,0,0,0.0,0.0
makkah_madinah.mp4.mov,11.040,276,0,27,0,0,0,0.0,0.0
makkah_madinah.mp4.mov,11.080,277,0,27,0,0,0,0.0,0.0
makkah_madinah.mp4.mov,11.120,278,0,27,0,0,0,0.0,0.0
makkah_madinah.mp4.mov,11.160,279,0,27,0,0,0,0.0,0.0
makkah_madinah.mp4.mov,11.200,280,0,27,0,0,0,0.0,0.0
makkah_madinah.mp4.mov,11.240,281,0,27,0,0,0,0.0,0.0
makkah_madinah.mp4.mov,11.280,282,0,27,0,0,0,0.0,0.0
makkah_madinah.mp4.mov,11.320,283,0,27,0,0,0,0.0,0.0
makkah_madinah.mp4.mov,11.360,284,0,27,0,0,0,0.0,0.0
makkah_madinah.mp4.mov,11.400,285,0,27,0,0,0,0.0,0.0
makkah_madinah.mp4.mov,11.440,286,0,27,0,0,0,0.0,0.0
makkah_madinah.mp4.mov,11.480,287,0,27,0,0,0,0.0,0.0
makkah_madinah.mp4.mov,11.520,288,0,27,0,0,0,0.0,0.0
makkah_madinah.mp4.mov,11.560,289,0,27,0,0,0,0.0,0.0
makkah_madinah.mp4.mov,11.600,290,0,27,0,0,0,0.0,0.0
makkah_madinah.mp4.mov,11.640,291,0,27,0,0,0,0.0,0.0
makkah_madinah.mp4.mov,11.680,292,0,27,0,0,0,0.0,0.0
makkah_madinah.mp4.mov,11.720,293,0,27,0,0,0,0.0,0.0
makkah_madinah.mp4.mov,11.760,294,0,27,0,0,0,0.0,0.0
makkah_madinah.mp4.mov,11.800,295,0,27,0,0,0,0.0,0.0
makkah_madinah.mp4.mov,11.840,296,0,27,0,0,0,0.0,0.0
makkah_madinah.mp4.mov,11.880,297,0,27,0,0,0,0.0,0.0
makkah_madinah.mp4.mov,11.920,298,0,27,0,0,0,0.0,0.0
makkah_madinah.mp4.mov,11.960,299,0,27,0,0,0,0.0,0.0
makkah_madinah.mp4.mov,12.000,300,0,27,0,0,0,0.0,0.0
makkah_madinah.mp4.mov,12.040,301,0,27,0,0,0,0.0,0.0
makkah_madinah.mp4.mov,12.080,302,0,27,0,0,0,0.0,0.0
makkah_madinah.mp4.mov,12.120,303,0,27,0,0,0,0.0,0.0
makkah_madinah.mp4.mov,12.160,304,0,27,0,0,0,0.0,0.0
makkah_madinah.mp4.mov,12.200,305,0,27,0,0,0,0.0,0.0
makkah_madinah.mp4.mov,12.240,306,0,27,0,0,0,0.0,0.0
makkah_madinah.mp4.mov,12.280,307,0,27,0,0,0,0.0,0.0
makkah_madinah.mp4.mov,12.320,308,0,27,0,0,0,0.0,0.0
makkah_madinah.mp4.mov,12.360,309,0,27,0,0,0,0.0,0.0
makkah_madinah.mp4.mov,12.400,310,0,27,0,0,0,0.0,0.0
makkah_madinah.mp4.mov,12.440,311,0,27,0,0,0,0.0,0.0
makkah_madinah.mp4.mov,12.480,312,0,27,0,0,0,0.0,0.0
makkah_madinah.mp4.mov,12.520,313,0,27,0,0,0,0.0,0.0
makkah_madinah.mp4.mov,12.560,314,0,27,0,0,0,0.0,0.0
makkah_madinah.mp4.mov,12.600,315,0,27,0,0,0,0.0,0.0
makkah_madinah.mp4.mov,12.640,316,0,27,0,0,0,0.0,0.0
makkah_madinah.mp4.mov,12.680,317,0,27,0,0,0,0.0,0.0
makkah_madinah.mp4.mov,12.720,318,0,27,0,0,0,0.0,0.0
makkah_madinah.mp4.mov,12.760,319,0,27,0,0,0,0.0,0.0
makkah_madinah.mp4.mov,12.800,320,0,27,0,0,0,0.0,0.0
makkah_madinah.mp4.mov,12.840,321,0,27,0,0,0,0.0,0.0
makkah_madinah.mp4.mov,12.880,322,0,27,0,0,0,0.0,0.0
makkah_madinah.mp4.mov,12.920,323,0,27,0,0,0,0.0,0.0
makkah_madinah.mp4.mov,12.960,324,0,27,0,0,0,0.0,0.0
makkah_madinah.mp4.mov,13.000,325,0,27,0,0,0,0.0,0.0
makkah_madinah.mp4.mov,13.040,326,0,27,0,0,0,0.0,0.0
makkah_madinah.mp4.mov,13.080,327,0,27,0,0,0,0.0,0.0
makkah_madinah.mp4.mov,13.120,328,0,27,0,0,0,0.0,0.0
makkah_madinah.mp4.mov,13.160,329,0,27,0,0,0,0.0,0.0
makkah_madinah.mp4.mov,13.200,330,0,27,0,0,0,0.0,0.0
makkah_madinah.mp4.mov,13.240,331,0,27,0,0,0,0.0,0.0
makkah_madinah.mp4.mov,13.280,332,0,27,0,0,0,0.0,0.0
makkah_madinah.mp4.mov,13.320,333,0,27,0,0,0,0.0,0.0
makkah_madinah.mp4.mov,13.360,334,0,27,0,0,0,0.0,0.0
makkah_madinah.mp4.mov,13.400,335,0,27,0,0,0,0.0,0.0
makkah_madinah.mp4.mov,13.440,336,0,27,0,0,0,0.0,0.0
makkah_madinah.mp4.mov,13.480,337,0,27,0,0,0,0.0,0.0
makkah_madinah.mp4.mov,13.520,338,0,27,0,0,0,0.0,0.0
makkah_madinah.mp4.mov,13.560,339,0,27,0,0,0,0.0,0.0
makkah_madinah.mp4.mov,13.600,340,0,27,0,0,0,0.0,0.0
makkah_madinah.mp4.mov,13.640,341,0,27,0,0,0,0.0,0.0
makkah_madinah.mp4.mov,13.680,342,0,27,0,0,0,0.0,0.0
makkah_madinah.mp4.mov,13.720,343,0,27,0,0,0,0.0,0.0
makkah_madinah.mp4.mov,13.760,344,0,27,0,0,0,0.0,0.0
makkah_madinah.mp4.mov,13.800,345,0,27,0,0,0,0.0,0.0
makkah_madinah.mp4.mov,13.840,346,0,27,0,0,0,0.0,0.0
makkah_madinah.mp4.mov,13.880,347,0,27,0,0,0,0.0,0.0
makkah_madinah.mp4.mov,13.920,348,0,27,0,0,0,0.0,0.0
makkah_madinah.mp4.mov,13.960,349,0,27,0,0,0,0.0,0.0
makkah_madinah.mp4.mov,14.000,350,0,27,0,0,0,0.0,0.0
makkah_madinah.mp4.mov,14.040,351,0,27,0,0,0,0.0,0.0
makkah_madinah.mp4.mov,14.080,352,0,27,0,0,0,0.0,0.0
makkah_madinah.mp4.mov,14.120,353,0,27,0,0,0,0.0,0.0
makkah_madinah.mp4.mov,14.160,354,0,27,0,0,0,0.0,0.0
makkah_madinah.mp4.mov,14.200,355,0,27,0,0,0,0.0,0.0
makkah_madinah.mp4.mov,14.240,356,0,27,0,0,0,0.0,0.0
makkah_madinah.mp4.mov,14.280,357,0,27,0,0,0,0.0,0.0
makkah_madinah.mp4.mov,14.320,358,0,27,0,0,0,0.0,0.0
makkah_madinah.mp4.mov,14.360,359,0,27,0,0,0,0.0,0.0
makkah_madinah.mp4.mov,14.400,360,0,27,0,0,0,0.0,0.0
makkah_madinah.mp4.mov,14.440,361,0,27,0,0,0,0.0,0.0
makkah_madinah.mp4.mov,14.480,362,0,27,0,0,0,0.0,0.0
makkah_madinah.mp4.mov,14.520,363,0,27,0,0,0,0.0,0.0
makkah_madinah.mp4.mov,14.560,364,0,27,0,0,0,0.0,0.0
makkah_madinah.mp4.mov,14.600,365,0,27,0,0,0,0.0,0.0
makkah_madinah.mp4.mov,14.640,366,0,27,0,0,0,0.0,0.0
makkah_madinah.mp4.mov,14.680,367,0,27,0,0,0,0.0,0.0
makkah_madinah.mp4.mov,14.720,368,0,27,0,0,0,0.0,0.0
makkah_madinah.mp4.mov,14.760,369,0,27,0,0,0,0.0,0.0
makkah_madinah.mp4.mov,14.800,370,0,27,0,0,0,0.0,0.0
makkah_madinah.mp4.mov,14.840,371,0,27,0,0,0,0.0,0.0
makkah_madinah.mp4.mov,14.880,372,0,27,0,0,0,0.0,0.0
makkah_madinah.mp4.mov,14.920,373,0,27,0,0,0,0.0,0.0
makkah_madinah.mp4.mov,14.960,374,0,27,0,0,0,0.0,0.0
makkah_madinah.mp4.mov,15.000,375,0,27,0,0,0,0.0,0.0
makkah_madinah.mp4.mov,15.040,376,0,27,0,0,0,0.0,0.0
makkah_madinah.mp4.mov,15.080,377,0,27,0,0,0,0.0,0.0
makkah_madinah.mp4.mov,15.120,378,0,27,0,0,0,0.0,0.0
makkah_madinah.mp4.mov,15.160,379,0,27,0,0,0,0.0,0.0
makkah_madinah.mp4.mov,15.200,380,0,27,0,0,0,0.0,0.0
makkah_madinah.mp4.mov,15.240,381,0,27,0,0,0,0.0,0.0
makkah_madinah.mp4.mov,15.280,382,0,27,0,0,0,0.0,0.0
makkah_madinah.mp4.mov,15.320,383,0,27,0,0,0,0.0,0.0
makkah_madinah.mp4.mov,15.360,384,0,27,0,0,0,0.0,0.0
makkah_madinah.mp4.mov,15.400,385,0,27,0,0,0,0.0,0.0
makkah_madinah.mp4.mov,15.440,386,0,27,0,0,0,0.0,0.0
marathon.mp4.mov,0.040,1,0,0,0,0,0,0.0,0.0
marathon.mp4.mov,0.080,2,0,0,0,0,0,0.0,0.0
marathon.mp4.mov,0.120,3,0,0,0,0,0,0.0,0.0
marathon.mp4.mov,0.160,4,0,0,0,0,0,0.0,0.0
marathon.mp4.mov,0.200,5,0,0,0,0,0,0.0,0.0
marathon.mp4.mov,0.240,6,0,0,0,0,0,0.0,0.0
marathon.mp4.mov,0.280,7,0,0,0,0,0,0.0,0.0
marathon.mp4.mov,0.320,8,0,0,0,0,0,0.0,0.0
marathon.mp4.mov,0.360,9,0,0,0,0,0,0.0,0.0
marathon.mp4.mov,0.400,10,0,0,0,0,0,0.0,0.0
marathon.mp4.mov,0.440,11,0,0,0,0,0,0.0,0.0
marathon.mp4.mov,0.480,12,0,0,0,0,0,0.0,0.0
marathon.mp4.mov,0.520,13,1,1,1,0,0,3.4378,0.4116
marathon.mp4.mov,0.560,14,2,2,2,0,0,6.8757,0.3805
marathon.mp4.mov,0.600,15,0,2,0,0,0,0.0,0.0
marathon.mp4.mov,0.640,16,0,2,0,0,0,0.0,0.0
marathon.mp4.mov,0.680,17,0,2,0,0,0,0.0,0.0
marathon.mp4.mov,0.720,18,0,2,0,0,0,0.0,0.0
marathon.mp4.mov,0.760,19,0,2,0,0,0,0.0,0.0
marathon.mp4.mov,0.800,20,0,2,0,0,0,0.0,0.0
marathon.mp4.mov,0.840,21,1,2,1,0,0,3.4378,0.3653
marathon.mp4.mov,0.880,22,0,2,0,0,0,0.0,0.0
marathon.mp4.mov,0.920,23,0,2,0,0,0,0.0,0.0
marathon.mp4.mov,0.960,24,0,2,0,0,0,0.0,0.0
marathon.mp4.mov,1.000,25,0,2,0,0,0,0.0,0.0
marathon.mp4.mov,1.040,26,0,2,0,0,0,0.0,0.0
marathon.mp4.mov,1.080,27,0,2,0,0,0,0.0,0.0
marathon.mp4.mov,1.120,28,0,2,0,0,0,0.0,0.0
marathon.mp4.mov,1.160,29,0,2,0,0,0,0.0,0.0
marathon.mp4.mov,1.200,30,1,3,1,0,0,3.4378,0.427
marathon.mp4.mov,1.240,31,1,3,1,0,0,3.4378,0.4196
marathon.mp4.mov,1.280,32,0,3,0,0,0,0.0,0.0
marathon.mp4.mov,1.320,33,0,3,0,0,0,0.0,0.0
marathon.mp4.mov,1.360,34,0,3,0,0,0,0.0,0.0
marathon.mp4.mov,1.400,35,0,3,0,0,0,0.0,0.0
marathon.mp4.mov,1.440,36,1,3,1,0,0,3.4378,0.3699
marathon.mp4.mov,1.480,37,1,3,1,0,0,3.4378,0.3597
marathon.mp4.mov,1.520,38,0,3,0,0,0,0.0,0.0
marathon.mp4.mov,1.560,39,0,3,0,0,0,0.0,0.0
marathon.mp4.mov,1.600,40,0,3,0,0,0,0.0,0.0
marathon.mp4.mov,1.640,41,0,3,0,0,0,0.0,0.0
marathon.mp4.mov,1.680,42,0,3,0,0,0,0.0,0.0
marathon.mp4.mov,1.720,43,0,3,0,0,0,0.0,0.0
marathon.mp4.mov,1.760,44,0,3,0,0,0,0.0,0.0
marathon.mp4.mov,1.800,45,0,3,0,0,0,0.0,0.0
marathon.mp4.mov,1.840,46,0,3,0,0,0,0.0,0.0
marathon.mp4.mov,1.880,47,0,3,0,0,0,0.0,0.0
marathon.mp4.mov,1.920,48,0,3,0,0,0,0.0,0.0
marathon.mp4.mov,1.960,49,0,3,0,0,0,0.0,0.0
marathon.mp4.mov,2.000,50,0,3,0,0,0,0.0,0.0
marathon.mp4.mov,2.040,51,0,3,0,0,0,0.0,0.0
marathon.mp4.mov,2.080,52,0,3,0,0,0,0.0,0.0
marathon.mp4.mov,2.120,53,0,3,0,0,0,0.0,0.0
marathon.mp4.mov,2.160,54,0,3,0,0,0,0.0,0.0
marathon.mp4.mov,2.200,55,0,3,0,0,0,0.0,0.0
marathon.mp4.mov,2.240,56,0,3,0,0,0,0.0,0.0
marathon.mp4.mov,2.280,57,0,3,0,0,0,0.0,0.0
marathon.mp4.mov,2.320,58,0,3,0,0,0,0.0,0.0
marathon.mp4.mov,2.360,59,0,3,0,0,0,0.0,0.0
marathon.mp4.mov,2.400,60,0,3,0,0,0,0.0,0.0
marathon.mp4.mov,2.440,61,0,3,0,0,0,0.0,0.0
marathon.mp4.mov,2.480,62,0,3,0,0,0,0.0,0.0
marathon.mp4.mov,2.520,63,0,3,0,0,0,0.0,0.0
marathon.mp4.mov,2.560,64,0,3,0,0,0,0.0,0.0
marathon.mp4.mov,2.600,65,0,3,0,0,0,0.0,0.0
marathon.mp4.mov,2.640,66,1,3,1,0,0,3.4378,0.4247
marathon.mp4.mov,2.680,67,1,3,1,0,0,3.4378,0.4849
marathon.mp4.mov,2.720,68,1,3,1,0,0,3.4378,0.5017
marathon.mp4.mov,2.760,69,1,3,1,0,0,3.4378,0.4234
marathon.mp4.mov,2.800,70,0,3,0,0,0,0.0,0.0
marathon.mp4.mov,2.840,71,0,3,0,0,0,0.0,0.0
marathon.mp4.mov,2.880,72,1,3,1,0,0,3.4378,0.4194
marathon.mp4.mov,2.920,73,0,3,0,0,0,0.0,0.0
marathon.mp4.mov,2.960,74,0,3,0,0,0,0.0,0.0
marathon.mp4.mov,3.000,75,0,3,0,0,0,0.0,0.0
marathon.mp4.mov,3.040,76,0,3,0,0,0,0.0,0.0
marathon.mp4.mov,3.080,77,0,3,0,0,0,0.0,0.0
marathon.mp4.mov,3.120,78,0,3,0,0,0,0.0,0.0
marathon.mp4.mov,3.160,79,0,3,0,0,0,0.0,0.0
marathon.mp4.mov,3.200,80,1,3,1,0,0,3.4378,0.3757
marathon.mp4.mov,3.240,81,0,3,0,0,0,0.0,0.0
marathon.mp4.mov,3.280,82,0,3,0,0,0,0.0,0.0
marathon.mp4.mov,3.320,83,0,3,0,0,0,0.0,0.0
marathon.mp4.mov,3.360,84,0,3,0,0,0,0.0,0.0
marathon.mp4.mov,3.400,85,0,3,0,0,0,0.0,0.0
marathon.mp4.mov,3.440,86,0,3,0,0,0,0.0,0.0
marathon.mp4.mov,3.480,87,0,3,0,0,0,0.0,0.0
marathon.mp4.mov,3.520,88,0,3,0,0,0,0.0,0.0
marathon.mp4.mov,3.560,89,0,3,0,0,0,0.0,0.0
marathon.mp4.mov,3.600,90,0,3,0,0,0,0.0,0.0
marathon.mp4.mov,3.640,91,0,3,0,0,0,0.0,0.0
marathon.mp4.mov,3.680,92,0,3,0,0,0,0.0,0.0
marathon.mp4.mov,3.720,93,0,3,0,0,0,0.0,0.0
marathon.mp4.mov,3.760,94,0,3,0,0,0,0.0,0.0
marathon.mp4.mov,3.800,95,0,3,0,0,0,0.0,0.0
marathon.mp4.mov,3.840,96,0,3,0,0,0,0.0,0.0
marathon.mp4.mov,3.880,97,0,3,0,0,0,0.0,0.0
marathon.mp4.mov,3.920,98,0,3,0,0,0,0.0,0.0
marathon.mp4.mov,3.960,99,0,3,0,0,0,0.0,0.0
marathon.mp4.mov,4.000,100,0,3,0,0,0,0.0,0.0
marathon.mp4.mov,4.040,101,0,3,0,0,0,0.0,0.0
marathon.mp4.mov,4.080,102,0,3,0,0,0,0.0,0.0
marathon.mp4.mov,4.120,103,0,3,0,0,0,0.0,0.0
marathon.mp4.mov,4.160,104,0,3,0,0,0,0.0,0.0
marathon.mp4.mov,4.200,105,0,3,0,0,0,0.0,0.0
marathon.mp4.mov,4.240,106,0,3,0,0,0,0.0,0.0
marathon.mp4.mov,4.280,107,0,3,0,0,0,0.0,0.0
marathon.mp4.mov,4.320,108,0,3,0,0,0,0.0,0.0
marathon.mp4.mov,4.360,109,0,3,0,0,0,0.0,0.0
marathon.mp4.mov,4.400,110,0,3,0,0,0,0.0,0.0
marathon.mp4.mov,4.440,111,0,3,0,0,0,0.0,0.0
marathon.mp4.mov,4.480,112,0,3,0,0,0,0.0,0.0
marathon.mp4.mov,4.520,113,0,3,0,0,0,0.0,0.0
marathon.mp4.mov,4.560,114,0,3,0,0,0,0.0,0.0
marathon.mp4.mov,4.600,115,0,3,0,0,0,0.0,0.0
marathon.mp4.mov,4.640,116,0,3,0,0,0,0.0,0.0
marathon.mp4.mov,4.680,117,0,3,0,0,0,0.0,0.0
marathon.mp4.mov,4.720,118,0,3,0,0,0,0.0,0.0
marathon.mp4.mov,4.760,119,0,3,0,0,0,0.0,0.0
marathon.mp4.mov,4.800,120,0,3,0,0,0,0.0,0.0
marathon.mp4.mov,4.840,121,0,3,0,0,0,0.0,0.0
marathon.mp4.mov,4.880,122,0,3,0,0,0,0.0,0.0
marathon.mp4.mov,4.920,123,0,3,0,0,0,0.0,0.0
marathon.mp4.mov,4.960,124,0,3,0,0,0,0.0,0.0
marathon.mp4.mov,5.000,125,0,3,0,0,0,0.0,0.0
marathon.mp4.mov,5.040,126,0,3,0,0,0,0.0,0.0
marathon.mp4.mov,5.080,127,0,3,0,0,0,0.0,0.0
marathon.mp4.mov,5.120,128,0,3,0,0,0,0.0,0.0
marathon.mp4.mov,5.160,129,0,3,0,0,0,0.0,0.0
marathon.mp4.mov,5.200,130,0,3,0,0,0,0.0,0.0
marathon.mp4.mov,5.240,131,0,3,0,0,0,0.0,0.0
marathon.mp4.mov,5.280,132,0,3,0,0,0,0.0,0.0
marathon.mp4.mov,5.320,133,0,3,0,0,0,0.0,0.0
marathon.mp4.mov,5.360,134,0,3,0,0,0,0.0,0.0
marathon.mp4.mov,5.400,135,0,3,0,0,0,0.0,0.0
marathon.mp4.mov,5.440,136,0,3,0,0,0,0.0,0.0
marathon.mp4.mov,5.480,137,0,3,0,0,0,0.0,0.0
marathon.mp4.mov,5.520,138,0,3,0,0,0,0.0,0.0
marathon.mp4.mov,5.560,139,0,3,0,0,0,0.0,0.0
marathon.mp4.mov,5.600,140,0,3,0,0,0,0.0,0.0
marathon.mp4.mov,5.640,141,0,3,0,0,0,0.0,0.0
marathon.mp4.mov,5.680,142,0,3,0,0,0,0.0,0.0
marathon.mp4.mov,5.720,143,0,3,0,0,0,0.0,0.0
marathon.mp4.mov,5.760,144,0,3,0,0,0,0.0,0.0
marathon.mp4.mov,5.800,145,0,3,0,0,0,0.0,0.0
marathon.mp4.mov,5.840,146,0,3,0,0,0,0.0,0.0
marathon.mp4.mov,5.880,147,0,3,0,0,0,0.0,0.0
marathon.mp4.mov,5.920,148,0,3,0,0,0,0.0,0.0
marathon.mp4.mov,5.960,149,0,3,0,0,0,0.0,0.0
marathon.mp4.mov,6.000,150,0,3,0,0,0,0.0,0.0
marathon.mp4.mov,6.040,151,0,3,0,0,0,0.0,0.0
marathon.mp4.mov,6.080,152,0,3,0,0,0,0.0,0.0
marathon.mp4.mov,6.120,153,0,3,0,0,0,0.0,0.0
marathon.mp4.mov,6.160,154,0,3,0,0,0,0.0,0.0
marathon.mp4.mov,6.200,155,0,3,0,0,0,0.0,0.0
marathon.mp4.mov,6.240,156,0,3,0,0,0,0.0,0.0
marathon.mp4.mov,6.280,157,0,3,0,0,0,0.0,0.0
marathon.mp4.mov,6.320,158,0,3,0,0,0,0.0,0.0
marathon.mp4.mov,6.360,159,0,3,0,0,0,0.0,0.0
marathon.mp4.mov,6.400,160,0,3,0,0,0,0.0,0.0
marathon.mp4.mov,6.440,161,0,3,0,0,0,0.0,0.0
marathon.mp4.mov,6.480,162,0,3,0,0,0,0.0,0.0
marathon.mp4.mov,6.520,163,0,3,0,0,0,0.0,0.0
marathon.mp4.mov,6.560,164,0,3,0,0,0,0.0,0.0
marathon.mp4.mov,6.600,165,0,3,0,0,0,0.0,0.0
marathon.mp4.mov,6.640,166,0,3,0,0,0,0.0,0.0
marathon.mp4.mov,6.680,167,0,3,0,0,0,0.0,0.0
marathon.mp4.mov,6.720,168,0,3,0,0,0,0.0,0.0
marathon.mp4.mov,6.760,169,0,3,0,0,0,0.0,0.0
marathon.mp4.mov,6.800,170,0,3,0,0,0,0.0,0.0
marathon.mp4.mov,6.840,171,0,3,0,0,0,0.0,0.0
marathon.mp4.mov,6.880,172,0,3,0,0,0,0.0,0.0
marathon.mp4.mov,6.920,173,0,3,0,0,0,0.0,0.0
marathon.mp4.mov,6.960,174,0,3,0,0,0,0.0,0.0
marathon.mp4.mov,7.000,175,0,3,0,0,0,0.0,0.0
marathon.mp4.mov,7.040,176,0,3,0,0,0,0.0,0.0
marathon.mp4.mov,7.080,177,1,4,1,0,0,3.4378,0.4614
marathon.mp4.mov,7.120,178,1,4,1,0,0,3.4378,0.4084
marathon.mp4.mov,7.160,179,1,4,1,0,0,3.4378,0.3882
marathon.mp4.mov,7.200,180,1,4,1,0,0,3.4378,0.4014
marathon.mp4.mov,7.240,181,0,4,0,0,0,0.0,0.0
marathon.mp4.mov,7.280,182,0,4,0,0,0,0.0,0.0
marathon.mp4.mov,7.320,183,0,4,0,0,0,0.0,0.0
marathon.mp4.mov,7.360,184,0,4,0,0,0,0.0,0.0
marathon.mp4.mov,7.400,185,0,4,0,0,0,0.0,0.0
marathon.mp4.mov,7.440,186,0,4,0,0,0,0.0,0.0
marathon.mp4.mov,7.480,187,0,4,0,0,0,0.0,0.0
marathon.mp4.mov,7.520,188,0,4,0,0,0,0.0,0.0
marathon.mp4.mov,7.560,189,0,4,0,0,0,0.0,0.0
marathon.mp4.mov,7.600,190,0,4,0,0,0,0.0,0.0
marathon.mp4.mov,7.640,191,0,4,0,0,0,0.0,0.0
marathon.mp4.mov,7.680,192,0,4,0,0,0,0.0,0.0
marathon.mp4.mov,7.720,193,0,4,0,0,0,0.0,0.0
marathon.mp4.mov,7.760,194,0,4,0,0,0,0.0,0.0
marathon.mp4.mov,7.800,195,0,4,0,0,0,0.0,0.0
marathon.mp4.mov,7.840,196,0,4,0,0,0,0.0,0.0
marathon.mp4.mov,7.880,197,0,4,0,0,0,0.0,0.0
marathon.mp4.mov,7.920,198,0,4,0,0,0,0.0,0.0
marathon.mp4.mov,7.960,199,0,4,0,0,0,0.0,0.0
marathon.mp4.mov,8.000,200,0,4,0,0,0,0.0,0.0
marathon.mp4.mov,8.040,201,0,4,0,0,0,0.0,0.0
marathon.mp4.mov,8.080,202,0,4,0,0,0,0.0,0.0
marathon.mp4.mov,8.120,203,0,4,0,0,0,0.0,0.0
marathon.mp4.mov,8.160,204,0,4,0,0,0,0.0,0.0
marathon.mp4.mov,8.200,205,0,4,0,0,0,0.0,0.0
marathon.mp4.mov,8.240,206,0,4,0,0,0,0.0,0.0
marathon.mp4.mov,8.280,207,0,4,0,0,0,0.0,0.0
marathon.mp4.mov,8.320,208,0,4,0,0,0,0.0,0.0
marathon.mp4.mov,8.360,209,0,4,0,0,0,0.0,0.0
marathon.mp4.mov,8.400,210,0,4,0,0,0,0.0,0.0
marathon.mp4.mov,8.440,211,0,4,0,0,0,0.0,0.0
marathon.mp4.mov,8.480,212,0,4,0,0,0,0.0,0.0
marathon.mp4.mov,8.520,213,0,4,0,0,0,0.0,0.0
marathon.mp4.mov,8.560,214,0,4,0,0,0,0.0,0.0
marathon.mp4.mov,8.600,215,0,4,0,0,0,0.0,0.0
marathon.mp4.mov,8.640,216,0,4,0,0,0,0.0,0.0
marathon.mp4.mov,8.680,217,0,4,0,0,0,0.0,0.0
marathon.mp4.mov,8.720,218,0,4,0,0,0,0.0,0.0
marathon.mp4.mov,8.760,219,0,4,0,0,0,0.0,0.0
marathon.mp4.mov,8.800,220,0,4,0,0,0,0.0,0.0
marathon.mp4.mov,8.840,221,0,4,0,0,0,0.0,0.0
marathon.mp4.mov,8.880,222,0,4,0,0,0,0.0,0.0
marathon.mp4.mov,8.920,223,0,4,0,0,0,0.0,0.0
marathon.mp4.mov,8.960,224,0,4,0,0,0,0.0,0.0
marathon.mp4.mov,9.000,225,1,5,1,0,0,3.4378,0.4509
marathon.mp4.mov,9.040,226,0,5,0,0,0,0.0,0.0
marathon.mp4.mov,9.080,227,0,5,0,0,0,0.0,0.0
marathon.mp4.mov,9.120,228,1,5,1,0,0,3.4378,0.3877
marathon.mp4.mov,9.160,229,0,5,0,0,0,0.0,0.0
marathon.mp4.mov,9.200,230,0,5,0,0,0,0.0,0.0
marathon.mp4.mov,9.240,231,0,5,0,0,0,0.0,0.0
marathon.mp4.mov,9.280,232,0,5,0,0,0,0.0,0.0
marathon.mp4.mov,9.320,233,0,5,0,0,0,0.0,0.0
marathon.mp4.mov,9.360,234,0,5,0,0,0,0.0,0.0
marathon.mp4.mov,9.400,235,0,5,0,0,0,0.0,0.0
marathon.mp4.mov,9.440,236,0,5,0,0,0,0.0,0.0
marathon.mp4.mov,9.480,237,0,5,0,0,0,0.0,0.0
marathon.mp4.mov,9.520,238,0,5,0,0,0,0.0,0.0
marathon.mp4.mov,9.560,239,0,5,0,0,0,0.0,0.0
marathon.mp4.mov,9.600,240,0,5,0,0,0,0.0,0.0
marathon.mp4.mov,9.640,241,0,5,0,0,0,0.0,0.0
marathon.mp4.mov,9.680,242,0,5,0,0,0,0.0,0.0
marathon.mp4.mov,9.720,243,0,5,0,0,0,0.0,0.0
marathon.mp4.mov,9.760,244,0,5,0,0,0,0.0,0.0
marathon.mp4.mov,9.800,245,0,5,0,0,0,0.0,0.0
marathon.mp4.mov,9.840,246,0,5,0,0,0,0.0,0.0
marathon.mp4.mov,9.880,247,0,5,0,0,0,0.0,0.0
marathon.mp4.mov,9.920,248,0,5,0,0,0,0.0,0.0
marathon.mp4.mov,9.960,249,0,5,0,0,0,0.0,0.0
marathon.mp4.mov,10.000,250,1,6,1,0,0,3.4378,0.377
marathon.mp4.mov,10.040,251,0,6,0,0,0,0.0,0.0
marathon.mp4.mov,10.080,252,0,6,0,0,0,0.0,0.0
marathon.mp4.mov,10.120,253,0,6,0,0,0,0.0,0.0
marathon.mp4.mov,10.160,254,0,6,0,0,0,0.0,0.0
marathon.mp4.mov,10.200,255,0,6,0,0,0,0.0,0.0
marathon.mp4.mov,10.240,256,0,6,0,0,0,0.0,0.0
marathon.mp4.mov,10.280,257,0,6,0,0,0,0.0,0.0
marathon.mp4.mov,10.320,258,0,6,0,0,0,0.0,0.0
marathon.mp4.mov,10.360,259,1,7,1,0,0,3.4378,0.3622
marathon.mp4.mov,10.400,260,1,7,1,0,0,3.4378,0.3577
marathon.mp4.mov,10.440,261,0,7,0,0,0,0.0,0.0
marathon.mp4.mov,10.480,262,0,7,0,0,0,0.0,0.0
marathon.mp4.mov,10.520,263,0,7,0,0,0,0.0,0.0
marathon.mp4.mov,10.560,264,0,7,0,0,0,0.0,0.0
marathon.mp4.mov,10.600,265,0,7,0,0,0,0.0,0.0
marathon.mp4.mov,10.640,266,0,7,0,0,0,0.0,0.0
marathon.mp4.mov,10.680,267,0,7,0,0,0,0.0,0.0
marathon.mp4.mov,10.720,268,1,8,1,0,0,3.4378,0.4549
marathon.mp4.mov,10.760,269,0,8,0,0,0,0.0,0.0
marathon.mp4.mov,10.800,270,0,8,0,0,0,0.0,0.0
marathon.mp4.mov,10.840,271,0,8,0,0,0,0.0,0.0
marathon.mp4.mov,10.880,272,0,8,0,0,0,0.0,0.0
marathon.mp4.mov,10.920,273,0,8,0,0,0,0.0,0.0
marathon.mp4.mov,10.960,274,0,8,0,0,0,0.0,0.0
marathon.mp4.mov,11.000,275,0,8,0,0,0,0.0,0.0
marathon.mp4.mov,11.040,276,0,8,0,0,0,0.0,0.0
marathon.mp4.mov,11.080,277,0,8,0,0,0,0.0,0.0
marathon.mp4.mov,11.120,278,0,8,0,0,0,0.0,0.0
marathon.mp4.mov,11.160,279,0,8,0,0,0,0.0,0.0
marathon.mp4.mov,11.200,280,0,8,0,0,0,0.0,0.0
marathon.mp4.mov,11.240,281,0,8,0,0,0,0.0,0.0
marathon.mp4.mov,11.280,282,0,8,0,0,0,0.0,0.0
marathon.mp4.mov,11.320,283,0,8,0,0,0,0.0,0.0
marathon.mp4.mov,11.360,284,0,8,0,0,0,0.0,0.0
marathon.mp4.mov,11.400,285,0,8,0,0,0,0.0,0.0
marathon.mp4.mov,11.440,286,0,8,0,0,0,0.0,0.0
marathon.mp4.mov,11.480,287,0,8,0,0,0,0.0,0.0
marathon.mp4.mov,11.520,288,0,8,0,0,0,0.0,0.0
marathon.mp4.mov,11.560,289,0,8,0,0,0,0.0,0.0
marathon.mp4.mov,11.600,290,0,8,0,0,0,0.0,0.0
marathon.mp4.mov,11.640,291,0,8,0,0,0,0.0,0.0
marathon.mp4.mov,11.680,292,0,8,0,0,0,0.0,0.0
marathon.mp4.mov,11.720,293,0,8,0,0,0,0.0,0.0
marathon.mp4.mov,11.760,294,0,8,0,0,0,0.0,0.0
marathon.mp4.mov,11.800,295,0,8,0,0,0,0.0,0.0
marathon.mp4.mov,11.840,296,0,8,0,0,0,0.0,0.0
marathon.mp4.mov,11.880,297,0,8,0,0,0,0.0,0.0
marathon.mp4.mov,11.920,298,0,8,0,0,0,0.0,0.0
marathon.mp4.mov,11.960,299,0,8,0,0,0,0.0,0.0
marathon.mp4.mov,12.000,300,0,8,0,0,0,0.0,0.0
marathon.mp4.mov,12.040,301,0,8,0,0,0,0.0,0.0
marathon.mp4.mov,12.080,302,0,8,0,0,0,0.0,0.0
marathon.mp4.mov,12.120,303,1,9,1,0,0,3.4378,0.3838
marathon.mp4.mov,12.160,304,0,9,0,0,0,0.0,0.0
marathon.mp4.mov,12.200,305,0,9,0,0,0,0.0,0.0
marathon.mp4.mov,12.240,306,1,10,1,0,0,3.4378,0.4086
marathon.mp4.mov,12.280,307,0,10,0,0,0,0.0,0.0
marathon.mp4.mov,12.320,308,0,10,0,0,0,0.0,0.0
marathon.mp4.mov,12.360,309,0,10,0,0,0,0.0,0.0
marathon.mp4.mov,12.400,310,0,10,0,0,0,0.0,0.0
marathon.mp4.mov,12.440,311,0,10,0,0,0,0.0,0.0
marathon.mp4.mov,12.480,312,0,10,0,0,0,0.0,0.0
marathon.mp4.mov,12.520,313,0,10,0,0,0,0.0,0.0
marathon.mp4.mov,12.560,314,0,10,0,0,0,0.0,0.0
marathon.mp4.mov,12.600,315,0,10,0,0,0,0.0,0.0
marathon.mp4.mov,12.640,316,0,10,0,0,0,0.0,0.0
marathon.mp4.mov,12.680,317,0,10,0,0,0,0.0,0.0
marathon.mp4.mov,12.720,318,0,10,0,0,0,0.0,0.0
marathon.mp4.mov,12.760,319,0,10,0,0,0,0.0,0.0
marathon.mp4.mov,12.800,320,0,10,0,0,0,0.0,0.0
marathon.mp4.mov,12.840,321,0,10,0,0,0,0.0,0.0
marathon.mp4.mov,12.880,322,0,10,0,0,0,0.0,0.0
marathon.mp4.mov,12.920,323,0,10,0,0,0,0.0,0.0
marathon.mp4.mov,12.960,324,1,11,1,0,0,3.4378,0.3677
marathon.mp4.mov,13.000,325,1,11,1,0,0,3.4378,0.4163
marathon.mp4.mov,13.040,326,1,11,1,0,0,3.4378,0.3967
marathon.mp4.mov,13.080,327,0,11,0,0,0,0.0,0.0
marathon.mp4.mov,13.120,328,0,11,0,0,0,0.0,0.0
marathon.mp4.mov,13.160,329,0,11,0,0,0,0.0,0.0
marathon.mp4.mov,13.200,330,0,11,0,0,0,0.0,0.0
marathon.mp4.mov,13.240,331,0,11,0,0,0,0.0,0.0
marathon.mp4.mov,13.280,332,0,11,0,0,0,0.0,0.0
marathon.mp4.mov,13.320,333,0,11,0,0,0,0.0,0.0
marathon.mp4.mov,13.360,334,0,11,0,0,0,0.0,0.0
marathon.mp4.mov,13.400,335,0,11,0,0,0,0.0,0.0
marathon.mp4.mov,13.440,336,1,11,1,0,0,3.4378,0.4074
marathon.mp4.mov,13.480,337,1,11,1,0,0,3.4378,0.3842
marathon.mp4.mov,13.520,338,0,11,0,0,0,0.0,0.0
marathon.mp4.mov,13.560,339,1,11,1,0,0,3.4378,0.4197
marathon.mp4.mov,13.600,340,1,11,1,0,0,3.4378,0.3515
marathon.mp4.mov,13.640,341,0,11,0,0,0,0.0,0.0
marathon.mp4.mov,13.680,342,0,11,0,0,0,0.0,0.0
marathon.mp4.mov,13.720,343,0,11,0,0,0,0.0,0.0
marathon.mp4.mov,13.760,344,0,11,0,0,0,0.0,0.0
marathon.mp4.mov,13.800,345,0,11,0,0,0,0.0,0.0
marathon.mp4.mov,13.840,346,0,11,0,0,0,0.0,0.0
marathon.mp4.mov,13.880,347,0,11,0,0,0,0.0,0.0
marathon.mp4.mov,13.920,348,0,11,0,0,0,0.0,0.0
marathon.mp4.mov,13.960,349,0,11,0,0,0,0.0,0.0
marathon.mp4.mov,14.000,350,0,11,0,0,0,0.0,0.0
marathon.mp4.mov,14.040,351,0,11,0,0,0,0.0,0.0
marathon.mp4.mov,14.080,352,0,11,0,0,0,0.0,0.0
marathon.mp4.mov,14.120,353,0,11,0,0,0,0.0,0.0
marathon.mp4.mov,14.160,354,0,11,0,0,0,0.0,0.0
marathon.mp4.mov,14.200,355,0,11,0,0,0,0.0,0.0
marathon.mp4.mov,14.240,356,0,11,0,0,0,0.0,0.0
marathon.mp4.mov,14.280,357,0,11,0,0,0,0.0,0.0
marathon.mp4.mov,14.320,358,0,11,0,0,0,0.0,0.0
marathon.mp4.mov,14.360,359,0,11,0,0,0,0.0,0.0
marathon.mp4.mov,14.400,360,0,11,0,0,0,0.0,0.0
marathon.mp4.mov,14.440,361,0,11,0,0,0,0.0,0.0
marathon.mp4.mov,14.480,362,0,11,0,0,0,0.0,0.0
marathon.mp4.mov,14.520,363,0,11,0,0,0,0.0,0.0
marathon.mp4.mov,14.560,364,0,11,0,0,0,0.0,0.0
marathon.mp4.mov,14.600,365,0,11,0,0,0,0.0,0.0
marathon.mp4.mov,14.640,366,0,11,0,0,0,0.0,0.0
marathon.mp4.mov,14.680,367,0,11,0,0,0,0.0,0.0
marathon.mp4.mov,14.720,368,0,11,0,0,0,0.0,0.0
marathon.mp4.mov,14.760,369,0,11,0,0,0,0.0,0.0
marathon.mp4.mov,14.800,370,0,11,0,0,0,0.0,0.0
marathon.mp4.mov,14.840,371,0,11,0,0,0,0.0,0.0
marathon.mp4.mov,14.880,372,0,11,0,0,0,0.0,0.0
marathon.mp4.mov,14.920,373,0,11,0,0,0,0.0,0.0
marathon.mp4.mov,14.960,374,0,11,0,0,0,0.0,0.0
marathon.mp4.mov,15.000,375,0,11,0,0,0,0.0,0.0
marathon.mp4.mov,15.040,376,0,11,0,0,0,0.0,0.0
marathon.mp4.mov,15.080,377,0,11,0,0,0,0.0,0.0
marathon.mp4.mov,15.120,378,0,11,0,0,0,0.0,0.0
marathon.mp4.mov,15.160,379,0,11,0,0,0,0.0,0.0
marathon.mp4.mov,15.200,380,0,11,0,0,0,0.0,0.0
marathon.mp4.mov,15.240,381,0,11,0,0,0,0.0,0.0
marathon.mp4.mov,15.280,382,0,11,0,0,0,0.0,0.0
marathon.mp4.mov,15.320,383,0,11,0,0,0,0.0,0.0
marathon.mp4.mov,15.360,384,0,11,0,0,0,0.0,0.0
marathon.mp4.mov,15.400,385,0,11,0,0,0,0.0,0.0
marathon.mp4.mov,15.440,386,0,11,0,0,0,0.0,0.0
marathon.mp4.mov,15.480,387,0,11,0,0,0,0.0,0.0
marathon.mp4.mov,15.520,388,0,11,0,0,0,0.0,0.0
marathon.mp4.mov,15.560,389,0,11,0,0,0,0.0,0.0
marathon.mp4.mov,15.600,390,0,11,0,0,0,0.0,0.0
marathon.mp4.mov,15.640,391,0,11,0,0,0,0.0,0.0
marathon.mp4.mov,15.680,392,1,12,1,0,0,3.4378,0.3703
marathon.mp4.mov,15.720,393,1,12,1,0,0,3.4378,0.3726
marathon.mp4.mov,15.760,394,1,12,1,0,0,3.4378,0.4282
marathon.mp4.mov,15.800,395,0,12,0,0,0,0.0,0.0
marathon.mp4.mov,15.840,396,1,12,1,0,0,3.4378,0.3875
marathon.mp4.mov,15.880,397,0,12,0,0,0,0.0,0.0
marathon.mp4.mov,15.920,398,0,12,0,0,0,0.0,0.0
marathon.mp4.mov,15.960,399,0,12,0,0,0,0.0,0.0
marathon.mp4.mov,16.000,400,1,12,1,0,0,3.4378,0.358
marathon.mp4.mov,16.040,401,0,12,0,0,0,0.0,0.0
marathon.mp4.mov,16.080,402,0,12,0,0,0,0.0,0.0
marathon.mp4.mov,16.120,403,0,12,0,0,0,0.0,0.0
marathon.mp4.mov,16.160,404,0,12,0,0,0,0.0,0.0
marathon.mp4.mov,16.200,405,0,12,0,0,0,0.0,0.0
marathon.mp4.mov,16.240,406,0,12,0,0,0,0.0,0.0
marathon.mp4.mov,16.280,407,1,12,1,0,0,3.4378,0.4184
marathon.mp4.mov,16.320,408,1,12,1,0,0,3.4378,0.4282
marathon.mp4.mov,16.360,409,1,12,1,0,0,3.4378,0.4802
marathon.mp4.mov,16.400,410,1,12,1,0,0,3.4378,0.4651
marathon.mp4.mov,16.440,411,1,12,1,0,0,3.4378,0.3514
marathon.mp4.mov,16.480,412,0,12,0,0,0,0.0,0.0
marathon.mp4.mov,16.520,413,0,12,0,0,0,0.0,0.0
marathon.mp4.mov,16.560,414,0,12,0,0,0,0.0,0.0
marathon.mp4.mov,16.600,415,0,12,0,0,0,0.0,0.0
marathon.mp4.mov,16.640,416,0,12,0,0,0,0.0,0.0
marathon.mp4.mov,16.680,417,0,12,0,0,0,0.0,0.0
marathon.mp4.mov,16.720,418,0,12,0,0,0,0.0,0.0
marathon.mp4.mov,16.760,419,1,13,1,0,0,3.4378,0.4491
marathon.mp4.mov,16.800,420,0,13,0,0,0,0.0,0.0
marathon.mp4.mov,16.840,421,0,13,0,0,0,0.0,0.0
marathon.mp4.mov,16.880,422,0,13,0,0,0,0.0,0.0
marathon.mp4.mov,16.920,423,0,13,0,0,0,0.0,0.0
marathon.mp4.mov,16.960,424,0,13,0,0,0,0.0,0.0
marathon.mp4.mov,17.000,425,0,13,0,0,0,0.0,0.0
marathon.mp4.mov,17.040,426,0,13,0,0,0,0.0,0.0
marathon.mp4.mov,17.080,427,0,13,0,0,0,0.0,0.0
marathon.mp4.mov,17.120,428,0,13,0,0,0,0.0,0.0
marathon.mp4.mov,17.160,429,0,13,0,0,0,0.0,0.0
marathon.mp4.mov,17.200,430,0,13,0,0,0,0.0,0.0
marathon.mp4.mov,17.240,431,0,13,0,0,0,0.0,0.0
marathon.mp4.mov,17.280,432,0,13,0,0,0,0.0,0.0
marathon.mp4.mov,17.320,433,0,13,0,0,0,0.0,0.0
marathon.mp4.mov,17.360,434,0,13,0,0,0,0.0,0.0
marathon.mp4.mov,17.400,435,0,13,0,0,0,0.0,0.0
marathon.mp4.mov,17.440,436,0,13,0,0,0,0.0,0.0
marathon.mp4.mov,17.480,437,0,13,0,0,0,0.0,0.0
marathon.mp4.mov,17.520,438,0,13,0,0,0,0.0,0.0
marathon.mp4.mov,17.560,439,0,13,0,0,0,0.0,0.0
marathon.mp4.mov,17.600,440,0,13,0,0,0,0.0,0.0
marathon.mp4.mov,17.640,441,0,13,0,0,0,0.0,0.0
marathon.mp4.mov,17.680,442,0,13,0,0,0,0.0,0.0
marathon.mp4.mov,17.720,443,0,13,0,0,0,0.0,0.0
marathon.mp4.mov,17.760,444,0,13,0,0,0,0.0,0.0
marathon.mp4.mov,17.800,445,0,13,0,0,0,0.0,0.0
marathon.mp4.mov,17.840,446,0,13,0,0,0,0.0,0.0
marathon.mp4.mov,17.880,447,0,13,0,0,0,0.0,0.0
marathon.mp4.mov,17.920,448,0,13,0,0,0,0.0,0.0
marathon.mp4.mov,17.960,449,0,13,0,0,0,0.0,0.0
marathon.mp4.mov,18.000,450,0,13,0,0,0,0.0,0.0
marathon.mp4.mov,18.040,451,0,13,0,0,0,0.0,0.0
marathon.mp4.mov,18.080,452,0,13,0,0,0,0.0,0.0
marathon.mp4.mov,18.120,453,0,13,0,0,0,0.0,0.0
marathon.mp4.mov,18.160,454,1,14,1,0,0,3.4378,0.5636
marathon.mp4.mov,18.200,455,1,14,1,0,0,3.4378,0.6002
marathon.mp4.mov,18.240,456,0,14,0,0,0,0.0,0.0
marathon.mp4.mov,18.280,457,0,14,0,0,0,0.0,0.0
marathon.mp4.mov,18.320,458,0,14,0,0,0,0.0,0.0
marathon.mp4.mov,18.360,459,0,14,0,0,0,0.0,0.0
marathon.mp4.mov,18.400,460,0,14,0,0,0,0.0,0.0
marathon.mp4.mov,18.440,461,0,14,0,0,0,0.0,0.0
marathon.mp4.mov,18.480,462,0,14,0,0,0,0.0,0.0
marathon.mp4.mov,18.520,463,0,14,0,0,0,0.0,0.0
marathon.mp4.mov,18.560,464,0,14,0,0,0,0.0,0.0
walking_front.mp4.mp4,0.033,1,9,9,9,0,0,21.9555,0.7585
walking_front.mp4.mp4,0.067,2,9,9,9,0,0,21.9555,0.7585
walking_front.mp4.mp4,0.100,3,9,9,9,0,0,21.9555,0.7585
walking_front.mp4.mp4,0.133,4,9,9,9,0,0,21.9555,0.7373
walking_front.mp4.mp4,0.167,5,10,10,10,0,0,24.395,0.7297
walking_front.mp4.mp4,0.200,6,10,10,10,0,0,24.395,0.7672
walking_front.mp4.mp4,0.234,7,10,10,10,0,0,24.395,0.759
walking_front.mp4.mp4,0.267,8,10,10,10,0,0,24.395,0.7806
walking_front.mp4.mp4,0.300,9,10,10,10,0,0,24.395,0.7764
walking_front.mp4.mp4,0.334,10,10,10,10,0,0,24.395,0.777
walking_front.mp4.mp4,0.367,11,10,10,10,0,0,24.395,0.745
walking_front.mp4.mp4,0.400,12,11,11,11,0,0,26.8345,0.6865
walking_front.mp4.mp4,0.434,13,11,11,11,0,0,26.8345,0.6906
walking_front.mp4.mp4,0.467,14,9,11,9,0,0,21.9555,0.7627
walking_front.mp4.mp4,0.501,15,9,11,9,0,0,21.9555,0.7385
walking_front.mp4.mp4,0.534,16,9,11,9,0,0,21.9555,0.7287
walking_front.mp4.mp4,0.567,17,10,12,10,0,0,24.395,0.7133
walking_front.mp4.mp4,0.601,18,9,12,9,0,0,21.9555,0.7509
walking_front.mp4.mp4,0.634,19,9,12,9,0,0,21.9555,0.7611
walking_front.mp4.mp4,0.667,20,9,12,9,0,0,21.9555,0.7434
walking_front.mp4.mp4,0.701,21,9,12,9,0,0,21.9555,0.7397
walking_front.mp4.mp4,0.734,22,9,12,9,0,0,21.9555,0.7383
walking_front.mp4.mp4,0.767,23,10,14,10,0,0,24.395,0.7222
walking_front.mp4.mp4,0.801,24,10,14,10,0,0,24.395,0.7417
walking_front.mp4.mp4,0.834,25,10,14,10,0,0,24.395,0.7252
walking_front.mp4.mp4,0.868,26,11,15,11,0,0,26.8345,0.7258
walking_front.mp4.mp4,0.901,27,11,15,11,0,0,26.8345,0.7371
walking_front.mp4.mp4,0.934,28,12,15,12,0,0,29.274,0.7058
walking_front.mp4.mp4,0.968,29,11,15,11,0,0,26.8345,0.741
walking_front.mp4.mp4,1.001,30,12,16,12,0,0,29.274,0.7182
walking_front.mp4.mp4,1.034,31,10,16,10,0,0,24.395,0.7765
walking_front.mp4.mp4,1.068,32,11,16,11,0,0,26.8345,0.7479
walking_front.mp4.mp4,1.101,33,10,16,10,0,0,24.395,0.7984
walking_front.mp4.mp4,1.134,34,11,16,11,0,0,26.8345,0.757
walking_front.mp4.mp4,1.168,35,11,16,11,0,0,26.8345,0.7546
walking_front.mp4.mp4,1.201,36,10,16,10,0,0,24.395,0.792
walking_front.mp4.mp4,1.235,37,10,16,10,0,0,24.395,0.78
walking_front.mp4.mp4,1.268,38,9,16,9,0,0,21.9555,0.8204
walking_front.mp4.mp4,1.301,39,10,17,10,0,0,24.395,0.7762
walking_front.mp4.mp4,1.335,40,10,17,10,0,0,24.395,0.7895
walking_front.mp4.mp4,1.368,41,11,17,11,0,0,26.8345,0.7685
walking_front.mp4.mp4,1.401,42,11,17,11,0,0,26.8345,0.7636
walking_front.mp4.mp4,1.435,43,10,17,10,0,0,24.395,0.791
walking_front.mp4.mp4,1.468,44,10,17,10,0,0,24.395,0.7846
walking_front.mp4.mp4,1.502,45,10,17,10,0,0,24.395,0.7812
walking_front.mp4.mp4,1.535,46,10,17,10,0,0,24.395,0.7806
walking_front.mp4.mp4,1.568,47,11,18,11,0,0,26.8345,0.758
walking_front.mp4.mp4,1.602,48,11,18,11,0,0,26.8345,0.7726
walking_front.mp4.mp4,1.635,49,11,18,11,0,0,26.8345,0.7797
walking_front.mp4.mp4,1.668,50,11,18,11,0,0,26.8345,0.7766
walking_front.mp4.mp4,1.702,51,12,18,12,0,0,29.274,0.7534
walking_front.mp4.mp4,1.735,52,12,18,12,0,0,29.274,0.7616
walking_front.mp4.mp4,1.768,53,12,18,12,0,0,29.274,0.7463
walking_front.mp4.mp4,1.802,54,11,18,11,0,0,26.8345,0.768
walking_front.mp4.mp4,1.835,55,10,18,10,0,0,24.395,0.7953
walking_front.mp4.mp4,1.869,56,11,18,11,0,0,26.8345,0.7584
walking_front.mp4.mp4,1.902,57,12,19,12,0,0,29.274,0.7397
walking_front.mp4.mp4,1.935,58,12,19,12,0,0,29.274,0.7417
walking_front.mp4.mp4,1.969,59,12,19,12,0,0,29.274,0.7554
walking_front.mp4.mp4,2.002,60,13,20,13,0,0,31.7135,0.7373
walking_front.mp4.mp4,2.035,61,14,20,14,0,0,34.153,0.703
walking_front.mp4.mp4,2.069,62,14,20,14,0,0,34.153,0.6943
walking_front.mp4.mp4,2.102,63,14,20,14,0,0,34.153,0.6872
walking_front.mp4.mp4,2.135,64,14,20,14,0,0,34.153,0.6704
walking_front.mp4.mp4,2.169,65,13,20,13,0,0,31.7135,0.7129
walking_front.mp4.mp4,2.202,66,13,20,13,0,0,31.7135,0.6859
walking_front.mp4.mp4,2.236,67,12,20,12,0,0,29.274,0.7546
walking_front.mp4.mp4,2.269,68,12,20,12,0,0,29.274,0.7306
walking_front.mp4.mp4,2.302,69,12,20,12,0,0,29.274,0.7401
walking_front.mp4.mp4,2.336,70,12,21,12,0,0,29.274,0.7164
walking_front.mp4.mp4,2.369,71,11,21,11,0,0,26.8345,0.7418
walking_front.mp4.mp4,2.402,72,11,21,11,0,0,26.8345,0.7363
walking_front.mp4.mp4,2.436,73,11,22,11,0,0,26.8345,0.7467
walking_front.mp4.mp4,2.469,74,12,22,12,0,0,29.274,0.6992
walking_front.mp4.mp4,2.502,75,12,22,12,0,0,29.274,0.6846
walking_front.mp4.mp4,2.536,76,10,22,10,0,0,24.395,0.738
walking_front.mp4.mp4,2.569,77,9,22,9,0,0,21.9555,0.7516
walking_front.mp4.mp4,2.603,78,9,22,9,0,0,21.9555,0.7477
walking_front.mp4.mp4,2.636,79,9,22,9,0,0,21.9555,0.753
walking_front.mp4.mp4,2.669,80,10,22,10,0,0,24.395,0.7036
walking_front.mp4.mp4,2.703,81,10,23,10,0,0,24.395,0.7146
walking_front.mp4.mp4,2.736,82,10,23,10,0,0,24.395,0.7535
walking_front.mp4.mp4,2.769,83,10,23,10,0,0,24.395,0.7489
walking_front.mp4.mp4,2.803,84,10,23,10,0,0,24.395,0.7624
walking_front.mp4.mp4,2.836,85,10,23,10,0,0,24.395,0.7483
walking_front.mp4.mp4,2.870,86,11,24,11,0,0,26.8345,0.7461
walking_front.mp4.mp4,2.903,87,11,24,11,0,0,26.8345,0.7521
walking_front.mp4.mp4,2.936,88,10,24,10,0,0,24.395,0.7803
walking_front.mp4.mp4,2.970,89,11,24,11,0,0,26.8345,0.7386
walking_front.mp4.mp4,3.003,90,10,24,10,0,0,24.395,0.7715
walking_front.mp4.mp4,3.036,91,10,24,10,0,0,24.395,0.7835
walking_front.mp4.mp4,3.070,92,10,24,10,0,0,24.395,0.7966
walking_front.mp4.mp4,3.103,93,10,24,10,0,0,24.395,0.793
walking_front.mp4.mp4,3.136,94,10,24,10,0,0,24.395,0.7719
walking_front.mp4.mp4,3.170,95,11,24,11,0,0,26.8345,0.7168
walking_front.mp4.mp4,3.203,96,12,25,12,0,0,29.274,0.6991
walking_front.mp4.mp4,3.237,97,11,25,11,0,0,26.8345,0.7236
walking_front.mp4.mp4,3.270,98,13,26,13,0,0,31.7135,0.6732
walking_front.mp4.mp4,3.303,99,13,27,13,0,0,31.7135,0.7044
walking_front.mp4.mp4,3.337,100,13,27,13,0,0,31.7135,0.712
walking_front.mp4.mp4,3.370,101,13,27,13,0,0,31.7135,0.7281
walking_front.mp4.mp4,3.403,102,12,27,12,0,0,29.274,0.7464
walking_front.mp4.mp4,3.437,103,12,27,12,0,0,29.274,0.7413
walking_front.mp4.mp4,3.470,104,11,27,11,0,0,26.8345,0.7449
walking_front.mp4.mp4,3.504,105,10,27,10,0,0,24.395,0.7733
walking_front.mp4.mp4,3.537,106,10,27,10,0,0,24.395,0.7351
walking_front.mp4.mp4,3.570,107,10,27,10,0,0,24.395,0.7396
walking_front.mp4.mp4,3.604,108,11,28,11,0,0,26.8345,0.7153
walking_front.mp4.mp4,3.637,109,11,28,11,0,0,26.8345,0.6953
walking_front.mp4.mp4,3.670,110,12,29,12,0,0,29.274,0.7024
walking_front.mp4.mp4,3.704,111,12,29,12,0,0,29.274,0.6925
walking_front.mp4.mp4,3.737,112,12,29,12,0,0,29.274,0.6964
walking_front.mp4.mp4,3.770,113,12,29,12,0,0,29.274,0.6997
walking_front.mp4.mp4,3.804,114,12,29,12,0,0,29.274,0.6646
walking_front.mp4.mp4,3.837,115,10,29,10,0,0,24.395,0.704
walking_front.mp4.mp4,3.871,116,9,29,9,0,0,21.9555,0.717
walking_front.mp4.mp4,3.904,117,11,30,11,0,0,26.8345,0.653
walking_front.mp4.mp4,3.937,118,12,31,12,0,0,29.274,0.6472
walking_front.mp4.mp4,3.971,119,12,32,12,0,0,29.274,0.6571
walking_front.mp4.mp4,4.004,120,11,32,11,0,0,26.8345,0.7031
walking_front.mp4.mp4,4.037,121,13,34,13,0,0,31.7135,0.6566
walking_front.mp4.mp4,4.071,122,11,34,11,0,0,26.8345,0.7045
walking_front.mp4.mp4,4.104,123,10,34,10,0,0,24.395,0.7312
walking_front.mp4.mp4,4.137,124,11,34,11,0,0,26.8345,0.7411
walking_front.mp4.mp4,4.171,125,11,34,11,0,0,26.8345,0.7421
walking_front.mp4.mp4,4.204,126,12,34,12,0,0,29.274,0.7046
walking_front.mp4.mp4,4.238,127,12,34,12,0,0,29.274,0.7232
walking_front.mp4.mp4,4.271,128,12,34,12,0,0,29.274,0.7437
walking_front.mp4.mp4,4.304,129,12,34,12,0,0,29.274,0.7277
walking_front.mp4.mp4,4.338,130,12,34,12,0,0,29.274,0.7276
walking_front.mp4.mp4,4.371,131,10,34,10,0,0,24.395,0.7793
walking_front.mp4.mp4,4.404,132,10,34,10,0,0,24.395,0.7855
walking_front.mp4.mp4,4.438,133,13,35,13,0,0,31.7135,0.6756
walking_front.mp4.mp4,4.471,134,12,35,12,0,0,29.274,0.702
walking_front.mp4.mp4,4.505,135,12,35,12,0,0,29.274,0.713
walking_front.mp4.mp4,4.538,136,12,35,12,0,0,29.274,0.7271
walking_front.mp4.mp4,4.571,137,10,35,10,0,0,24.395,0.7733
walking_front.mp4.mp4,4.605,138,11,35,11,0,0,26.8345,0.7622
walking_front.mp4.mp4,4.638,139,11,35,11,0,0,26.8345,0.7547
walking_front.mp4.mp4,4.671,140,11,36,11,0,0,26.8345,0.7774
walking_front.mp4.mp4,4.705,141,12,36,12,0,0,29.274,0.7434
walking_front.mp4.mp4,4.738,142,11,36,11,0,0,26.8345,0.7632
walking_front.mp4.mp4,4.771,143,11,36,11,0,0,26.8345,0.7536
walking_front.mp4.mp4,4.805,144,11,36,11,0,0,26.8345,0.7463
walking_front.mp4.mp4,4.838,145,11,36,11,0,0,26.8345,0.7395
walking_front.mp4.mp4,4.872,146,10,36,10,0,0,24.395,0.7496
walking_front.mp4.mp4,4.905,147,10,36,10,0,0,24.395,0.7612
walking_front.mp4.mp4,4.938,148,11,36,11,0,0,26.8345,0.718
walking_front.mp4.mp4,4.972,149,9,36,9,0,0,21.9555,0.7767
walking_front.mp4.mp4,5.005,150,8,36,8,0,0,19.516,0.7819
walking_front.mp4.mp4,5.038,151,10,37,10,0,0,24.395,0.7067
walking_front.mp4.mp4,5.072,152,9,37,9,0,0,21.9555,0.7398
walking_front.mp4.mp4,5.105,153,10,37,10,0,0,24.395,0.7405
walking_front.mp4.mp4,5.138,154,10,37,10,0,0,24.395,0.7326
walking_front.mp4.mp4,5.172,155,10,37,10,0,0,24.395,0.7331
walking_front.mp4.mp4,5.205,156,10,37,10,0,0,24.395,0.7494
walking_front.mp4.mp4,5.239,157,9,37,9,0,0,21.9555,0.7845
walking_front.mp4.mp4,5.272,158,9,37,9,0,0,21.9555,0.7819
walking_front.mp4.mp4,5.305,159,10,37,10,0,0,24.395,0.736
walking_front.mp4.mp4,5.339,160,12,39,12,0,0,29.274,0.7005
walking_front.mp4.mp4,5.372,161,12,40,12,0,0,29.274,0.7201
walking_front.mp4.mp4,5.405,162,13,41,13,0,0,31.7135,0.7002
walking_front.mp4.mp4,5.439,163,12,41,12,0,0,29.274,0.7212
walking_front.mp4.mp4,5.472,164,14,42,14,0,0,34.153,0.6634
walking_front.mp4.mp4,5.506,165,14,42,14,0,0,34.153,0.6815
walking_front.mp4.mp4,5.539,166,13,42,13,0,0,31.7135,0.6896
walking_front.mp4.mp4,5.572,167,13,42,13,0,0,31.7135,0.6869
walking_front.mp4.mp4,5.606,168,11,42,11,0,0,26.8345,0.7059
walking_front.mp4.mp4,5.639,169,11,42,11,0,0,26.8345,0.7115
walking_front.mp4.mp4,5.672,170,12,42,12,0,0,29.274,0.6879
walking_front.mp4.mp4,5.706,171,11,42,11,0,0,26.8345,0.7279
walking_front.mp4.mp4,5.739,172,11,42,11,0,0,26.8345,0.7113
walking_front.mp4.mp4,5.772,173,11,42,11,0,0,26.8345,0.7203
walking_front.mp4.mp4,5.806,174,12,42,12,0,0,29.274,0.7
walking_front.mp4.mp4,5.839,175,13,43,13,0,0,31.7135,0.7055
walking_front.mp4.mp4,5.873,176,14,44,14,0,0,34.153,0.6767
walking_front.mp4.mp4,5.906,177,13,44,13,0,0,31.7135,0.684
walking_front.mp4.mp4,5.939,178,13,44,13,0,0,31.7135,0.6918
walking_front.mp4.mp4,5.973,179,12,44,12,0,0,29.274,0.7196
walking_front.mp4.mp4,6.006,180,12,44,12,0,0,29.274,0.7135
walking_front.mp4.mp4,6.039,181,12,44,12,0,0,29.274,0.7302
walking_front.mp4.mp4,6.073,182,12,44,12,0,0,29.274,0.7298
walking_front.mp4.mp4,6.106,183,13,45,13,0,0,31.7135,0.7105
walking_front.mp4.mp4,6.139,184,13,45,13,0,0,31.7135,0.7211
walking_front.mp4.mp4,6.173,185,14,46,14,0,0,34.153,0.6947
walking_front.mp4.mp4,6.206,186,14,47,14,0,0,34.153,0.6932
walking_front.mp4.mp4,6.240,187,14,47,14,0,0,34.153,0.6961
walking_front.mp4.mp4,6.273,188,13,47,13,0,0,31.7135,0.6726
walking_front.mp4.mp4,6.306,189,12,47,12,0,0,29.274,0.6805
walking_front.mp4.mp4,6.340,190,12,47,12,0,0,29.274,0.6855
walking_front.mp4.mp4,6.373,191,12,47,12,0,0,29.274,0.6986
walking_front.mp4.mp4,6.406,192,12,47,12,0,0,29.274,0.7063
walking_front.mp4.mp4,6.440,193,14,47,14,0,0,34.153,0.6615
walking_front.mp4.mp4,6.473,194,14,48,14,0,0,34.153,0.6673
walking_front.mp4.mp4,6.506,195,13,48,13,0,0,31.7135,0.7155
walking_front.mp4.mp4,6.540,196,14,48,14,0,0,34.153,0.6807
walking_front.mp4.mp4,6.573,197,14,48,14,0,0,34.153,0.6736
walking_front.mp4.mp4,6.607,198,13,48,13,0,0,31.7135,0.7209
walking_front.mp4.mp4,6.640,199,12,48,12,0,0,29.274,0.7325
walking_front.mp4.mp4,6.673,200,12,48,12,0,0,29.274,0.7326
walking_front.mp4.mp4,6.707,201,12,48,12,0,0,29.274,0.7228
walking_front.mp4.mp4,6.740,202,13,49,13,0,0,31.7135,0.7346
walking_front.mp4.mp4,6.773,203,13,49,13,0,0,31.7135,0.7344
walking_front.mp4.mp4,6.807,204,13,49,13,0,0,31.7135,0.728
walking_front.mp4.mp4,6.840,205,13,49,13,0,0,31.7135,0.7145
walking_front.mp4.mp4,6.874,206,13,49,13,0,0,31.7135,0.712
walking_front.mp4.mp4,6.907,207,12,49,12,0,0,29.274,0.7518
walking_front.mp4.mp4,6.940,208,14,51,14,0,0,34.153,0.7156
walking_front.mp4.mp4,6.974,209,14,51,14,0,0,34.153,0.7209
walking_front.mp4.mp4,7.007,210,15,51,15,0,0,36.5925,0.711
walking_front.mp4.mp4,7.040,211,14,51,14,0,0,34.153,0.7119
walking_front.mp4.mp4,7.074,212,13,51,13,0,0,31.7135,0.7149
walking_front.mp4.mp4,7.107,213,13,52,13,0,0,31.7135,0.6682
walking_front.mp4.mp4,7.140,214,12,52,12,0,0,29.274,0.7118
walking_front.mp4.mp4,7.174,215,13,52,13,0,0,31.7135,0.6868
walking_front.mp4.mp4,7.207,216,13,52,13,0,0,31.7135,0.683
walking_front.mp4.mp4,7.241,217,13,52,13,0,0,31.7135,0.7001
walking_front.mp4.mp4,7.274,218,13,52,13,0,0,31.7135,0.6853
walking_front.mp4.mp4,7.307,219,13,52,13,0,0,31.7135,0.675
walking_front.mp4.mp4,7.341,220,11,52,11,0,0,26.8345,0.7191
walking_front.mp4.mp4,7.374,221,12,52,12,0,0,29.274,0.6929
walking_front.mp4.mp4,7.407,222,11,53,11,0,0,26.8345,0.7285
walking_front.mp4.mp4,7.441,223,11,53,11,0,0,26.8345,0.7446
walking_front.mp4.mp4,7.474,224,11,53,11,0,0,26.8345,0.7427
walking_front.mp4.mp4,7.508,225,12,53,12,0,0,29.274,0.7146
walking_front.mp4.mp4,7.541,226,12,53,12,0,0,29.274,0.7319
walking_front.mp4.mp4,7.574,227,11,53,11,0,0,26.8345,0.7275
walking_front.mp4.mp4,7.608,228,11,53,11,0,0,26.8345,0.7271
walking_front.mp4.mp4,7.641,229,10,54,10,0,0,24.395,0.7415
walking_front.mp4.mp4,7.674,230,10,54,10,0,0,24.395,0.7489
walking_front.mp4.mp4,7.708,231,11,54,11,0,0,26.8345,0.6661
walking_front.mp4.mp4,7.741,232,11,54,11,0,0,26.8345,0.6706
walking_front.mp4.mp4,7.774,233,10,55,10,0,0,24.395,0.7305
walking_front.mp4.mp4,7.808,234,11,56,11,0,0,26.8345,0.6959
walking_front.mp4.mp4,7.841,235,10,56,10,0,0,24.395,0.7381
walking_front.mp4.mp4,7.875,236,13,57,13,0,0,31.7135,0.6534
walking_front.mp4.mp4,7.908,237,13,57,13,0,0,31.7135,0.6547
walking_front.mp4.mp4,7.941,238,13,58,13,0,0,31.7135,0.6339
walking_front.mp4.mp4,7.975,239,12,58,12,0,0,29.274,0.6583
walking_front.mp4.mp4,8.008,240,12,59,12,0,0,29.274,0.6667
walking_front.mp4.mp4,8.041,241,13,59,13,0,0,31.7135,0.6829
walking_front.mp4.mp4,8.075,242,13,59,13,0,0,31.7135,0.7021
walking_front.mp4.mp4,8.108,243,13,59,13,0,0,31.7135,0.7048
walking_front.mp4.mp4,8.141,244,13,59,13,0,0,31.7135,0.7032
walking_front.mp4.mp4,8.175,245,14,59,14,0,0,34.153,0.6777
walking_front.mp4.mp4,8.208,246,15,60,15,0,0,36.5925,0.6631
walking_front.mp4.mp4,8.242,247,13,60,13,0,0,31.7135,0.6697
walking_front.mp4.mp4,8.275,248,14,60,14,0,0,34.153,0.6571
walking_front.mp4.mp4,8.308,249,14,60,14,0,0,34.153,0.6596
walking_front.mp4.mp4,8.342,250,14,60,14,0,0,34.153,0.6578
walking_front.mp4.mp4,8.375,251,12,60,12,0,0,29.274,0.6845
walking_front.mp4.mp4,8.408,252,12,61,12,0,0,29.274,0.6913
walking_front.mp4.mp4,8.442,253,13,61,13,0,0,31.7135,0.6718
walking_front.mp4.mp4,8.475,254,13,61,13,0,0,31.7135,0.649
walking_front.mp4.mp4,8.508,255,12,61,12,0,0,29.274,0.6935
walking_front.mp4.mp4,8.542,256,12,61,12,0,0,29.274,0.7058
walking_front.mp4.mp4,8.575,257,14,62,14,0,0,34.153,0.6479
walking_front.mp4.mp4,8.609,258,14,62,14,0,0,34.153,0.6616
walking_front.mp4.mp4,8.642,259,13,62,13,0,0,31.7135,0.6797
walking_front.mp4.mp4,8.675,260,14,63,14,0,0,34.153,0.6528
walking_front.mp4.mp4,8.709,261,13,63,13,0,0,31.7135,0.6704
walking_front.mp4.mp4,8.742,262,14,63,14,0,0,34.153,0.6283
walking_front.mp4.mp4,8.775,263,11,63,11,0,0,26.8345,0.7034
walking_front.mp4.mp4,8.809,264,11,63,11,0,0,26.8345,0.7097
walking_front.mp4.mp4,8.842,265,13,63,13,0,0,31.7135,0.6582
walking_front.mp4.mp4,8.876,266,13,64,13,0,0,31.7135,0.6524
walking_front.mp4.mp4,8.909,267,13,64,13,0,0,31.7135,0.6598
walking_front.mp4.mp4,8.942,268,13,64,13,0,0,31.7135,0.6688
walking_front.mp4.mp4,8.976,269,13,64,13,0,0,31.7135,0.6675
walking_front.mp4.mp4,9.009,270,13,64,13,0,0,31.7135,0.6721
walking_front.mp4.mp4,9.042,271,12,64,12,0,0,29.274,0.6887
walking_front.mp4.mp4,9.076,272,14,66,14,0,0,34.153,0.6634
walking_front.mp4.mp4,9.109,273,15,66,15,0,0,36.5925,0.6424
walking_front.mp4.mp4,9.142,274,14,66,14,0,0,34.153,0.6831
walking_front.mp4.mp4,9.176,275,14,66,14,0,0,34.153,0.6784
walking_front.mp4.mp4,9.209,276,13,66,13,0,0,31.7135,0.7017
walking_front.mp4.mp4,9.243,277,13,66,13,0,0,31.7135,0.6923
walking_front.mp4.mp4,9.276,278,14,66,14,0,0,34.153,0.6838
walking_front.mp4.mp4,9.309,279,14,66,14,0,0,34.153,0.6803
walking_front.mp4.mp4,9.343,280,13,66,13,0,0,31.7135,0.6805
walking_front.mp4.mp4,9.376,281,11,66,11,0,0,26.8345,0.7215
walking_front.mp4.mp4,9.409,282,12,66,12,0,0,29.274,0.6855
walking_front.mp4.mp4,9.443,283,12,66,12,0,0,29.274,0.6997
walking_front.mp4.mp4,9.476,284,13,66,13,0,0,31.7135,0.6787
walking_front.mp4.mp4,9.510,285,13,67,13,0,0,31.7135,0.6901
walking_front.mp4.mp4,9.543,286,13,67,13,0,0,31.7135,0.6716
walking_front.mp4.mp4,9.576,287,14,67,14,0,0,34.153,0.651
walking_front.mp4.mp4,9.610,288,10,67,10,0,0,24.395,0.7562
walking_front.mp4.mp4,9.643,289,13,67,13,0,0,31.7135,0.6671
walking_front.mp4.mp4,9.676,290,12,67,12,0,0,29.274,0.707
walking_front.mp4.mp4,9.710,291,12,67,12,0,0,29.274,0.7206
walking_front.mp4.mp4,9.743,292,12,67,12,0,0,29.274,0.721
walking_front.mp4.mp4,9.776,293,13,68,13,0,0,31.7135,0.6919
walking_front.mp4.mp4,9.810,294,13,68,13,0,0,31.7135,0.6891
walking_front.mp4.mp4,9.843,295,13,68,13,0,0,31.7135,0.6668
walking_front.mp4.mp4,9.877,296,14,69,14,0,0,34.153,0.6439
walking_front.mp4.mp4,9.910,297,14,69,14,0,0,34.153,0.6385
walking_front.mp4.mp4,9.943,298,13,69,13,0,0,31.7135,0.662
walking_front.mp4.mp4,9.977,299,13,69,13,0,0,31.7135,0.6708
walking_front.mp4.mp4,10.010,300,13,69,13,0,0,31.7135,0.6873
walking_front.mp4.mp4,10.043,301,13,69,13,0,0,31.7135,0.6861
walking_front.mp4.mp4,10.077,302,13,69,13,0,0,31.7135,0.6864
walking_front.mp4.mp4,10.110,303,14,70,14,0,0,34.153,0.6634
walking_front.mp4.mp4,10.143,304,14,70,14,0,0,34.153,0.6739
walking_front.mp4.mp4,10.177,305,14,70,14,0,0,34.153,0.6751
walking_front.mp4.mp4,10.210,306,13,70,13,0,0,31.7135,0.6949
walking_front.mp4.mp4,10.244,307,14,70,14,0,0,34.153,0.6521
walking_front.mp4.mp4,10.277,308,12,70,12,0,0,29.274,0.6895
walking_front.mp4.mp4,10.310,309,14,71,14,0,0,34.153,0.6513
walking_front.mp4.mp4,10.344,310,13,71,13,0,0,31.7135,0.6607
walking_front.mp4.mp4,10.377,311,12,71,12,0,0,29.274,0.6982
walking_front.mp4.mp4,10.410,312,14,71,14,0,0,34.153,0.6631
walking_front.mp4.mp4,10.444,313,15,73,15,0,0,36.5925,0.6677
walking_front.mp4.mp4,10.477,314,14,73,14,0,0,34.153,0.6955
walking_front.mp4.mp4,10.511,315,14,73,14,0,0,34.153,0.6879
walking_front.mp4.mp4,10.544,316,14,73,14,0,0,34.153,0.6742
walking_front.mp4.mp4,10.577,317,14,73,14,0,0,34.153,0.6935
walking_front.mp4.mp4,10.611,318,14,73,14,0,0,34.153,0.6804
walking_front.mp4.mp4,10.644,319,15,74,15,0,0,36.5925,0.6785
walking_front.mp4.mp4,10.677,320,15,74,15,0,0,36.5925,0.6713
walking_front.mp4.mp4,10.711,321,14,74,14,0,0,34.153,0.6518
walking_front.mp4.mp4,10.744,322,14,74,14,0,0,34.153,0.6607
walking_front.mp4.mp4,10.777,323,14,74,14,0,0,34.153,0.6645
walking_front.mp4.mp4,10.811,324,14,74,14,0,0,34.153,0.6616
walking_front.mp4.mp4,10.844,325,14,74,14,0,0,34.153,0.6643
walking_front.mp4.mp4,10.878,326,14,74,14,0,0,34.153,0.673
walking_front.mp4.mp4,10.911,327,14,74,14,0,0,34.153,0.6855
walking_front.mp4.mp4,10.944,328,14,74,14,0,0,34.153,0.6797
walking_front.mp4.mp4,10.978,329,14,74,14,0,0,34.153,0.6746
walking_front.mp4.mp4,11.011,330,13,74,13,0,0,31.7135,0.6813
walking_front.mp4.mp4,11.044,331,13,74,13,0,0,31.7135,0.6903
walking_front.mp4.mp4,11.078,332,13,74,13,0,0,31.7135,0.695
walking_front.mp4.mp4,11.111,333,13,74,13,0,0,31.7135,0.6712
walking_front.mp4.mp4,11.144,334,13,74,13,0,0,31.7135,0.6701
walking_front.mp4.mp4,11.178,335,14,74,14,0,0,34.153,0.6539
walking_front.mp4.mp4,11.211,336,15,74,15,0,0,36.5925,0.6362
walking_front.mp4.mp4,11.245,337,15,74,15,0,0,36.5925,0.6379
walking_front.mp4.mp4,11.278,338,15,75,15,0,0,36.5925,0.6297
walking_front.mp4.mp4,11.311,339,14,75,14,0,0,34.153,0.642
walking_front.mp4.mp4,11.345,340,13,75,13,0,0,31.7135,0.6579
walking_front.mp4.mp4,11.378,341,14,75,14,0,0,34.153,0.6457
walking_front.mp4.mp4,11.411,342,13,75,13,0,0,31.7135,0.6342
walking_front.mp4.mp4,11.445,343,13,75,13,0,0,31.7135,0.636
walking_front.mp4.mp4,11.478,344,12,75,12,0,0,29.274,0.6514
walking_front.mp4.mp4,11.511,345,12,75,12,0,0,29.274,0.6515
walking_front.mp4.mp4,11.545,346,12,76,12,0,0,29.274,0.636
walking_front.mp4.mp4,11.578,347,11,76,11,0,0,26.8345,0.6656
walking_front.mp4.mp4,11.612,348,12,77,12,0,0,29.274,0.6258
walking_front.mp4.mp4,11.645,349,12,78,12,0,0,29.274,0.6369
walking_front.mp4.mp4,11.678,350,12,78,12,0,0,29.274,0.6384
walking_front.mp4.mp4,11.712,351,12,78,12,0,0,29.274,0.646
walking_front.mp4.mp4,11.745,352,12,78,12,0,0,29.274,0.6508
walking_front.mp4.mp4,11.778,353,13,78,13,0,0,31.7135,0.6135
walking_front.mp4.mp4,11.812,354,13,78,13,0,0,31.7135,0.615
walking_front.mp4.mp4,11.845,355,14,78,14,0,0,34.153,0.6029
walking_front.mp4.mp4,11.879,356,14,78,14,0,0,34.153,0.6051
walking_front.mp4.mp4,11.912,357,12,78,12,0,0,29.274,0.6281
walking_front.mp4.mp4,11.945,358,13,78,13,0,0,31.7135,0.6084
walking_front.mp4.mp4,11.979,359,13,78,13,0,0,31.7135,0.6013
walking_front.mp4.mp4,12.012,360,13,78,13,0,0,31.7135,0.5933
walking_front.mp4.mp4,12.045,361,13,78,13,0,0,31.7135,0.5945
walking_front.mp4.mp4,12.079,362,13,78,13,0,0,31.7135,0.6131
walking_front.mp4.mp4,12.112,363,13,78,13,0,0,31.7135,0.6139
walking_front.mp4.mp4,12.145,364,14,79,14,0,0,34.153,0.5988
walking_front.mp4.mp4,12.179,365,15,80,15,0,0,36.5925,0.5834
walking_front.mp4.mp4,12.212,366,14,80,14,0,0,34.153,0.5905
walking_front.mp4.mp4,12.246,367,14,80,14,0,0,34.153,0.5948
walking_front.mp4.mp4,12.279,368,14,80,14,0,0,34.153,0.6084
walking_front.mp4.mp4,12.312,369,14,81,14,0,0,34.153,0.6017
walking_front.mp4.mp4,12.346,370,13,81,13,0,0,31.7135,0.6291
walking_front.mp4.mp4,12.379,371,13,81,13,0,0,31.7135,0.6319
walking_front.mp4.mp4,12.412,372,12,81,12,0,0,29.274,0.6555
walking_front.mp4.mp4,12.446,373,12,81,12,0,0,29.274,0.6551
walking_front.mp4.mp4,12.479,374,13,81,13,0,0,31.7135,0.6367
walking_front.mp4.mp4,12.513,375,13,81,13,0,0,31.7135,0.6433
walking_front.mp4.mp4,12.546,376,14,81,14,0,0,34.153,0.6071
walking_front.mp4.mp4,12.579,377,13,81,13,0,0,31.7135,0.6314
walking_front.mp4.mp4,12.613,378,15,82,15,0,0,36.5925,0.5919
walking_front.mp4.mp4,12.646,379,14,82,14,0,0,34.153,0.6181
walking_front.mp4.mp4,12.679,380,13,82,13,0,0,31.7135,0.6244
walking_front.mp4.mp4,12.713,381,13,82,13,0,0,31.7135,0.6347
walking_front.mp4.mp4,12.746,382,13,82,13,0,0,31.7135,0.6472
walking_front.mp4.mp4,12.779,383,13,82,13,0,0,31.7135,0.6342
walking_front.mp4.mp4,12.813,384,13,82,13,0,0,31.7135,0.6327
walking_front.mp4.mp4,12.846,385,13,82,13,0,0,31.7135,0.6379
walking_front.mp4.mp4,12.880,386,12,82,12,0,0,29.274,0.6717
walking_front.mp4.mp4,12.913,387,12,82,12,0,0,29.274,0.665
walking_front.mp4.mp4,12.946,388,12,82,12,0,0,29.274,0.6568
walking_front.mp4.mp4,12.980,389,13,83,13,0,0,31.7135,0.6522
walking_front.mp4.mp4,13.013,390,12,83,12,0,0,29.274,0.6647
walking_front.mp4.mp4,13.046,391,12,83,12,0,0,29.274,0.6604
walking_front.mp4.mp4,13.080,392,12,83,12,0,0,29.274,0.6507
walking_front.mp4.mp4,13.113,393,12,83,12,0,0,29.274,0.6216
walking_front.mp4.mp4,13.146,394,10,83,10,0,0,24.395,0.6505
walking_front.mp4.mp4,13.180,395,11,83,11,0,0,26.8345,0.6268
walking_front.mp4.mp4,13.213,396,11,83,11,0,0,26.8345,0.612
walking_front.mp4.mp4,13.247,397,11,83,11,0,0,26.8345,0.605
walking_front.mp4.mp4,13.280,398,13,84,13,0,0,31.7135,0.5631
walking_front.mp4.mp4,13.313,399,14,84,14,0,0,34.153,0.5461
walking_front.mp4.mp4,13.347,400,11,84,11,0,0,26.8345,0.606
walking_front.mp4.mp4,13.380,401,11,84,11,0,0,26.8345,0.6178
walking_front.mp4.mp4,13.413,402,12,85,12,0,0,29.274,0.6056
walking_front.mp4.mp4,13.447,403,11,85,11,0,0,26.8345,0.6291
walking_front.mp4.mp4,13.480,404,10,85,10,0,0,24.395,0.6449
walking_front.mp4.mp4,13.514,405,10,85,10,0,0,24.395,0.6454
walking_front.mp4.mp4,13.547,406,9,85,9,0,0,21.9555,0.6757
walking_front.mp4.mp4,13.580,407,10,86,10,0,0,24.395,0.6304
walking_front.mp4.mp4,13.614,408,9,86,9,0,0,21.9555,0.6615
walking_front.mp4.mp4,13.647,409,11,86,11,0,0,26.8345,0.6384
walking_front.mp4.mp4,13.680,410,9,86,9,0,0,21.9555,0.6835
walking_front.mp4.mp4,13.714,411,9,86,9,0,0,21.9555,0.691
walking_front.mp4.mp4,13.747,412,10,86,10,0,0,24.395,0.664
walking_front.mp4.mp4,13.780,413,11,87,11,0,0,26.8345,0.6444
walking_front.mp4.mp4,13.814,414,12,87,12,0,0,29.274,0.6155
walking_front.mp4.mp4,13.847,415,11,87,11,0,0,26.8345,0.6427
walking_front.mp4.mp4,13.881,416,11,87,11,0,0,26.8345,0.6179
walking_front.mp4.mp4,13.914,417,9,87,9,0,0,21.9555,0.6617
walking_front.mp4.mp4,13.947,418,9,87,9,0,0,21.9555,0.6495
walking_front.mp4.mp4,13.981,419,9,87,9,0,0,21.9555,0.6535
walking_front.mp4.mp4,14.014,420,10,88,10,0,0,24.395,0.6559
walking_front.mp4.mp4,14.047,421,9,88,9,0,0,21.9555,0.6714
walking_front.mp4.mp4,14.081,422,10,89,10,0,0,24.395,0.6998
walking_front.mp4.mp4,14.114,423,10,89,10,0,0,24.395,0.7124
walking_front.mp4.mp4,14.147,424,9,89,9,0,0,21.9555,0.7394
walking_front.mp4.mp4,14.181,425,9,89,9,0,0,21.9555,0.7156
walking_front.mp4.mp4,14.214,426,9,89,9,0,0,21.9555,0.7174
walking_front.mp4.mp4,14.248,427,9,89,9,0,0,21.9555,0.7125
walking_front.mp4.mp4,14.281,428,9,89,9,0,0,21.9555,0.7009
walking_front.mp4.mp4,14.314,429,11,90,11,0,0,26.8345,0.6279
walking_front.mp4.mp4,14.348,430,10,90,10,0,0,24.395,0.6773
walking_front.mp4.mp4,14.381,431,12,90,12,0,0,29.274,0.6075
walking_front.mp4.mp4,14.414,432,10,90,10,0,0,24.395,0.6658
walking_front.mp4.mp4,14.448,433,12,90,12,0,0,29.274,0.6201
walking_front.mp4.mp4,14.481,434,13,91,13,0,0,31.7135,0.6193
walking_front.mp4.mp4,14.514,435,13,92,13,0,0,31.7135,0.6333
walking_front.mp4.mp4,14.548,436,12,92,12,0,0,29.274,0.6407
walking_front.mp4.mp4,14.581,437,12,92,12,0,0,29.274,0.6475
walking_front.mp4.mp4,14.615,438,13,93,13,0,0,31.7135,0.6246
walking_front.mp4.mp4,14.648,439,11,93,11,0,0,26.8345,0.6602
walking_front.mp4.mp4,14.681,440,11,93,11,0,0,26.8345,0.6689
walking_front.mp4.mp4,14.715,441,11,93,11,0,0,26.8345,0.6669
walking_front.mp4.mp4,14.748,442,11,93,11,0,0,26.8345,0.6973
walking_front.mp4.mp4,14.781,443,12,93,12,0,0,29.274,0.6703
walking_front.mp4.mp4,14.815,444,12,93,12,0,0,29.274,0.6655
walking_front.mp4.mp4,14.848,445,10,93,10,0,0,24.395,0.7309
walking_front.mp4.mp4,14.882,446,10,93,10,0,0,24.395,0.7452
walking_front.mp4.mp4,14.915,447,10,93,10,0,0,24.395,0.753
walking_front.mp4.mp4,14.948,448,10,93,10,0,0,24.395,0.7514
walking_front.mp4.mp4,14.982,449,12,93,12,0,0,29.274,0.6821
walking_front.mp4.mp4,15.015,450,11,93,11,0,0,26.8345,0.7049
walking_front.mp4.mp4,15.048,451,12,94,12,0,0,29.274,0.6962
walking_front.mp4.mp4,15.082,452,11,94,11,0,0,26.8345,0.723
walking_front.mp4.mp4,15.115,453,11,94,11,0,0,26.8345,0.7221
walking_front.mp4.mp4,15.148,454,11,94,11,0,0,26.8345,0.7151
walking_front.mp4.mp4,15.182,455,12,95,12,0,0,29.274,0.6813
walking_front.mp4.mp4,15.215,456,12,95,12,0,0,29.274,0.6648
walking_front.mp4.mp4,15.249,457,12,96,12,0,0,29.274,0.6688
walking_front.mp4.mp4,15.282,458,12,96,12,0,0,29.274,0.6593
walking_front.mp4.mp4,15.315,459,12,96,12,0,0,29.274,0.6763
walking_front.mp4.mp4,15.349,460,11,96,11,0,0,26.8345,0.7005
walking_front.mp4.mp4,15.382,461,11,96,11,0,0,26.8345,0.714
walking_front.mp4.mp4,15.415,462,13,97,13,0,0,31.7135,0.6854
walking_front.mp4.mp4,15.449,463,14,97,14,0,0,34.153,0.6536
walking_front.mp4.mp4,15.482,464,13,97,13,0,0,31.7135,0.6739
walking_front.mp4.mp4,15.515,465,13,97,13,0,0,31.7135,0.6537
walking_front.mp4.mp4,15.549,466,14,97,14,0,0,34.153,0.6292
walking_front.mp4.mp4,15.582,467,13,97,13,0,0,31.7135,0.6524
walking_front.mp4.mp4,15.616,468,11,97,11,0,0,26.8345,0.7082
walking_front.mp4.mp4,15.649,469,11,97,11,0,0,26.8345,0.6601
walking_front.mp4.mp4,15.682,470,12,97,12,0,0,29.274,0.6428
walking_front.mp4.mp4,15.716,471,9,97,9,0,0,21.9555,0.7259
walking_front.mp4.mp4,15.749,472,10,97,10,0,0,24.395,0.6792
walking_front.mp4.mp4,15.782,473,10,97,10,0,0,24.395,0.6604
walking_front.mp4.mp4,15.816,474,10,97,10,0,0,24.395,0.6424
walking_front.mp4.mp4,15.849,475,11,97,11,0,0,26.8345,0.5918
walking_front.mp4.mp4,15.883,476,6,97,6,0,0,14.637,0.7016
walking_front.mp4.mp4,15.916,477,8,98,8,0,0,19.516,0.6058
walking_front.mp4.mp4,15.949,478,8,98,8,0,0,19.516,0.65
walking_front.mp4.mp4,15.983,479,5,98,5,0,0,12.1975,0.7519
walking_front.mp4.mp4,16.016,480,5,98,5,0,0,12.1975,0.7005
walking_front.mp4.mp4,16.049,481,4,98,4,0,0,9.758,0.7087
walking_front.mp4.mp4,16.083,482,7,101,7,0,0,17.0765,0.6788
walking_front.mp4.mp4,16.116,483,6,101,6,0,0,14.637,0.7349
walking_front.mp4.mp4,16.149,484,9,102,9,0,0,21.9555,0.6831
walking_front.mp4.mp4,16.183,485,10,103,10,0,0,24.395,0.683
walking_front.mp4.mp4,16.216,486,9,104,9,0,0,21.9555,0.7424
walking_front.mp4.mp4,16.250,487,10,105,10,0,0,24.395,0.7137
walking_front.mp4.mp4,16.283,488,10,105,10,0,0,24.395,0.7254
walking_front.mp4.mp4,16.316,489,10,105,10,0,0,24.395,0.7119
walking_front.mp4.mp4,16.350,490,10,105,10,0,0,24.395,0.7165
walking_front.mp4.mp4,16.383,491,10,105,10,0,0,24.395,0.7001
walking_front.mp4.mp4,16.416,492,10,105,10,0,0,24.395,0.6891
walking_front.mp4.mp4,16.450,493,10,105,10,0,0,24.395,0.6772
walking_front.mp4.mp4,16.483,494,10,106,10,0,0,24.395,0.6884
walking_front.mp4.mp4,16.517,495,10,106,10,0,0,24.395,0.7023
walking_front.mp4.mp4,16.550,496,10,107,10,0,0,24.395,0.7151
walking_front.mp4.mp4,16.583,497,10,107,10,0,0,24.395,0.7199
walking_front.mp4.mp4,16.617,498,10,107,10,0,0,24.395,0.7152
walking_front.mp4.mp4,16.650,499,11,107,11,0,0,26.8345,0.6963
walking_front.mp4.mp4,16.683,500,11,107,11,0,0,26.8345,0.693
walking_front.mp4.mp4,16.717,501,11,107,11,0,0,26.8345,0.6971
walking_front.mp4.mp4,16.750,502,11,107,11,0,0,26.8345,0.6859
walking_front.mp4.mp4,16.783,503,11,107,11,0,0,26.8345,0.6864
walking_front.mp4.mp4,16.817,504,11,107,11,0,0,26.8345,0.6985
walking_front.mp4.mp4,16.850,505,12,107,12,0,0,29.274,0.6742
walking_front.mp4.mp4,16.884,506,11,107,11,0,0,26.8345,0.6852
walking_front.mp4.mp4,16.917,507,12,107,12,0,0,29.274,0.6606
walking_front.mp4.mp4,16.950,508,12,107,12,0,0,29.274,0.6567
walking_front.mp4.mp4,16.984,509,12,107,12,0,0,29.274,0.6388
walking_front.mp4.mp4,17.017,510,12,107,12,0,0,29.274,0.645
walking_front.mp4.mp4,17.050,511,12,107,12,0,0,29.274,0.6451
walking_front.mp4.mp4,17.084,512,10,107,10,0,0,24.395,0.6933
walking_front.mp4.mp4,17.117,513,10,107,10,0,0,24.395,0.6884
walking_front.mp4.mp4,17.150,514,10,107,10,0,0,24.395,0.6846
walking_front.mp4.mp4,17.184,515,9,107,9,0,0,21.9555,0.7018
walking_front.mp4.mp4,17.217,516,9,107,9,0,0,21.9555,0.7241
walking_front.mp4.mp4,17.251,517,9,107,9,0,0,21.9555,0.7263
walking_front.mp4.mp4,17.284,518,10,107,10,0,0,24.395,0.6848
walking_front.mp4.mp4,17.317,519,11,108,11,0,0,26.8345,0.6783
walking_front.mp4.mp4,17.351,520,10,108,10,0,0,24.395,0.7138
walking_front.mp4.mp4,17.384,521,10,108,10,0,0,24.395,0.7149
walking_front.mp4.mp4,17.417,522,10,108,10,0,0,24.395,0.7009
walking_front.mp4.mp4,17.451,523,10,108,10,0,0,24.395,0.6935
walking_front.mp4.mp4,17.484,524,10,108,10,0,0,24.395,0.6794
walking_front.mp4.mp4,17.518,525,10,108,10,0,0,24.395,0.6729
walking_front.mp4.mp4,17.551,526,10,108,10,0,0,24.395,0.6951
walking_front.mp4.mp4,17.584,527,11,109,11,0,0,26.8345,0.6613
walking_front.mp4.mp4,17.618,528,11,109,11,0,0,26.8345,0.6558
walking_front.mp4.mp4,17.651,529,10,109,10,0,0,24.395,0.6856
walking_front.mp4.mp4,17.684,530,9,109,9,0,0,21.9555,0.7089
walking_front.mp4.mp4,17.718,531,9,109,9,0,0,21.9555,0.7285
walking_front.mp4.mp4,17.751,532,9,109,9,0,0,21.9555,0.7299
walking_front.mp4.mp4,17.784,533,9,109,9,0,0,21.9555,0.7323
walking_front.mp4.mp4,17.818,534,9,109,9,0,0,21.9555,0.7607
walking_front.mp4.mp4,17.851,535,8,109,8,0,0,19.516,0.7998
walking_front.mp4.mp4,17.885,536,8,109,8,0,0,19.516,0.7978
walking_front.mp4.mp4,17.918,537,9,110,9,0,0,21.9555,0.7637
walking_front.mp4.mp4,17.951,538,10,110,10,0,0,24.395,0.7225
walking_front.mp4.mp4,17.985,539,11,110,11,0,0,26.8345,0.686
walking_front.mp4.mp4,18.018,540,11,110,11,0,0,26.8345,0.6914
walking_front.mp4.mp4,18.051,541,11,110,11,0,0,26.8345,0.6857
walking_front.mp4.mp4,18.085,542,11,110,11,0,0,26.8345,0.6963
walking_front.mp4.mp4,18.118,543,11,110,11,0,0,26.8345,0.6821
walking_front.mp4.mp4,18.151,544,11,110,11,0,0,26.8345,0.6761
walking_front.mp4.mp4,18.185,545,10,110,10,0,0,24.395,0.6981
walking_front.mp4.mp4,18.218,546,8,110,8,0,0,19.516,0.7902
walking_front.mp4.mp4,18.252,547,11,111,11,0,0,26.8345,0.6784
walking_front.mp4.mp4,18.285,548,10,111,10,0,0,24.395,0.7105
walking_front.mp4.mp4,18.318,549,11,111,11,0,0,26.8345,0.6936
walking_front.mp4.mp4,18.352,550,10,111,10,0,0,24.395,0.7097
walking_front.mp4.mp4,18.385,551,10,111,10,0,0,24.395,0.7182
walking_front.mp4.mp4,18.418,552,10,111,10,0,0,24.395,0.7237
walking_front.mp4.mp4,18.452,553,10,111,10,0,0,24.395,0.7158
walking_front.mp4.mp4,18.485,554,9,111,9,0,0,21.9555,0.7655
walking_front.mp4.mp4,18.518,555,10,111,10,0,0,24.395,0.7489
walking_front.mp4.mp4,18.552,556,9,111,9,0,0,21.9555,0.7858
walking_front.mp4.mp4,18.585,557,9,111,9,0,0,21.9555,0.7858
walking_front.mp4.mp4,18.619,558,10,111,10,0,0,24.395,0.7446
walking_front.mp4.mp4,18.652,559,10,111,10,0,0,24.395,0.7503
walking_front.mp4.mp4,18.685,560,9,111,9,0,0,21.9555,0.7819
walking_front.mp4.mp4,18.719,561,10,112,10,0,0,24.395,0.7469
walking_front.mp4.mp4,18.752,562,10,112,10,0,0,24.395,0.7406
walking_front.mp4.mp4,18.785,563,11,113,11,0,0,26.8345,0.7338
walking_front.mp4.mp4,18.819,564,11,113,11,0,0,26.8345,0.7268
walking_front.mp4.mp4,18.852,565,12,114,12,0,0,29.274,0.7027
walking_front.mp4.mp4,18.886,566,12,114,12,0,0,29.274,0.6905
walking_front.mp4.mp4,18.919,567,11,114,11,0,0,26.8345,0.7246
walking_front.mp4.mp4,18.952,568,11,114,11,0,0,26.8345,0.7318
walking_front.mp4.mp4,18.986,569,12,115,12,0,0,29.274,0.7272
walking_front.mp4.mp4,19.019,570,12,115,12,0,0,29.274,0.7344
walking_front.mp4.mp4,19.052,571,12,115,12,0,0,29.274,0.7405
walking_front.mp4.mp4,19.086,572,12,115,12,0,0,29.274,0.7449
walking_front.mp4.mp4,19.119,573,12,115,12,0,0,29.274,0.7372
walking_front.mp4.mp4,19.152,574,12,115,12,0,0,29.274,0.73
walking_front.mp4.mp4,19.186,575,12,115,12,0,0,29.274,0.7281
walking_front.mp4.mp4,19.219,576,12,115,12,0,0,29.274,0.7204
walking_front.mp4.mp4,19.253,577,11,115,11,0,0,26.8345,0.7572
walking_front.mp4.mp4,19.286,578,12,116,12,0,0,29.274,0.742
walking_front.mp4.mp4,19.319,579,13,116,13,0,0,31.7135,0.7166
walking_front.mp4.mp4,19.353,580,14,117,14,0,0,34.153,0.6933
walking_front.mp4.mp4,19.386,581,14,117,14,0,0,34.153,0.6766
walking_front.mp4.mp4,19.419,582,14,117,14,0,0,34.153,0.6786
walking_front.mp4.mp4,19.453,583,13,117,13,0,0,31.7135,0.6993
walking_front.mp4.mp4,19.486,584,13,117,13,0,0,31.7135,0.7111
walking_front.mp4.mp4,19.520,585,13,117,13,0,0,31.7135,0.7032
walking_front.mp4.mp4,19.553,586,13,118,13,0,0,31.7135,0.6871
walking_front.mp4.mp4,19.586,587,14,119,14,0,0,34.153,0.6707
walking_front.mp4.mp4,19.620,588,15,119,15,0,0,36.5925,0.655
walking_front.mp4.mp4,19.653,589,15,119,15,0,0,36.5925,0.6603
walking_front.mp4.mp4,19.686,590,15,119,15,0,0,36.5925,0.6515
walking_front.mp4.mp4,19.720,591,14,119,14,0,0,34.153,0.6515
walking_front.mp4.mp4,19.753,592,14,119,14,0,0,34.153,0.6542
walking_front.mp4.mp4,19.786,593,14,119,14,0,0,34.153,0.6476
walking_front.mp4.mp4,19.820,594,14,119,14,0,0,34.153,0.6365
walking_front.mp4.mp4,19.853,595,13,119,13,0,0,31.7135,0.6312
walking_front.mp4.mp4,19.887,596,13,119,13,0,0,31.7135,0.6454
walking_front.mp4.mp4,19.920,597,14,119,14,0,0,34.153,0.6141
walking_front.mp4.mp4,19.953,598,13,119,13,0,0,31.7135,0.6273
walking_front.mp4.mp4,19.987,599,13,119,13,0,0,31.7135,0.6657
walking_front.mp4.mp4,20.020,600,13,119,13,0,0,31.7135,0.6562
walking_front.mp4.mp4,20.053,601,12,119,12,0,0,29.274,0.6767
walking_front.mp4.mp4,20.087,602,12,119,12,0,0,29.274,0.6593
walking_front.mp4.mp4,20.120,603,12,119,12,0,0,29.274,0.6376
walking_front.mp4.mp4,20.153,604,13,120,13,0,0,31.7135,0.6329
walking_front.mp4.mp4,20.187,605,12,120,12,0,0,29.274,0.6335
walking_front.mp4.mp4,20.220,606,12,121,12,0,0,29.274,0.666
walking_front.mp4.mp4,20.254,607,13,121,13,0,0,31.7135,0.6548
walking_front.mp4.mp4,20.287,608,13,121,13,0,0,31.7135,0.632
walking_front.mp4.mp4,20.320,609,12,121,12,0,0,29.274,0.6511
walking_front.mp4.mp4,20.354,610,11,121,11,0,0,26.8345,0.6975
walking_front.mp4.mp4,20.387,611,13,123,13,0,0,31.7135,0.6496
walking_front.mp4.mp4,20.420,612,11,123,11,0,0,26.8345,0.6958
walking_front.mp4.mp4,20.454,613,10,123,10,0,0,24.395,0.7318
walking_front.mp4.mp4,20.487,614,11,123,11,0,0,26.8345,0.7049
walking_front.mp4.mp4,20.521,615,11,123,11,0,0,26.8345,0.7183
walking_front.mp4.mp4,20.554,616,12,123,12,0,0,29.274,0.6769
walking_front.mp4.mp4,20.587,617,12,123,12,0,0,29.274,0.6759
walking_front.mp4.mp4,20.621,618,12,123,12,0,0,29.274,0.6762
walking_front.mp4.mp4,20.654,619,12,123,12,0,0,29.274,0.6665
walking_front.mp4.mp4,20.687,620,13,124,13,0,0,31.7135,0.649
walking_front.mp4.mp4,20.721,621,11,124,11,0,0,26.8345,0.6953
walking_front.mp4.mp4,20.754,622,11,124,11,0,0,26.8345,0.6904
walking_front.mp4.mp4,20.787,623,10,124,10,0,0,24.395,0.7165
walking_front.mp4.mp4,20.821,624,11,124,11,0,0,26.8345,0.6726
walking_front.mp4.mp4,20.854,625,11,124,11,0,0,26.8345,0.652
walking_front.mp4.mp4,20.888,626,10,124,10,0,0,24.395,0.7062
walking_front.mp4.mp4,20.921,627,11,125,11,0,0,26.8345,0.675
walking_front.mp4.mp4,20.954,628,11,125,11,0,0,26.8345,0.6588
walking_front.mp4.mp4,20.988,629,11,126,11,0,0,26.8345,0.6695
walking_front.mp4.mp4,21.021,630,11,126,11,0,0,26.8345,0.6656
walking_front.mp4.mp4,21.054,631,10,126,10,0,0,24.395,0.7107
walking_front.mp4.mp4,21.088,632,11,126,11,0,0,26.8345,0.6803
walking_front.mp4.mp4,21.121,633,10,126,10,0,0,24.395,0.7144
walking_front.mp4.mp4,21.154,634,11,127,11,0,0,26.8345,0.6918
walking_front.mp4.mp4,21.188,635,11,128,11,0,0,26.8345,0.7055
walking_front.mp4.mp4,21.221,636,11,128,11,0,0,26.8345,0.7111
walking_front.mp4.mp4,21.255,637,12,128,12,0,0,29.274,0.6841
walking_front.mp4.mp4,21.288,638,12,130,12,0,0,29.274,0.657
walking_front.mp4.mp4,21.321,639,11,130,11,0,0,26.8345,0.6937
walking_front.mp4.mp4,21.355,640,11,130,11,0,0,26.8345,0.6999
walking_front.mp4.mp4,21.388,641,12,130,12,0,0,29.274,0.6619
walking_front.mp4.mp4,21.421,642,12,130,12,0,0,29.274,0.649
walking_front.mp4.mp4,21.455,643,12,130,12,0,0,29.274,0.6492
walking_front.mp4.mp4,21.488,644,12,131,12,0,0,29.274,0.6292
walking_front.mp4.mp4,21.521,645,13,131,13,0,0,31.7135,0.6072
walking_front.mp4.mp4,21.555,646,11,131,11,0,0,26.8345,0.6604
walking_front.mp4.mp4,21.588,647,11,131,11,0,0,26.8345,0.6497
walking_front.mp4.mp4,21.622,648,10,131,10,0,0,24.395,0.6899
walking_front.mp4.mp4,21.655,649,10,131,10,0,0,24.395,0.6981
walking_front.mp4.mp4,21.688,650,12,133,12,0,0,29.274,0.6879
walking_front.mp4.mp4,21.722,651,13,133,13,0,0,31.7135,0.6915
walking_front.mp4.mp4,21.755,652,14,134,14,0,0,34.153,0.6844
walking_front.mp4.mp4,21.788,653,14,134,14,0,0,34.153,0.6914
walking_front.mp4.mp4,21.822,654,14,134,14,0,0,34.153,0.6863
walking_front.mp4.mp4,21.855,655,14,134,14,0,0,34.153,0.6829
walking_front.mp4.mp4,21.889,656,14,134,14,0,0,34.153,0.6819
walking_front.mp4.mp4,21.922,657,14,134,14,0,0,34.153,0.694
walking_front.mp4.mp4,21.955,658,14,134,14,0,0,34.153,0.6938
walking_front.mp4.mp4,21.989,659,13,134,13,0,0,31.7135,0.7126
walking_front.mp4.mp4,22.022,660,14,134,14,0,0,34.153,0.6962
walking_front.mp4.mp4,22.055,661,13,134,13,0,0,31.7135,0.7245
walking_front.mp4.mp4,22.089,662,13,134,13,0,0,31.7135,0.7144
walking_front.mp4.mp4,22.122,663,13,134,13,0,0,31.7135,0.6964
walking_front.mp4.mp4,22.155,664,13,134,13,0,0,31.7135,0.6964
walking_front.mp4.mp4,22.189,665,13,134,13,0,0,31.7135,0.6894
walking_front.mp4.mp4,22.222,666,13,134,13,0,0,31.7135,0.679
walking_front.mp4.mp4,22.256,667,13,134,13,0,0,31.7135,0.6555
walking_front.mp4.mp4,22.289,668,13,134,13,0,0,31.7135,0.6432
walking_front.mp4.mp4,22.322,669,13,134,13,0,0,31.7135,0.6442
walking_front.mp4.mp4,22.356,670,14,135,14,0,0,34.153,0.628
walking_front.mp4.mp4,22.389,671,12,135,12,0,0,29.274,0.671
walking_front.mp4.mp4,22.422,672,12,135,12,0,0,29.274,0.6969
walking_front.mp4.mp4,22.456,673,13,136,13,0,0,31.7135,0.6976
walking_front.mp4.mp4,22.489,674,13,136,13,0,0,31.7135,0.6801
walking_front.mp4.mp4,22.523,675,13,136,13,0,0,31.7135,0.7069
walking_front.mp4.mp4,22.556,676,13,136,13,0,0,31.7135,0.7026
walking_front.mp4.mp4,22.589,677,13,136,13,0,0,31.7135,0.6959
walking_front.mp4.mp4,22.623,678,13,136,13,0,0,31.7135,0.6883
walking_front.mp4.mp4,22.656,679,13,136,13,0,0,31.7135,0.6834
walking_front.mp4.mp4,22.689,680,13,136,13,0,0,31.7135,0.6796
walking_front.mp4.mp4,22.723,681,13,136,13,0,0,31.7135,0.6837
walking_front.mp4.mp4,22.756,682,13,136,13,0,0,31.7135,0.6742
walking_front.mp4.mp4,22.789,683,12,136,12,0,0,29.274,0.6864
walking_front.mp4.mp4,22.823,684,11,136,11,0,0,26.8345,0.7061
walking_front.mp4.mp4,22.856,685,11,136,11,0,0,26.8345,0.7013
walking_front.mp4.mp4,22.890,686,12,136,12,0,0,29.274,0.6711
walking_front.mp4.mp4,22.923,687,12,136,12,0,0,29.274,0.6769
walking_front.mp4.mp4,22.956,688,12,136,12,0,0,29.274,0.6812
walking_front.mp4.mp4,22.990,689,11,136,11,0,0,26.8345,0.6933
walking_front.mp4.mp4,23.023,690,9,136,9,0,0,21.9555,0.7537
walking_front.mp4.mp4,23.056,691,10,136,10,0,0,24.395,0.7108
walking_front.mp4.mp4,23.090,692,12,137,12,0,0,29.274,0.66
walking_front.mp4.mp4,23.123,693,9,137,9,0,0,21.9555,0.7684
walking_front.mp4.mp4,23.156,694,10,137,10,0,0,24.395,0.7449
walking_front.mp4.mp4,23.190,695,10,137,10,0,0,24.395,0.7365
walking_front.mp4.mp4,23.223,696,10,137,10,0,0,24.395,0.7225
walking_front.mp4.mp4,23.257,697,10,137,10,0,0,24.395,0.7228
walking_front.mp4.mp4,23.290,698,10,137,10,0,0,24.395,0.7379
walking_front.mp4.mp4,23.323,699,10,137,10,0,0,24.395,0.7489
walking_front.mp4.mp4,23.357,700,9,137,9,0,0,21.9555,0.7835
walking_front.mp4.mp4,23.390,701,9,137,9,0,0,21.9555,0.7852
walking_front.mp4.mp4,23.423,702,10,137,10,0,0,24.395,0.7551
walking_front.mp4.mp4,23.457,703,9,137,9,0,0,21.9555,0.794
walking_front.mp4.mp4,23.490,704,9,137,9,0,0,21.9555,0.8059
walking_front.mp4.mp4,23.524,705,9,137,9,0,0,21.9555,0.7952
walking_front.mp4.mp4,23.557,706,9,137,9,0,0,21.9555,0.7963
walking_front.mp4.mp4,23.590,707,9,137,9,0,0,21.9555,0.7802
walking_front.mp4.mp4,23.624,708,10,138,10,0,0,24.395,0.7248
walking_front.mp4.mp4,23.657,709,10,138,10,0,0,24.395,0.7364
walking_front.mp4.mp4,23.690,710,10,138,10,0,0,24.395,0.7187
walking_front.mp4.mp4,23.724,711,10,138,10,0,0,24.395,0.7008
walking_front.mp4.mp4,23.757,712,9,138,9,0,0,21.9555,0.7053
walking_front.mp4.mp4,23.790,713,8,138,8,0,0,19.516,0.7276
walking_front.mp4.mp4,23.824,714,11,141,11,0,0,26.8345,0.6535
walking_front.mp4.mp4,23.857,715,10,141,10,0,0,24.395,0.6831
walking_front.mp4.mp4,23.891,716,11,141,11,0,0,26.8345,0.6596
walking_front.mp4.mp4,23.924,717,9,141,9,0,0,21.9555,0.7104
walking_front.mp4.mp4,23.957,718,10,141,10,0,0,24.395,0.6639
walking_front.mp4.mp4,23.991,719,10,141,10,0,0,24.395,0.6619
walking_front.mp4.mp4,24.024,720,8,141,8,0,0,19.516,0.7224
walking_front.mp4.mp4,24.057,721,9,141,9,0,0,21.9555,0.7075
walking_front.mp4.mp4,24.091,722,9,141,9,0,0,21.9555,0.7057
walking_front.mp4.mp4,24.124,723,9,141,9,0,0,21.9555,0.7065
walking_front.mp4.mp4,24.157,724,9,141,9,0,0,21.9555,0.7169
walking_front.mp4.mp4,24.191,725,9,141,9,0,0,21.9555,0.7058
walking_front.mp4.mp4,24.224,726,8,141,8,0,0,19.516,0.7501
walking_front.mp4.mp4,24.258,727,8,141,8,0,0,19.516,0.7579
walking_front.mp4.mp4,24.291,728,8,141,8,0,0,19.516,0.737
walking_front.mp4.mp4,24.324,729,9,142,9,0,0,21.9555,0.7205
walking_front.mp4.mp4,24.358,730,8,142,8,0,0,19.516,0.761
walking_front.mp4.mp4,24.391,731,8,142,8,0,0,19.516,0.7469
walking_front.mp4.mp4,24.424,732,9,143,9,0,0,21.9555,0.7333
walking_front.mp4.mp4,24.458,733,10,144,10,0,0,24.395,0.6893
walking_front.mp4.mp4,24.491,734,10,144,10,0,0,24.395,0.7461
walking_front.mp4.mp4,24.524,735,10,144,10,0,0,24.395,0.7507
walking_front.mp4.mp4,24.558,736,10,144,10,0,0,24.395,0.7723
walking_front.mp4.mp4,24.591,737,11,144,11,0,0,26.8345,0.7218
walking_front.mp4.mp4,24.625,738,11,144,11,0,0,26.8345,0.7033
walking_front.mp4.mp4,24.658,739,10,144,10,0,0,24.395,0.7336
walking_front.mp4.mp4,24.691,740,10,144,10,0,0,24.395,0.754
walking_front.mp4.mp4,24.725,741,10,144,10,0,0,24.395,0.7358
walking_front.mp4.mp4,24.758,742,9,144,9,0,0,21.9555,0.7745
walking_front.mp4.mp4,24.791,743,9,144,9,0,0,21.9555,0.7599
walking_front.mp4.mp4,24.825,744,9,144,9,0,0,21.9555,0.7509
walking_front.mp4.mp4,24.858,745,9,144,9,0,0,21.9555,0.7281
walking_front.mp4.mp4,24.892,746,9,144,9,0,0,21.9555,0.7242
walking_front.mp4.mp4,24.925,747,9,144,9,0,0,21.9555,0.7288
walking_front.mp4.mp4,24.958,748,9,144,9,0,0,21.9555,0.7205
walking_front.mp4.mp4,24.992,749,9,144,9,0,0,21.9555,0.7199
walking_front.mp4.mp4,25.025,750,9,144,9,0,0,21.9555,0.7067
walking_front.mp4.mp4,25.058,751,9,144,9,0,0,21.9555,0.7114
walking_front.mp4.mp4,25.092,752,9,144,9,0,0,21.9555,0.7026
walking_front.mp4.mp4,25.125,753,9,144,9,0,0,21.9555,0.6804
walking_front.mp4.mp4,25.158,754,11,145,11,0,0,26.8345,0.6094
walking_front.mp4.mp4,25.192,755,11,146,11,0,0,26.8345,0.5822
walking_front.mp4.mp4,25.225,756,11,147,11,0,0,26.8345,0.5885
walking_front.mp4.mp4,25.259,757,8,147,8,0,0,19.516,0.6435
walking_front.mp4.mp4,25.292,758,8,147,8,0,0,19.516,0.6903
walking_front.mp4.mp4,25.325,759,8,147,8,0,0,19.516,0.7073
walking_front.mp4.mp4,25.359,760,8,147,8,0,0,19.516,0.7023
walking_front.mp4.mp4,25.392,761,9,148,9,0,0,21.9555,0.7043
walking_front.mp4.mp4,25.425,762,9,148,9,0,0,21.9555,0.6938
walking_front.mp4.mp4,25.459,763,11,150,11,0,0,26.8345,0.6416
walking_front.mp4.mp4,25.492,764,12,151,12,0,0,29.274,0.6432
walking_front.mp4.mp4,25.526,765,12,151,12,0,0,29.274,0.6598
walking_front.mp4.mp4,25.559,766,12,151,12,0,0,29.274,0.6759
walking_front.mp4.mp4,25.592,767,12,151,12,0,0,29.274,0.6671
walking_front.mp4.mp4,25.626,768,11,151,11,0,0,26.8345,0.6895
walking_front.mp4.mp4,25.659,769,11,151,11,0,0,26.8345,0.6936
walking_front.mp4.mp4,25.692,770,12,152,12,0,0,29.274,0.6866
walking_front.mp4.mp4,25.726,771,11,152,11,0,0,26.8345,0.7064
walking_front.mp4.mp4,25.759,772,13,153,13,0,0,31.7135,0.6599
walking_front.mp4.mp4,25.792,773,11,153,11,0,0,26.8345,0.6949
walking_front.mp4.mp4,25.826,774,12,153,12,0,0,29.274,0.6741
walking_front.mp4.mp4,25.859,775,12,153,12,0,0,29.274,0.7034
walking_front.mp4.mp4,25.893,776,11,153,11,0,0,26.8345,0.7345
walking_front.mp4.mp4,25.926,777,11,153,11,0,0,26.8345,0.7433
walking_front.mp4.mp4,25.959,778,11,153,11,0,0,26.8345,0.746
walking_front.mp4.mp4,25.993,779,11,153,11,0,0,26.8345,0.7394
walking_front.mp4.mp4,26.026,780,11,153,11,0,0,26.8345,0.738
walking_front.mp4.mp4,26.059,781,11,153,11,0,0,26.8345,0.7373
walking_front.mp4.mp4,26.093,782,11,153,11,0,0,26.8345,0.7405
walking_front.mp4.mp4,26.126,783,11,153,11,0,0,26.8345,0.7342
walking_front.mp4.mp4,26.159,784,11,153,11,0,0,26.8345,0.7275
walking_front.mp4.mp4,26.193,785,10,153,10,0,0,24.395,0.7508
walking_front.mp4.mp4,26.226,786,11,153,11,0,0,26.8345,0.7163
walking_front.mp4.mp4,26.260,787,11,153,11,0,0,26.8345,0.7341
walking_front.mp4.mp4,26.293,788,11,153,11,0,0,26.8345,0.7222
walking_front.mp4.mp4,26.326,789,11,153,11,0,0,26.8345,0.7222
walking_front.mp4.mp4,26.360,790,10,153,10,0,0,24.395,0.7618
walking_front.mp4.mp4,26.393,791,10,153,10,0,0,24.395,0.7725
walking_front.mp4.mp4,26.426,792,10,153,10,0,0,24.395,0.7769
walking_front.mp4.mp4,26.460,793,11,153,11,0,0,26.8345,0.7451
walking_front.mp4.mp4,26.493,794,11,154,11,0,0,26.8345,0.7374
walking_front.mp4.mp4,26.527,795,12,155,12,0,0,29.274,0.7001
walking_front.mp4.mp4,26.560,796,12,155,12,0,0,29.274,0.6945
walking_front.mp4.mp4,26.593,797,12,156,12,0,0,29.274,0.7035
walking_front.mp4.mp4,26.627,798,11,156,11,0,0,26.8345,0.7194
walking_front.mp4.mp4,26.660,799,10,156,10,0,0,24.395,0.7563
walking_front.mp4.mp4,26.693,800,11,157,11,0,0,26.8345,0.7007
walking_front.mp4.mp4,26.727,801,11,157,11,0,0,26.8345,0.7165
walking_front.mp4.mp4,26.760,802,11,157,11,0,0,26.8345,0.7035
walking_front.mp4.mp4,26.793,803,12,157,12,0,0,29.274,0.6781
walking_front.mp4.mp4,26.827,804,12,157,12,0,0,29.274,0.6743
walking_front.mp4.mp4,26.860,805,11,157,11,0,0,26.8345,0.719
walking_front.mp4.mp4,26.894,806,11,157,11,0,0,26.8345,0.7196
walking_front.mp4.mp4,26.927,807,11,157,11,0,0,26.8345,0.7114
walking_front.mp4.mp4,26.960,808,11,157,11,0,0,26.8345,0.7128
walking_front.mp4.mp4,26.994,809,10,157,10,0,0,24.395,0.7299
walking_front.mp4.mp4,27.027,810,11,157,11,0,0,26.8345,0.7006
walking_front.mp4.mp4,27.060,811,10,157,10,0,0,24.395,0.7349
walking_front.mp4.mp4,27.094,812,12,159,12,0,0,29.274,0.6796
walking_front.mp4.mp4,27.127,813,11,159,11,0,0,26.8345,0.7114
walking_front.mp4.mp4,27.160,814,12,159,12,0,0,29.274,0.6886
walking_front.mp4.mp4,27.194,815,11,159,11,0,0,26.8345,0.7107
walking_front.mp4.mp4,27.227,816,12,159,12,0,0,29.274,0.6937
walking_front.mp4.mp4,27.261,817,11,159,11,0,0,26.8345,0.7131
walking_front.mp4.mp4,27.294,818,12,159,12,0,0,29.274,0.6838
walking_front.mp4.mp4,27.327,819,12,159,12,0,0,29.274,0.6914
walking_front.mp4.mp4,27.361,820,11,159,11,0,0,26.8345,0.7186
walking_front.mp4.mp4,27.394,821,11,159,11,0,0,26.8345,0.7156
walking_front.mp4.mp4,27.427,822,11,159,11,0,0,26.8345,0.6909
walking_front.mp4.mp4,27.461,823,11,159,11,0,0,26.8345,0.6818
walking_front.mp4.mp4,27.494,824,10,159,10,0,0,24.395,0.7395
walking_front.mp4.mp4,27.527,825,10,159,10,0,0,24.395,0.7503
walking_front.mp4.mp4,27.561,826,11,159,11,0,0,26.8345,0.7089
walking_front.mp4.mp4,27.594,827,11,159,11,0,0,26.8345,0.7022
walking_front.mp4.mp4,27.628,828,10,159,10,0,0,24.395,0.7414
walking_front.mp4.mp4,27.661,829,11,160,11,0,0,26.8345,0.6993
walking_front.mp4.mp4,27.694,830,10,160,10,0,0,24.395,0.7297
walking_front.mp4.mp4,27.728,831,11,160,11,0,0,26.8345,0.7014
walking_front.mp4.mp4,27.761,832,11,160,11,0,0,26.8345,0.7038
walking_front.mp4.mp4,27.794,833,12,160,12,0,0,29.274,0.6606
walking_front.mp4.mp4,27.828,834,10,160,10,0,0,24.395,0.7087
walking_front.mp4.mp4,27.861,835,10,160,10,0,0,24.395,0.7221
walking_front.mp4.mp4,27.895,836,10,160,10,0,0,24.395,0.7101
walking_front.mp4.mp4,27.928,837,10,160,10,0,0,24.395,0.7209
walking_front.mp4.mp4,27.961,838,10,160,10,0,0,24.395,0.7153
walking_front.mp4.mp4,27.995,839,11,161,11,0,0,26.8345,0.691
walking_front.mp4.mp4,28.028,840,11,161,11,0,0,26.8345,0.6864
walking_front.mp4.mp4,28.061,841,11,161,11,0,0,26.8345,0.6805
walking_front.mp4.mp4,28.095,842,11,161,11,0,0,26.8345,0.7031
walking_front.mp4.mp4,28.128,843,11,161,11,0,0,26.8345,0.7099
walking_front.mp4.mp4,28.161,844,11,161,11,0,0,26.8345,0.6975
walking_front.mp4.mp4,28.195,845,12,162,12,0,0,29.274,0.692
walking_front.mp4.mp4,28.228,846,13,162,13,0,0,31.7135,0.6798
walking_front.mp4.mp4,28.262,847,13,162,13,0,0,31.7135,0.6656
walking_front.mp4.mp4,28.295,848,12,162,12,0,0,29.274,0.6882
walking_front.mp4.mp4,28.328,849,12,162,12,0,0,29.274,0.6664
walking_front.mp4.mp4,28.362,850,12,162,12,0,0,29.274,0.6886
walking_front.mp4.mp4,28.395,851,12,162,12,0,0,29.274,0.6792
walking_front.mp4.mp4,28.428,852,12,162,12,0,0,29.274,0.6835
walking_front.mp4.mp4,28.462,853,12,162,12,0,0,29.274,0.6945
walking_front.mp4.mp4,28.495,854,11,162,11,0,0,26.8345,0.7121
walking_front.mp4.mp4,28.529,855,11,162,11,0,0,26.8345,0.6759
walking_front.mp4.mp4,28.562,856,10,162,10,0,0,24.395,0.7014
walking_front.mp4.mp4,28.595,857,11,162,11,0,0,26.8345,0.6662
walking_front.mp4.mp4,28.629,858,11,162,11,0,0,26.8345,0.6912
walking_front.mp4.mp4,28.662,859,11,162,11,0,0,26.8345,0.7041
walking_front.mp4.mp4,28.695,860,12,163,12,0,0,29.274,0.6916
walking_front.mp4.mp4,28.729,861,11,163,11,0,0,26.8345,0.7282
walking_front.mp4.mp4,28.762,862,11,163,11,0,0,26.8345,0.7406
walking_front.mp4.mp4,28.795,863,11,163,11,0,0,26.8345,0.7388
walking_front.mp4.mp4,28.829,864,11,163,11,0,0,26.8345,0.7431
walking_front.mp4.mp4,28.862,865,12,163,12,0,0,29.274,0.7186
walking_front.mp4.mp4,28.896,866,11,163,11,0,0,26.8345,0.7443
walking_front.mp4.mp4,28.929,867,11,163,11,0,0,26.8345,0.7184
walking_front.mp4.mp4,28.962,868,11,163,11,0,0,26.8345,0.737
walking_front.mp4.mp4,28.996,869,13,163,13,0,0,31.7135,0.6954
walking_front.mp4.mp4,29.029,870,12,163,12,0,0,29.274,0.6914
walking_front.mp4.mp4,29.062,871,11,163,11,0,0,26.8345,0.7233
walking_front.mp4.mp4,29.096,872,11,163,11,0,0,26.8345,0.7143
walking_front.mp4.mp4,29.129,873,11,163,11,0,0,26.8345,0.7049
walking_front.mp4.mp4,29.162,874,12,164,12,0,0,29.274,0.6798
walking_front.mp4.mp4,29.196,875,12,164,12,0,0,29.274,0.6843
walking_front.mp4.mp4,29.229,876,11,164,11,0,0,26.8345,0.7
walking_front.mp4.mp4,29.263,877,11,164,11,0,0,26.8345,0.7003
walking_front.mp4.mp4,29.296,878,11,164,11,0,0,26.8345,0.6998
walking_front.mp4.mp4,29.329,879,12,164,12,0,0,29.274,0.6933
walking_front.mp4.mp4,29.363,880,12,164,12,0,0,29.274,0.7012
walking_front.mp4.mp4,29.396,881,12,164,12,0,0,29.274,0.7083
walking_front.mp4.mp4,29.429,882,12,164,12,0,0,29.274,0.7073
walking_front.mp4.mp4,29.463,883,12,164,12,0,0,29.274,0.7015
walking_front.mp4.mp4,29.496,884,14,166,14,0,0,34.153,0.6737
walking_front.mp4.mp4,29.530,885,13,166,13,0,0,31.7135,0.6903
walking_front.mp4.mp4,29.563,886,14,166,14,0,0,34.153,0.6779
walking_front.mp4.mp4,29.596,887,14,166,14,0,0,34.153,0.7016
walking_front.mp4.mp4,29.630,888,13,166,13,0,0,31.7135,0.7314
walking_front.mp4.mp4,29.663,889,14,166,14,0,0,34.153,0.7029
walking_front.mp4.mp4,29.696,890,13,166,13,0,0,31.7135,0.6986
walking_front.mp4.mp4,29.730,891,13,166,13,0,0,31.7135,0.6956
walking_front.mp4.mp4,29.763,892,12,167,12,0,0,29.274,0.7141
walking_front.mp4.mp4,29.796,893,11,167,11,0,0,26.8345,0.738
walking_front.mp4.mp4,29.830,894,10,167,10,0,0,24.395,0.7693
walking_front.mp4.mp4,29.863,895,10,167,10,0,0,24.395,0.7632
walking_front.mp4.mp4,29.897,896,11,168,11,0,0,26.8345,0.7366
walking_front.mp4.mp4,29.930,897,11,168,11,0,0,26.8345,0.7427
walking_front.mp4.mp4,29.963,898,11,168,11,0,0,26.8345,0.7208
walking_front.mp4.mp4,29.997,899,11,168,11,0,0,26.8345,0.7234
walking_front.mp4.mp4,30.030,900,11,168,11,0,0,26.8345,0.7115
walking_front.mp4.mp4,30.063,901,12,169,12,0,0,29.274,0.686
walking_front.mp4.mp4,30.097,902,12,169,12,0,0,29.274,0.6923
walking_front.mp4.mp4,30.130,903,10,169,10,0,0,24.395,0.7541
walking_front.mp4.mp4,30.163,904,10,169,10,0,0,24.395,0.736
walking_front.mp4.mp4,30.197,905,9,169,9,0,0,21.9555,0.7805
walking_front.mp4.mp4,30.230,906,11,170,11,0,0,26.8345,0.7196
walking_front.mp4.mp4,30.264,907,12,170,12,0,0,29.274,0.6962
walking_front.mp4.mp4,30.297,908,11,170,11,0,0,26.8345,0.7188
walking_front.mp4.mp4,30.330,909,12,171,12,0,0,29.274,0.6808
walking_front.mp4.mp4,30.364,910,12,171,12,0,0,29.274,0.6831
walking_front.mp4.mp4,30.397,911,11,171,11,0,0,26.8345,0.7168
walking_front.mp4.mp4,30.430,912,11,171,11,0,0,26.8345,0.7064
walking_front.mp4.mp4,30.464,913,11,171,11,0,0,26.8345,0.7163
walking_front.mp4.mp4,30.497,914,10,171,10,0,0,24.395,0.7496
walking_front.mp4.mp4,30.530,915,10,171,10,0,0,24.395,0.7522
walking_front.mp4.mp4,30.564,916,10,171,10,0,0,24.395,0.7448
walking_front.mp4.mp4,30.597,917,10,171,10,0,0,24.395,0.7426
walking_front.mp4.mp4,30.631,918,10,171,10,0,0,24.395,0.7298
walking_front.mp4.mp4,30.664,919,9,171,9,0,0,21.9555,0.7441
walking_front.mp4.mp4,30.697,920,9,171,9,0,0,21.9555,0.7239
walking_front.mp4.mp4,30.731,921,9,171,9,0,0,21.9555,0.7226
walking_front.mp4.mp4,30.764,922,8,171,8,0,0,19.516,0.7858
walking_front.mp4.mp4,30.797,923,9,171,9,0,0,21.9555,0.7253
walking_front.mp4.mp4,30.831,924,9,171,9,0,0,21.9555,0.7283
walking_front.mp4.mp4,30.864,925,9,171,9,0,0,21.9555,0.7317
walking_front.mp4.mp4,30.898,926,10,172,10,0,0,24.395,0.7128
walking_front.mp4.mp4,30.931,927,10,172,10,0,0,24.395,0.6899
walking_front.mp4.mp4,30.964,928,11,172,11,0,0,26.8345,0.6635
walking_front.mp4.mp4,30.998,929,11,172,11,0,0,26.8345,0.6887
walking_front.mp4.mp4,31.031,930,11,172,11,0,0,26.8345,0.6777
walking_front.mp4.mp4,31.064,931,11,172,11,0,0,26.8345,0.6853
walking_front.mp4.mp4,31.098,932,11,172,11,0,0,26.8345,0.6724
walking_front.mp4.mp4,31.131,933,12,173,12,0,0,29.274,0.6634
walking_front.mp4.mp4,31.164,934,11,173,11,0,0,26.8345,0.6763
walking_front.mp4.mp4,31.198,935,11,173,11,0,0,26.8345,0.6686
walking_front.mp4.mp4,31.231,936,10,173,10,0,0,24.395,0.681
walking_front.mp4.mp4,31.265,937,9,173,9,0,0,21.9555,0.7188
walking_front.mp4.mp4,31.298,938,8,173,8,0,0,19.516,0.7394
walking_front.mp4.mp4,31.331,939,8,173,8,0,0,19.516,0.6715
walking_front.mp4.mp4,31.365,940,7,173,7,0,0,17.0765,0.6565
walking_front.mp4.mp4,31.398,941,8,173,8,0,0,19.516,0.6084
walking_front.mp4.mp4,31.431,942,7,173,7,0,0,17.0765,0.6116
walking_front.mp4.mp4,31.465,943,7,173,7,0,0,17.0765,0.61
walking_front.mp4.mp4,31.498,944,6,173,6,0,0,14.637,0.6063
walking_front.mp4.mp4,31.532,945,6,173,6,0,0,14.637,0.5716
walking_front.mp4.mp4,31.565,946,5,174,5,0,0,12.1975,0.5201
walking_front.mp4.mp4,31.598,947,4,175,4,0,0,9.758,0.5391
walking_front.mp4.mp4,31.632,948,5,176,5,0,0,12.1975,0.619
walking_front.mp4.mp4,31.665,949,6,177,6,0,0,14.637,0.7053
walking_front.mp4.mp4,31.698,950,6,177,6,0,0,14.637,0.768
walking_front.mp4.mp4,31.732,951,9,180,9,0,0,21.9555,0.7415
walking_front.mp4.mp4,31.765,952,9,180,9,0,0,21.9555,0.7499
walking_front.mp4.mp4,31.798,953,9,180,9,0,0,21.9555,0.7471
walking_front.mp4.mp4,31.832,954,10,181,10,0,0,24.395,0.7344
walking_front.mp4.mp4,31.865,955,10,181,10,0,0,24.395,0.7465
walking_front.mp4.mp4,31.899,956,10,181,10,0,0,24.395,0.7614
walking_front.mp4.mp4,31.932,957,10,181,10,0,0,24.395,0.7774
walking_front.mp4.mp4,31.965,958,10,181,10,0,0,24.395,0.7925
walking_front.mp4.mp4,31.999,959,10,181,10,0,0,24.395,0.7892
walking_front.mp4.mp4,32.032,960,10,181,10,0,0,24.395,0.7987
walking_front.mp4.mp4,32.065,961,10,181,10,0,0,24.395,0.8076
walking_front.mp4.mp4,32.099,962,13,184,13,0,0,31.7135,0.7176
walking_front.mp4.mp4,32.132,963,13,184,13,0,0,31.7135,0.7117
walking_front.mp4.mp4,32.165,964,13,184,13,0,0,31.7135,0.7078
walking_front.mp4.mp4,32.199,965,12,184,12,0,0,29.274,0.7045
walking_front.mp4.mp4,32.232,966,11,184,11,0,0,26.8345,0.7237
walking_front.mp4.mp4,32.266,967,10,184,10,0,0,24.395,0.7395
walking_front.mp4.mp4,32.299,968,10,184,10,0,0,24.395,0.7335
walking_front.mp4.mp4,32.332,969,11,185,11,0,0,26.8345,0.718
walking_front.mp4.mp4,32.366,970,10,185,10,0,0,24.395,0.7563
walking_front.mp4.mp4,32.399,971,11,185,11,0,0,26.8345,0.7163
walking_front.mp4.mp4,32.432,972,11,185,11,0,0,26.8345,0.7196
walking_front.mp4.mp4,32.466,973,11,185,11,0,0,26.8345,0.7145
walking_front.mp4.mp4,32.499,974,11,185,11,0,0,26.8345,0.7046
walking_front.mp4.mp4,32.532,975,10,185,10,0,0,24.395,0.7132
walking_front.mp4.mp4,32.566,976,9,185,9,0,0,21.9555,0.7321
walking_front.mp4.mp4,32.599,977,8,185,8,0,0,19.516,0.7751
walking_front.mp4.mp4,32.633,978,9,185,9,0,0,21.9555,0.7325
walking_front.mp4.mp4,32.666,979,9,185,9,0,0,21.9555,0.7412
walking_front.mp4.mp4,32.699,980,10,186,10,0,0,24.395,0.7154
walking_front.mp4.mp4,32.733,981,10,186,10,0,0,24.395,0.722
walking_front.mp4.mp4,32.766,982,10,186,10,0,0,24.395,0.72
walking_front.mp4.mp4,32.799,983,10,186,10,0,0,24.395,0.7059
walking_front.mp4.mp4,32.833,984,10,186,10,0,0,24.395,0.7044
walking_front.mp4.mp4,32.866,985,11,187,11,0,0,26.8345,0.6763
walking_front.mp4.mp4,32.900,986,11,188,11,0,0,26.8345,0.6795
walking_front.mp4.mp4,32.933,987,10,188,10,0,0,24.395,0.7085
walking_front.mp4.mp4,32.966,988,9,188,9,0,0,21.9555,0.7466
walking_front.mp4.mp4,33.000,989,10,188,10,0,0,24.395,0.7018
walking_front.mp4.mp4,33.033,990,11,188,11,0,0,26.8345,0.6618
walking_front.mp4.mp4,33.066,991,11,189,11,0,0,26.8345,0.6676
walking_front.mp4.mp4,33.100,992,10,189,10,0,0,24.395,0.6932
walking_front.mp4.mp4,33.133,993,11,191,11,0,0,26.8345,0.7071
walking_front.mp4.mp4,33.166,994,12,192,12,0,0,29.274,0.6806
walking_front.mp4.mp4,33.200,995,13,193,13,0,0,31.7135,0.6606
walking_front.mp4.mp4,33.233,996,11,193,11,0,0,26.8345,0.7042
walking_front.mp4.mp4,33.267,997,11,193,11,0,0,26.8345,0.7139
walking_front.mp4.mp4,33.300,998,12,193,12,0,0,29.274,0.6941
walking_front.mp4.mp4,33.333,999,12,193,12,0,0,29.274,0.6873
walking_front.mp4.mp4,33.367,1000,11,193,11,0,0,26.8345,0.686
walking_front.mp4.mp4,33.400,1001,9,193,9,0,0,21.9555,0.7642
walking_front.mp4.mp4,33.433,1002,9,193,9,0,0,21.9555,0.7671
walking_front.mp4.mp4,33.467,1003,9,193,9,0,0,21.9555,0.7567
walking_front.mp4.mp4,33.500,1004,10,194,10,0,0,24.395,0.7236
walking_front.mp4.mp4,33.534,1005,9,194,9,0,0,21.9555,0.7351
walking_front.mp4.mp4,33.567,1006,9,194,9,0,0,21.9555,0.7352
walking_front.mp4.mp4,33.600,1007,9,194,9,0,0,21.9555,0.735
walking_front.mp4.mp4,33.634,1008,9,194,9,0,0,21.9555,0.7402
walking_front.mp4.mp4,33.667,1009,9,194,9,0,0,21.9555,0.7245
walking_front.mp4.mp4,33.700,1010,9,194,9,0,0,21.9555,0.7209
walking_front.mp4.mp4,33.734,1011,8,194,8,0,0,19.516,0.7452
walking_front.mp4.mp4,33.767,1012,8,195,8,0,0,19.516,0.7604
walking_front.mp4.mp4,33.800,1013,9,196,9,0,0,21.9555,0.7125
walking_front.mp4.mp4,33.834,1014,10,196,10,0,0,24.395,0.6799
walking_front.mp4.mp4,33.867,1015,9,196,9,0,0,21.9555,0.7087
walking_front.mp4.mp4,33.901,1016,9,196,9,0,0,21.9555,0.7195
walking_front.mp4.mp4,33.934,1017,9,196,9,0,0,21.9555,0.7236
walking_front.mp4.mp4,33.967,1018,8,196,8,0,0,19.516,0.7691
walking_front.mp4.mp4,34.001,1019,9,196,9,0,0,21.9555,0.7473
walking_front.mp4.mp4,34.034,1020,9,196,9,0,0,21.9555,0.7445
walking_front.mp4.mp4,34.067,1021,9,196,9,0,0,21.9555,0.7445
walking_front.mp4.mp4,34.101,1022,10,196,10,0,0,24.395,0.7078
walking_front.mp4.mp4,34.134,1023,11,197,11,0,0,26.8345,0.707
walking_front.mp4.mp4,34.167,1024,11,197,11,0,0,26.8345,0.7022
walking_front.mp4.mp4,34.201,1025,11,197,11,0,0,26.8345,0.7045
walking_front.mp4.mp4,34.234,1026,11,197,11,0,0,26.8345,0.6991
walking_front.mp4.mp4,34.268,1027,11,198,11,0,0,26.8345,0.6871
walking_front.mp4.mp4,34.301,1028,10,198,10,0,0,24.395,0.6857
walking_front.mp4.mp4,34.334,1029,10,199,10,0,0,24.395,0.698
walking_front.mp4.mp4,34.368,1030,10,199,10,0,0,24.395,0.7147
walking_front.mp4.mp4,34.401,1031,10,199,10,0,0,24.395,0.7149
walking_front.mp4.mp4,34.434,1032,10,199,10,0,0,24.395,0.7132
walking_front.mp4.mp4,34.468,1033,10,199,10,0,0,24.395,0.7154
walking_front.mp4.mp4,34.501,1034,11,200,11,0,0,26.8345,0.7018
walking_front.mp4.mp4,34.535,1035,11,200,11,0,0,26.8345,0.7103
walking_front.mp4.mp4,34.568,1036,11,200,11,0,0,26.8345,0.6838
walking_front.mp4.mp4,34.601,1037,10,200,10,0,0,24.395,0.7227
walking_front.mp4.mp4,34.635,1038,12,201,12,0,0,29.274,0.6838
walking_front.mp4.mp4,34.668,1039,11,201,11,0,0,26.8345,0.6977
walking_front.mp4.mp4,34.701,1040,11,202,11,0,0,26.8345,0.6785
walking_front.mp4.mp4,34.735,1041,11,202,11,0,0,26.8345,0.6612
walking_front.mp4.mp4,34.768,1042,8,202,8,0,0,19.516,0.7539
walking_front.mp4.mp4,34.801,1043,8,202,8,0,0,19.516,0.7597
walking_front.mp4.mp4,34.835,1044,8,202,8,0,0,19.516,0.7606
walking_front.mp4.mp4,34.868,1045,9,202,9,0,0,21.9555,0.7085
walking_front.mp4.mp4,34.902,1046,8,202,8,0,0,19.516,0.7285
walking_front.mp4.mp4,34.935,1047,8,202,8,0,0,19.516,0.7243
walking_front.mp4.mp4,34.968,1048,10,203,10,0,0,24.395,0.6415
walking_front.mp4.mp4,35.002,1049,12,204,12,0,0,29.274,0.6052
walking_front.mp4.mp4,35.035,1050,14,205,14,0,0,34.153,0.5705
walking_front.mp4.mp4,35.068,1051,13,206,13,0,0,31.7135,0.5939
walking_front.mp4.mp4,35.102,1052,12,206,12,0,0,29.274,0.6352
walking_front.mp4.mp4,35.135,1053,12,206,12,0,0,29.274,0.6289
walking_front.mp4.mp4,35.168,1054,13,207,13,0,0,31.7135,0.601
walking_front.mp4.mp4,35.202,1055,13,207,13,0,0,31.7135,0.5873
walking_front.mp4.mp4,35.235,1056,11,207,11,0,0,26.8345,0.6509
walking_front.mp4.mp4,35.269,1057,11,207,11,0,0,26.8345,0.6592
walking_front.mp4.mp4,35.302,1058,12,207,12,0,0,29.274,0.6426
walking_front.mp4.mp4,35.335,1059,11,207,11,0,0,26.8345,0.6474
walking_front.mp4.mp4,35.369,1060,12,208,12,0,0,29.274,0.6249
walking_front.mp4.mp4,35.402,1061,11,208,11,0,0,26.8345,0.6383
walking_front.mp4.mp4,35.435,1062,10,208,10,0,0,24.395,0.6454
walking_front.mp4.mp4,35.469,1063,10,208,10,0,0,24.395,0.6496
walking_front.mp4.mp4,35.502,1064,11,208,11,0,0,26.8345,0.6199
walking_front.mp4.mp4,35.535,1065,10,208,10,0,0,24.395,0.6437
walking_front.mp4.mp4,35.569,1066,11,208,11,0,0,26.8345,0.6207
walking_front.mp4.mp4,35.602,1067,11,208,11,0,0,26.8345,0.6228
walking_front.mp4.mp4,35.636,1068,10,208,10,0,0,24.395,0.6595
walking_front.mp4.mp4,35.669,1069,10,208,10,0,0,24.395,0.6576
walking_front.mp4.mp4,35.702,1070,10,208,10,0,0,24.395,0.6825
walking_front.mp4.mp4,35.736,1071,10,208,10,0,0,24.395,0.6666
walking_front.mp4.mp4,35.769,1072,10,208,10,0,0,24.395,0.6662
walking_front.mp4.mp4,35.802,1073,10,208,10,0,0,24.395,0.6595
walking_front.mp4.mp4,35.836,1074,10,208,10,0,0,24.395,0.6793
walking_front.mp4.mp4,35.869,1075,12,209,12,0,0,29.274,0.6487
walking_front.mp4.mp4,35.903,1076,10,209,10,0,0,24.395,0.6855
walking_front.mp4.mp4,35.936,1077,11,209,11,0,0,26.8345,0.6701
walking_front.mp4.mp4,35.969,1078,10,209,10,0,0,24.395,0.7051
walking_front.mp4.mp4,36.003,1079,11,209,11,0,0,26.8345,0.6682
walking_front.mp4.mp4,36.036,1080,10,209,10,0,0,24.395,0.6778
walking_front.mp4.mp4,36.069,1081,11,210,11,0,0,26.8345,0.6921
walking_front.mp4.mp4,36.103,1082,11,210,11,0,0,26.8345,0.6827
walking_front.mp4.mp4,36.136,1083,10,210,10,0,0,24.395,0.7008
walking_front.mp4.mp4,36.169,1084,11,211,11,0,0,26.8345,0.6967
walking_front.mp4.mp4,36.203,1085,13,212,13,0,0,31.7135,0.6667
walking_front.mp4.mp4,36.236,1086,13,212,13,0,0,31.7135,0.6872
walking_front.mp4.mp4,36.270,1087,13,212,13,0,0,31.7135,0.6878
walking_front.mp4.mp4,36.303,1088,13,212,13,0,0,31.7135,0.6843
walking_front.mp4.mp4,36.336,1089,13,212,13,0,0,31.7135,0.6818
walking_front.mp4.mp4,36.370,1090,13,212,13,0,0,31.7135,0.6896
walking_front.mp4.mp4,36.403,1091,13,212,13,0,0,31.7135,0.6933
walking_front.mp4.mp4,36.436,1092,13,212,13,0,0,31.7135,0.7032
walking_front.mp4.mp4,36.470,1093,13,212,13,0,0,31.7135,0.6941
walking_front.mp4.mp4,36.503,1094,13,212,13,0,0,31.7135,0.6801
walking_front.mp4.mp4,36.537,1095,14,213,14,0,0,34.153,0.6605
walking_front.mp4.mp4,36.570,1096,13,213,13,0,0,31.7135,0.6752
walking_front.mp4.mp4,36.603,1097,14,214,14,0,0,34.153,0.6558
walking_front.mp4.mp4,36.637,1098,13,214,13,0,0,31.7135,0.6761
walking_front.mp4.mp4,36.670,1099,11,214,11,0,0,26.8345,0.7229
walking_front.mp4.mp4,36.703,1100,12,214,12,0,0,29.274,0.6884
walking_front.mp4.mp4,36.737,1101,13,214,13,0,0,31.7135,0.6513
walking_front.mp4.mp4,36.770,1102,13,214,13,0,0,31.7135,0.6615
walking_front.mp4.mp4,36.803,1103,12,215,12,0,0,29.274,0.692
walking_front.mp4.mp4,36.837,1104,11,215,11,0,0,26.8345,0.7217
walking_front.mp4.mp4,36.870,1105,11,215,11,0,0,26.8345,0.7158
walking_front.mp4.mp4,36.904,1106,11,215,11,0,0,26.8345,0.7308
walking_front.mp4.mp4,36.937,1107,11,215,11,0,0,26.8345,0.7217
walking_front.mp4.mp4,36.970,1108,12,216,12,0,0,29.274,0.7083
walking_front.mp4.mp4,37.004,1109,12,216,12,0,0,29.274,0.7154
walking_front.mp4.mp4,37.037,1110,13,216,13,0,0,31.7135,0.6861
walking_front.mp4.mp4,37.070,1111,12,216,12,0,0,29.274,0.6963
walking_front.mp4.mp4,37.104,1112,12,216,12,0,0,29.274,0.7171
walking_front.mp4.mp4,37.137,1113,12,216,12,0,0,29.274,0.6914
walking_front.mp4.mp4,37.170,1114,12,216,12,0,0,29.274,0.6798
walking_front.mp4.mp4,37.204,1115,12,216,12,0,0,29.274,0.673
walking_front.mp4.mp4,37.237,1116,11,216,11,0,0,26.8345,0.7033
walking_front.mp4.mp4,37.271,1117,12,216,12,0,0,29.274,0.6813
walking_front.mp4.mp4,37.304,1118,12,216,12,0,0,29.274,0.689
walking_front.mp4.mp4,37.337,1119,12,216,12,0,0,29.274,0.7076
walking_front.mp4.mp4,37.371,1120,13,216,13,0,0,31.7135,0.6817
walking_front.mp4.mp4,37.404,1121,13,216,13,0,0,31.7135,0.7031
walking_front.mp4.mp4,37.437,1122,14,217,14,0,0,34.153,0.6785
walking_front.mp4.mp4,37.471,1123,14,217,14,0,0,34.153,0.6805
walking_front.mp4.mp4,37.504,1124,14,217,14,0,0,34.153,0.6757
walking_front.mp4.mp4,37.538,1125,14,217,14,0,0,34.153,0.6321
walking_front.mp4.mp4,37.571,1126,13,217,13,0,0,31.7135,0.6533
walking_front.mp4.mp4,37.604,1127,13,217,13,0,0,31.7135,0.6585
walking_front.mp4.mp4,37.638,1128,14,217,14,0,0,34.153,0.6459
walking_front.mp4.mp4,37.671,1129,14,217,14,0,0,34.153,0.6416
walking_front.mp4.mp4,37.704,1130,13,217,13,0,0,31.7135,0.6717
walking_front.mp4.mp4,37.738,1131,12,217,12,0,0,29.274,0.6845
walking_front.mp4.mp4,37.771,1132,12,217,12,0,0,29.274,0.6744
walking_front.mp4.mp4,37.804,1133,11,217,11,0,0,26.8345,0.7091
walking_front.mp4.mp4,37.838,1134,12,217,12,0,0,29.274,0.6809
walking_front.mp4.mp4,37.871,1135,11,217,11,0,0,26.8345,0.7081
walking_front.mp4.mp4,37.905,1136,12,217,12,0,0,29.274,0.6655
walking_front.mp4.mp4,37.938,1137,12,217,12,0,0,29.274,0.6746
walking_front.mp4.mp4,37.971,1138,13,218,13,0,0,31.7135,0.6693
walking_front.mp4.mp4,38.005,1139,13,218,13,0,0,31.7135,0.6718
walking_front.mp4.mp4,38.038,1140,13,218,13,0,0,31.7135,0.6711
walking_front.mp4.mp4,38.071,1141,12,218,12,0,0,29.274,0.6902
walking_front.mp4.mp4,38.105,1142,12,218,12,0,0,29.274,0.6991
walking_front.mp4.mp4,38.138,1143,12,218,12,0,0,29.274,0.7068
walking_front.mp4.mp4,38.171,1144,12,218,12,0,0,29.274,0.7011
walking_front.mp4.mp4,38.205,1145,13,219,13,0,0,31.7135,0.6785
walking_front.mp4.mp4,38.238,1146,13,219,13,0,0,31.7135,0.6764
walking_front.mp4.mp4,38.272,1147,13,219,13,0,0,31.7135,0.6707
walking_front.mp4.mp4,38.305,1148,13,219,13,0,0,31.7135,0.6827
walking_front.mp4.mp4,38.338,1149,14,220,14,0,0,34.153,0.685
walking_front.mp4.mp4,38.372,1150,14,220,14,0,0,34.153,0.6879
walking_front.mp4.mp4,38.405,1151,14,220,14,0,0,34.153,0.692
walking_front.mp4.mp4,38.438,1152,14,220,14,0,0,34.153,0.6923
walking_front.mp4.mp4,38.472,1153,14,220,14,0,0,34.153,0.6856
walking_front.mp4.mp4,38.505,1154,14,220,14,0,0,34.153,0.6841
walking_front.mp4.mp4,38.538,1155,14,220,14,0,0,34.153,0.6937
walking_front.mp4.mp4,38.572,1156,14,220,14,0,0,34.153,0.6915
walking_front.mp4.mp4,38.605,1157,14,220,14,0,0,34.153,0.6898
walking_front.mp4.mp4,38.639,1158,14,220,14,0,0,34.153,0.6865
walking_front.mp4.mp4,38.672,1159,14,220,14,0,0,34.153,0.6794
walking_front.mp4.mp4,38.705,1160,14,220,14,0,0,34.153,0.69
walking_front.mp4.mp4,38.739,1161,14,220,14,0,0,34.153,0.6923
walking_front.mp4.mp4,38.772,1162,14,220,14,0,0,34.153,0.6842
walking_front.mp4.mp4,38.805,1163,14,220,14,0,0,34.153,0.6929
walking_front.mp4.mp4,38.839,1164,15,221,15,0,0,36.5925,0.6717
walking_front.mp4.mp4,38.872,1165,16,222,16,0,0,39.032,0.645
walking_front.mp4.mp4,38.906,1166,15,222,15,0,0,36.5925,0.6581
walking_front.mp4.mp4,38.939,1167,15,222,15,0,0,36.5925,0.6648
walking_front.mp4.mp4,38.972,1168,13,222,13,0,0,31.7135,0.6848
walking_front.mp4.mp4,39.006,1169,15,222,15,0,0,36.5925,0.6432
walking_front.mp4.mp4,39.039,1170,15,222,15,0,0,36.5925,0.6496
walking_front.mp4.mp4,39.072,1171,15,222,15,0,0,36.5925,0.6683
walking_front.mp4.mp4,39.106,1172,15,222,15,0,0,36.5925,0.6574
walking_front.mp4.mp4,39.139,1173,15,222,15,0,0,36.5925,0.6675
walking_front.mp4.mp4,39.172,1174,14,222,14,0,0,34.153,0.6975
walking_front.mp4.mp4,39.206,1175,14,222,14,0,0,34.153,0.6828
walking_front.mp4.mp4,39.239,1176,14,222,14,0,0,34.153,0.6819
walking_front.mp4.mp4,39.273,1177,14,222,14,0,0,34.153,0.6778
walking_front.mp4.mp4,39.306,1178,16,223,16,0,0,39.032,0.6307
walking_front.mp4.mp4,39.339,1179,16,223,16,0,0,39.032,0.6369
walking_front.mp4.mp4,39.373,1180,16,223,16,0,0,39.032,0.6278
walking_front.mp4.mp4,39.406,1181,18,225,18,0,0,43.911,0.6163
walking_front.mp4.mp4,39.439,1182,19,226,19,0,0,46.3505,0.5974
walking_front.mp4.mp4,39.473,1183,19,226,19,0,0,46.3505,0.5903
walking_front.mp4.mp4,39.506,1184,17,226,17,0,0,41.4715,0.6196
walking_front.mp4.mp4,39.540,1185,17,226,17,0,0,41.4715,0.6162
walking_front.mp4.mp4,39.573,1186,16,226,16,0,0,39.032,0.6283
walking_front.mp4.mp4,39.606,1187,16,226,16,0,0,39.032,0.6234
walking_front.mp4.mp4,39.640,1188,15,226,15,0,0,36.5925,0.6284
walking_front.mp4.mp4,39.673,1189,15,226,15,0,0,36.5925,0.6046
walking_front.mp4.mp4,39.706,1190,14,226,14,0,0,34.153,0.6297
walking_front.mp4.mp4,39.740,1191,14,227,14,0,0,34.153,0.6191
walking_front.mp4.mp4,39.773,1192,15,227,15,0,0,36.5925,0.605
walking_front.mp4.mp4,39.806,1193,15,227,15,0,0,36.5925,0.6267
walking_front.mp4.mp4,39.840,1194,14,227,14,0,0,34.153,0.638
walking_front.mp4.mp4,39.873,1195,13,227,13,0,0,31.7135,0.6637
walking_front.mp4.mp4,39.907,1196,14,228,14,0,0,34.153,0.6488
walking_front.mp4.mp4,39.940,1197,13,228,13,0,0,31.7135,0.666
walking_front.mp4.mp4,39.973,1198,13,228,13,0,0,31.7135,0.646
walking_front.mp4.mp4,40.007,1199,13,228,13,0,0,31.7135,0.6377
walking_front.mp4.mp4,40.040,1200,13,228,13,0,0,31.7135,0.6374
walking_front.mp4.mp4,40.073,1201,13,228,13,0,0,31.7135,0.6374
walking_front.mp4.mp4,40.107,1202,12,229,12,0,0,29.274,0.6506
walking_front.mp4.mp4,40.140,1203,11,229,11,0,0,26.8345,0.6768
walking_front.mp4.mp4,40.173,1204,13,229,13,0,0,31.7135,0.6287
walking_front.mp4.mp4,40.207,1205,12,229,12,0,0,29.274,0.6409
walking_front.mp4.mp4,40.240,1206,12,229,12,0,0,29.274,0.6482
walking_front.mp4.mp4,40.274,1207,10,229,10,0,0,24.395,0.6714
walking_front.mp4.mp4,40.307,1208,11,229,11,0,0,26.8345,0.6604
walking_front.mp4.mp4,40.340,1209,12,230,12,0,0,29.274,0.6565
walking_front.mp4.mp4,40.374,1210,12,230,12,0,0,29.274,0.6393
walking_front.mp4.mp4,40.407,1211,14,231,14,0,0,34.153,0.6105
walking_front.mp4.mp4,40.440,1212,14,231,14,0,0,34.153,0.6055
walking_front.mp4.mp4,40.474,1213,14,231,14,0,0,34.153,0.5992
walking_front.mp4.mp4,40.507,1214,14,231,14,0,0,34.153,0.6083
walking_front.mp4.mp4,40.541,1215,14,232,14,0,0,34.153,0.6223
walking_front.mp4.mp4,40.574,1216,15,233,15,0,0,36.5925,0.6175
walking_front.mp4.mp4,40.607,1217,15,233,15,0,0,36.5925,0.6087
walking_front.mp4.mp4,40.641,1218,14,233,14,0,0,34.153,0.6088
walking_front.mp4.mp4,40.674,1219,13,233,13,0,0,31.7135,0.6309
walking_front.mp4.mp4,40.707,1220,12,233,12,0,0,29.274,0.6544
walking_front.mp4.mp4,40.741,1221,12,233,12,0,0,29.274,0.6825
walking_front.mp4.mp4,40.774,1222,11,233,11,0,0,26.8345,0.714
walking_front.mp4.mp4,40.807,1223,11,233,11,0,0,26.8345,0.7012
walking_front.mp4.mp4,40.841,1224,12,234,12,0,0,29.274,0.6782
walking_front.mp4.mp4,40.874,1225,12,234,12,0,0,29.274,0.6855
walking_front.mp4.mp4,40.908,1226,13,235,13,0,0,31.7135,0.6669
walking_front.mp4.mp4,40.941,1227,13,235,13,0,0,31.7135,0.6688
walking_front.mp4.mp4,40.974,1228,13,235,13,0,0,31.7135,0.6667
walking_front.mp4.mp4,41.008,1229,13,235,13,0,0,31.7135,0.6606
walking_front.mp4.mp4,41.041,1230,13,235,13,0,0,31.7135,0.6704
walking_front.mp4.mp4,41.074,1231,13,235,13,0,0,31.7135,0.6485
walking_front.mp4.mp4,41.108,1232,14,235,14,0,0,34.153,0.6329
walking_front.mp4.mp4,41.141,1233,14,235,14,0,0,34.153,0.6471
walking_front.mp4.mp4,41.174,1234,14,235,14,0,0,34.153,0.6504
walking_front.mp4.mp4,41.208,1235,14,235,14,0,0,34.153,0.6509
walking_front.mp4.mp4,41.241,1236,14,235,14,0,0,34.153,0.6448
walking_front.mp4.mp4,41.275,1237,16,236,16,0,0,39.032,0.6074
walking_front.mp4.mp4,41.308,1238,16,237,16,0,0,39.032,0.598
walking_front.mp4.mp4,41.341,1239,13,237,13,0,0,31.7135,0.6491
walking_front.mp4.mp4,41.375,1240,13,237,13,0,0,31.7135,0.66
walking_front.mp4.mp4,41.408,1241,13,237,13,0,0,31.7135,0.6415
walking_front.mp4.mp4,41.441,1242,12,237,12,0,0,29.274,0.6591
walking_front.mp4.mp4,41.475,1243,13,237,13,0,0,31.7135,0.6535
walking_front.mp4.mp4,41.508,1244,12,237,12,0,0,29.274,0.6624
walking_front.mp4.mp4,41.541,1245,14,237,14,0,0,34.153,0.6176
walking_front.mp4.mp4,41.575,1246,12,237,12,0,0,29.274,0.6711
walking_front.mp4.mp4,41.608,1247,12,237,12,0,0,29.274,0.6639
walking_front.mp4.mp4,41.642,1248,12,237,12,0,0,29.274,0.6719
walking_front.mp4.mp4,41.675,1249,12,237,12,0,0,29.274,0.6785
walking_front.mp4.mp4,41.708,1250,12,237,12,0,0,29.274,0.6851
walking_front.mp4.mp4,41.742,1251,12,237,12,0,0,29.274,0.6914
walking_front.mp4.mp4,41.775,1252,11,237,11,0,0,26.8345,0.7225
walking_front.mp4.mp4,41.808,1253,12,237,12,0,0,29.274,0.691
walking_front.mp4.mp4,41.842,1254,12,237,12,0,0,29.274,0.6813
walking_front.mp4.mp4,41.875,1255,11,237,11,0,0,26.8345,0.7344
walking_front.mp4.mp4,41.909,1256,12,237,12,0,0,29.274,0.7091
walking_front.mp4.mp4,41.942,1257,12,237,12,0,0,29.274,0.7193
walking_front.mp4.mp4,41.975,1258,12,237,12,0,0,29.274,0.7217
walking_front.mp4.mp4,42.009,1259,12,237,12,0,0,29.274,0.7291
walking_front.mp4.mp4,42.042,1260,12,237,12,0,0,29.274,0.7309
walking_front.mp4.mp4,42.075,1261,12,237,12,0,0,29.274,0.7259
walking_front.mp4.mp4,42.109,1262,13,238,13,0,0,31.7135,0.7101
walking_front.mp4.mp4,42.142,1263,13,238,13,0,0,31.7135,0.7086
walking_front.mp4.mp4,42.175,1264,13,238,13,0,0,31.7135,0.726
walking_front.mp4.mp4,42.209,1265,13,238,13,0,0,31.7135,0.734
walking_front.mp4.mp4,42.242,1266,13,238,13,0,0,31.7135,0.7343
walking_front.mp4.mp4,42.276,1267,13,238,13,0,0,31.7135,0.7211
walking_front.mp4.mp4,42.309,1268,13,238,13,0,0,31.7135,0.7209
walking_front.mp4.mp4,42.342,1269,13,238,13,0,0,31.7135,0.7122
walking_front.mp4.mp4,42.376,1270,13,238,13,0,0,31.7135,0.7038
walking_front.mp4.mp4,42.409,1271,13,238,13,0,0,31.7135,0.7044
walking_front.mp4.mp4,42.442,1272,13,238,13,0,0,31.7135,0.724
walking_front.mp4.mp4,42.476,1273,13,238,13,0,0,31.7135,0.7053
walking_front.mp4.mp4,42.509,1274,13,238,13,0,0,31.7135,0.6977
walking_front.mp4.mp4,42.543,1275,13,238,13,0,0,31.7135,0.7015
walking_front.mp4.mp4,42.576,1276,13,239,13,0,0,31.7135,0.7122
walking_front.mp4.mp4,42.609,1277,13,239,13,0,0,31.7135,0.7132
walking_front.mp4.mp4,42.643,1278,12,239,12,0,0,29.274,0.7424
walking_front.mp4.mp4,42.676,1279,13,239,13,0,0,31.7135,0.7197
walking_front.mp4.mp4,42.709,1280,13,239,13,0,0,31.7135,0.7137
walking_front.mp4.mp4,42.743,1281,13,239,13,0,0,31.7135,0.7229
walking_front.mp4.mp4,42.776,1282,13,239,13,0,0,31.7135,0.7196
walking_front.mp4.mp4,42.809,1283,13,239,13,0,0,31.7135,0.7161
walking_front.mp4.mp4,42.843,1284,13,239,13,0,0,31.7135,0.727
walking_front.mp4.mp4,42.876,1285,13,239,13,0,0,31.7135,0.7066
walking_front.mp4.mp4,42.910,1286,13,239,13,0,0,31.7135,0.7071
walking_front.mp4.mp4,42.943,1287,12,239,12,0,0,29.274,0.7263
walking_front.mp4.mp4,42.976,1288,13,239,13,0,0,31.7135,0.6786
walking_front.mp4.mp4,43.010,1289,13,239,13,0,0,31.7135,0.6974
walking_front.mp4.mp4,43.043,1290,13,239,13,0,0,31.7135,0.6611
walking_front.mp4.mp4,43.076,1291,11,239,11,0,0,26.8345,0.6158
walking_front.mp4.mp4,43.110,1292,11,240,11,0,0,26.8345,0.5978
walking_front.mp4.mp4,43.143,1293,9,240,9,0,0,21.9555,0.5776
walking_front.mp4.mp4,43.176,1294,7,240,7,0,0,17.0765,0.5588
walking_front.mp4.mp4,43.210,1295,6,240,6,0,0,14.637,0.5149
walking_front.mp4.mp4,43.243,1296,6,242,6,0,0,14.637,0.5933
walking_front.mp4.mp4,43.277,1297,6,243,6,0,0,14.637,0.602
walking_front.mp4.mp4,43.310,1298,7,246,7,0,0,17.0765,0.6225
walking_front.mp4.mp4,43.343,1299,9,247,9,0,0,21.9555,0.5709
walking_front.mp4.mp4,43.377,1300,11,248,11,0,0,26.8345,0.5849
walking_front.mp4.mp4,43.410,1301,12,249,12,0,0,29.274,0.5977
walking_front.mp4.mp4,43.443,1302,13,250,13,0,0,31.7135,0.6449
walking_front.mp4.mp4,43.477,1303,13,250,13,0,0,31.7135,0.6405
walking_front.mp4.mp4,43.510,1304,12,250,12,0,0,29.274,0.6262
walking_front.mp4.mp4,43.544,1305,13,251,13,0,0,31.7135,0.5961
walking_front.mp4.mp4,43.577,1306,14,251,14,0,0,34.153,0.5877
walking_front.mp4.mp4,43.610,1307,13,252,13,0,0,31.7135,0.6145
walking_front.mp4.mp4,43.644,1308,15,253,15,0,0,36.5925,0.5701
walking_front.mp4.mp4,43.677,1309,14,253,14,0,0,34.153,0.6039
walking_front.mp4.mp4,43.710,1310,13,254,13,0,0,31.7135,0.6162
walking_front.mp4.mp4,43.744,1311,12,254,12,0,0,29.274,0.6211
walking_front.mp4.mp4,43.777,1312,11,256,11,0,0,26.8345,0.6471
walking_front.mp4.mp4,43.810,1313,11,256,11,0,0,26.8345,0.627
walking_front.mp4.mp4,43.844,1314,12,256,12,0,0,29.274,0.627
walking_front.mp4.mp4,43.877,1315,11,256,11,0,0,26.8345,0.6529
walking_front.mp4.mp4,43.911,1316,10,256,10,0,0,24.395,0.6226
walking_front.mp4.mp4,43.944,1317,9,256,9,0,0,21.9555,0.6886
walking_front.mp4.mp4,43.977,1318,11,257,11,0,0,26.8345,0.6689
walking_front.mp4.mp4,44.011,1319,12,257,12,0,0,29.274,0.6527
walking_front.mp4.mp4,44.044,1320,11,257,11,0,0,26.8345,0.7155
walking_front.mp4.mp4,44.077,1321,14,258,14,0,0,34.153,0.6528
walking_front.mp4.mp4,44.111,1322,11,258,11,0,0,26.8345,0.7251
walking_front.mp4.mp4,44.144,1323,12,258,12,0,0,29.274,0.6954
walking_front.mp4.mp4,44.177,1324,11,258,11,0,0,26.8345,0.73
walking_front.mp4.mp4,44.211,1325,12,258,12,0,0,29.274,0.7168
walking_front.mp4.mp4,44.244,1326,11,258,11,0,0,26.8345,0.7035
walking_front.mp4.mp4,44.278,1327,9,258,9,0,0,21.9555,0.7632
walking_front.mp4.mp4,44.311,1328,10,259,10,0,0,24.395,0.7492
walking_front.mp4.mp4,44.344,1329,10,259,10,0,0,24.395,0.7476
walking_front.mp4.mp4,44.378,1330,10,259,10,0,0,24.395,0.7623
walking_front.mp4.mp4,44.411,1331,11,259,11,0,0,26.8345,0.7171
walking_front.mp4.mp4,44.444,1332,11,259,11,0,0,26.8345,0.7065
walking_front.mp4.mp4,44.478,1333,11,259,11,0,0,26.8345,0.7142
walking_front.mp4.mp4,44.511,1334,11,259,11,0,0,26.8345,0.6811
walking_front.mp4.mp4,44.544,1335,12,260,12,0,0,29.274,0.6526
walking_front.mp4.mp4,44.578,1336,11,260,11,0,0,26.8345,0.6861
walking_front.mp4.mp4,44.611,1337,10,260,10,0,0,24.395,0.714
walking_front.mp4.mp4,44.645,1338,11,261,11,0,0,26.8345,0.7101
walking_front.mp4.mp4,44.678,1339,11,261,11,0,0,26.8345,0.6998
walking_front.mp4.mp4,44.711,1340,11,261,11,0,0,26.8345,0.6989
walking_front.mp4.mp4,44.745,1341,10,261,10,0,0,24.395,0.7309
walking_front.mp4.mp4,44.778,1342,11,261,11,0,0,26.8345,0.7027
walking_front.mp4.mp4,44.811,1343,11,262,11,0,0,26.8345,0.7107
walking_front.mp4.mp4,44.845,1344,10,262,10,0,0,24.395,0.7336
walking_front.mp4.mp4,44.878,1345,10,262,10,0,0,24.395,0.7251
walking_front.mp4.mp4,44.912,1346,10,262,10,0,0,24.395,0.7071
walking_front.mp4.mp4,44.945,1347,11,263,11,0,0,26.8345,0.6905
walking_front.mp4.mp4,44.978,1348,10,263,10,0,0,24.395,0.685
walking_front.mp4.mp4,45.012,1349,11,263,11,0,0,26.8345,0.6647
walking_front.mp4.mp4,45.045,1350,11,264,11,0,0,26.8345,0.6502
walking_front.mp4.mp4,45.078,1351,10,265,10,0,0,24.395,0.6898
walking_front.mp4.mp4,45.112,1352,10,265,10,0,0,24.395,0.6776
walking_front.mp4.mp4,45.145,1353,10,265,10,0,0,24.395,0.6942
walking_front.mp4.mp4,45.178,1354,10,266,10,0,0,24.395,0.7037
walking_front.mp4.mp4,45.212,1355,12,267,12,0,0,29.274,0.6813
walking_front.mp4.mp4,45.245,1356,12,267,12,0,0,29.274,0.6814
walking_front.mp4.mp4,45.279,1357,13,267,13,0,0,31.7135,0.671
walking_front.mp4.mp4,45.312,1358,13,267,13,0,0,31.7135,0.6512
walking_front.mp4.mp4,45.345,1359,11,267,11,0,0,26.8345,0.6909
walking_front.mp4.mp4,45.379,1360,10,268,10,0,0,24.395,0.7301
walking_front.mp4.mp4,45.412,1361,10,268,10,0,0,24.395,0.7675
walking_front.mp4.mp4,45.445,1362,10,268,10,0,0,24.395,0.7492
walking_front.mp4.mp4,45.479,1363,11,269,11,0,0,26.8345,0.6958
walking_front.mp4.mp4,45.512,1364,9,269,9,0,0,21.9555,0.7211
walking_front.mp4.mp4,45.546,1365,10,269,10,0,0,24.395,0.7016
walking_front.mp4.mp4,45.579,1366,13,270,13,0,0,31.7135,0.6707
walking_front.mp4.mp4,45.612,1367,14,271,14,0,0,34.153,0.6613
walking_front.mp4.mp4,45.646,1368,13,271,13,0,0,31.7135,0.6763
walking_front.mp4.mp4,45.679,1369,14,271,14,0,0,34.153,0.6658
walking_front.mp4.mp4,45.712,1370,13,271,13,0,0,31.7135,0.6649
walking_front.mp4.mp4,45.746,1371,12,271,12,0,0,29.274,0.662
walking_front.mp4.mp4,45.779,1372,13,271,13,0,0,31.7135,0.6496
walking_front.mp4.mp4,45.812,1373,13,271,13,0,0,31.7135,0.6168
walking_front.mp4.mp4,45.846,1374,13,271,13,0,0,31.7135,0.618
walking_front.mp4.mp4,45.879,1375,11,271,11,0,0,26.8345,0.6534
walking_front.mp4.mp4,45.913,1376,13,271,13,0,0,31.7135,0.6213
walking_front.mp4.mp4,45.946,1377,13,271,13,0,0,31.7135,0.6191
walking_front.mp4.mp4,45.979,1378,11,271,11,0,0,26.8345,0.6804
walking_front.mp4.mp4,46.013,1379,12,271,12,0,0,29.274,0.6768
walking_front.mp4.mp4,46.046,1380,12,271,12,0,0,29.274,0.6781
walking_front.mp4.mp4,46.079,1381,12,271,12,0,0,29.274,0.6629
walking_front.mp4.mp4,46.113,1382,11,271,11,0,0,26.8345,0.6963
walking_front.mp4.mp4,46.146,1383,12,272,12,0,0,29.274,0.6452
walking_front.mp4.mp4,46.179,1384,13,272,13,0,0,31.7135,0.6297
walking_front.mp4.mp4,46.213,1385,13,272,13,0,0,31.7135,0.6174
walking_front.mp4.mp4,46.246,1386,14,273,14,0,0,34.153,0.6092
walking_front.mp4.mp4,46.280,1387,12,273,12,0,0,29.274,0.6465
walking_front.mp4.mp4,46.313,1388,12,273,12,0,0,29.274,0.5992
walking_front.mp4.mp4,46.346,1389,10,273,10,0,0,24.395,0.6582
walking_front.mp4.mp4,46.380,1390,12,273,12,0,0,29.274,0.633
walking_front.mp4.mp4,46.413,1391,12,274,12,0,0,29.274,0.6293
walking_front.mp4.mp4,46.446,1392,12,274,12,0,0,29.274,0.6235
walking_front.mp4.mp4,46.480,1393,12,275,12,0,0,29.274,0.6422
walking_front.mp4.mp4,46.513,1394,11,275,11,0,0,26.8345,0.6635
walking_front.mp4.mp4,46.547,1395,12,276,12,0,0,29.274,0.671
walking_front.mp4.mp4,46.580,1396,13,276,13,0,0,31.7135,0.6377
walking_front.mp4.mp4,46.613,1397,12,276,12,0,0,29.274,0.6546
walking_front.mp4.mp4,46.647,1398,11,276,11,0,0,26.8345,0.629
walking_front.mp4.mp4,46.680,1399,10,276,10,0,0,24.395,0.6632
walking_front.mp4.mp4,46.713,1400,10,277,10,0,0,24.395,0.6177
walking_front.mp4.mp4,46.747,1401,11,277,11,0,0,26.8345,0.6186
walking_front.mp4.mp4,46.780,1402,12,277,12,0,0,29.274,0.5985
walking_front.mp4.mp4,46.813,1403,12,277,12,0,0,29.274,0.6053
walking_front.mp4.mp4,46.847,1404,11,277,11,0,0,26.8345,0.6336
walking_front.mp4.mp4,46.880,1405,12,277,12,0,0,29.274,0.5979
walking_front.mp4.mp4,46.914,1406,10,277,10,0,0,24.395,0.6874
walking_front.mp4.mp4,46.947,1407,10,277,10,0,0,24.395,0.6578
walking_front.mp4.mp4,46.980,1408,12,278,12,0,0,29.274,0.6029
walking_front.mp4.mp4,47.014,1409,11,278,11,0,0,26.8345,0.6122
walking_front.mp4.mp4,47.047,1410,9,278,9,0,0,21.9555,0.6589
walking_front.mp4.mp4,47.080,1411,10,279,10,0,0,24.395,0.6422
walking_front.mp4.mp4,47.114,1412,10,279,10,0,0,24.395,0.6182
walking_front.mp4.mp4,47.147,1413,11,279,11,0,0,26.8345,0.5991
walking_front.mp4.mp4,47.180,1414,11,279,11,0,0,26.8345,0.6117
walking_front.mp4.mp4,47.214,1415,11,279,11,0,0,26.8345,0.6364
walking_front.mp4.mp4,47.247,1416,12,280,12,0,0,29.274,0.6317
walking_front.mp4.mp4,47.281,1417,11,280,11,0,0,26.8345,0.6514
walking_front.mp4.mp4,47.314,1418,11,280,11,0,0,26.8345,0.6762
walking_front.mp4.mp4,47.347,1419,11,280,11,0,0,26.8345,0.642
walking_front.mp4.mp4,47.381,1420,13,282,13,0,0,31.7135,0.6143
walking_front.mp4.mp4,47.414,1421,11,282,11,0,0,26.8345,0.6184
walking_front.mp4.mp4,47.447,1422,12,282,12,0,0,29.274,0.6182
walking_front.mp4.mp4,47.481,1423,12,283,12,0,0,29.274,0.6174
walking_front.mp4.mp4,47.514,1424,12,284,12,0,0,29.274,0.6405
walking_front.mp4.mp4,47.547,1425,11,284,11,0,0,26.8345,0.6423
walking_front.mp4.mp4,47.581,1426,11,284,11,0,0,26.8345,0.6511
walking_front.mp4.mp4,47.614,1427,11,284,11,0,0,26.8345,0.6292
walking_front.mp4.mp4,47.648,1428,12,284,12,0,0,29.274,0.6173
walking_front.mp4.mp4,47.681,1429,13,284,13,0,0,31.7135,0.5914
walking_front.mp4.mp4,47.714,1430,13,284,13,0,0,31.7135,0.5802
walking_front.mp4.mp4,47.748,1431,13,284,13,0,0,31.7135,0.5238
walking_front.mp4.mp4,47.781,1432,12,285,12,0,0,29.274,0.5763
walking_front.mp4.mp4,47.814,1433,12,285,12,0,0,29.274,0.5848
walking_front.mp4.mp4,47.848,1434,10,285,10,0,0,24.395,0.6387
walking_front.mp4.mp4,47.881,1435,10,285,10,0,0,24.395,0.6442
walking_front.mp4.mp4,47.915,1436,10,285,10,0,0,24.395,0.6686
walking_front.mp4.mp4,47.948,1437,9,285,9,0,0,21.9555,0.6791
walking_front.mp4.mp4,47.981,1438,10,285,10,0,0,24.395,0.6594
walking_front.mp4.mp4,48.015,1439,10,285,10,0,0,24.395,0.6789
walking_front.mp4.mp4,48.048,1440,10,285,10,0,0,24.395,0.6882
walking_front.mp4.mp4,48.081,1441,9,285,9,0,0,21.9555,0.7344
walking_front.mp4.mp4,48.115,1442,9,285,9,0,0,21.9555,0.7251
walking_front.mp4.mp4,48.148,1443,9,285,9,0,0,21.9555,0.713
walking_front.mp4.mp4,48.181,1444,9,285,9,0,0,21.9555,0.7226
walking_front.mp4.mp4,48.215,1445,10,285,10,0,0,24.395,0.6754
walking_front.mp4.mp4,48.248,1446,9,285,9,0,0,21.9555,0.6934
walking_front.mp4.mp4,48.282,1447,9,285,9,0,0,21.9555,0.6942
walking_front.mp4.mp4,48.315,1448,9,285,9,0,0,21.9555,0.7128
walking_front.mp4.mp4,48.348,1449,9,285,9,0,0,21.9555,0.7337
walking_front.mp4.mp4,48.382,1450,10,286,10,0,0,24.395,0.6785
walking_front.mp4.mp4,48.415,1451,10,286,10,0,0,24.395,0.685
walking_front.mp4.mp4,48.448,1452,10,286,10,0,0,24.395,0.6775
walking_front.mp4.mp4,48.482,1453,9,286,9,0,0,21.9555,0.6904
walking_front.mp4.mp4,48.515,1454,8,286,8,0,0,19.516,0.7075
walking_front.mp4.mp4,48.549,1455,8,286,8,0,0,19.516,0.7165
walking_front.mp4.mp4,48.582,1456,8,286,8,0,0,19.516,0.6949
walking_front.mp4.mp4,48.615,1457,8,287,8,0,0,19.516,0.6846
walking_front.mp4.mp4,48.649,1458,9,287,9,0,0,21.9555,0.6827
walking_front.mp4.mp4,48.682,1459,9,287,9,0,0,21.9555,0.656
walking_front.mp4.mp4,48.715,1460,9,287,9,0,0,21.9555,0.6735
walking_front.mp4.mp4,48.749,1461,9,287,9,0,0,21.9555,0.7001
walking_front.mp4.mp4,48.782,1462,9,287,9,0,0,21.9555,0.6996
walking_front.mp4.mp4,48.815,1463,10,288,10,0,0,24.395,0.6517
walking_front.mp4.mp4,48.849,1464,11,288,11,0,0,26.8345,0.6202
walking_front.mp4.mp4,48.882,1465,11,288,11,0,0,26.8345,0.6208
walking_front.mp4.mp4,48.916,1466,11,288,11,0,0,26.8345,0.6292
walking_front.mp4.mp4,48.949,1467,11,289,11,0,0,26.8345,0.6653
walking_front.mp4.mp4,48.982,1468,11,289,11,0,0,26.8345,0.68
walking_front.mp4.mp4,49.016,1469,11,289,11,0,0,26.8345,0.6653
walking_front.mp4.mp4,49.049,1470,12,289,12,0,0,29.274,0.6416
walking_front.mp4.mp4,49.082,1471,12,289,12,0,0,29.274,0.645
walking_front.mp4.mp4,49.116,1472,13,289,13,0,0,31.7135,0.6482
walking_front.mp4.mp4,49.149,1473,14,290,14,0,0,34.153,0.6321
walking_front.mp4.mp4,49.182,1474,13,290,13,0,0,31.7135,0.6642
walking_front.mp4.mp4,49.216,1475,14,290,14,0,0,34.153,0.6289
walking_front.mp4.mp4,49.249,1476,13,290,13,0,0,31.7135,0.6414
walking_front.mp4.mp4,49.283,1477,13,290,13,0,0,31.7135,0.6207
walking_front.mp4.mp4,49.316,1478,11,290,11,0,0,26.8345,0.62
walking_front.mp4.mp4,49.349,1479,12,290,12,0,0,29.274,0.606
walking_front.mp4.mp4,49.383,1480,12,290,12,0,0,29.274,0.5898
walking_front.mp4.mp4,49.416,1481,12,290,12,0,0,29.274,0.6145
walking_front.mp4.mp4,49.449,1482,11,290,11,0,0,26.8345,0.6247
walking_front.mp4.mp4,49.483,1483,11,290,11,0,0,26.8345,0.6297
walking_front.mp4.mp4,49.516,1484,12,290,12,0,0,29.274,0.6264
walking_front.mp4.mp4,49.550,1485,11,290,11,0,0,26.8345,0.6553
walking_front.mp4.mp4,49.583,1486,11,290,11,0,0,26.8345,0.6618
walking_front.mp4.mp4,49.616,1487,11,290,11,0,0,26.8345,0.662
walking_front.mp4.mp4,49.650,1488,11,290,11,0,0,26.8345,0.6584
walking_front.mp4.mp4,49.683,1489,11,290,11,0,0,26.8345,0.6581
walking_front.mp4.mp4,49.716,1490,11,290,11,0,0,26.8345,0.6706
walking_front.mp4.mp4,49.750,1491,10,290,10,0,0,24.395,0.6808
walking_front.mp4.mp4,49.783,1492,11,291,11,0,0,26.8345,0.668
walking_front.mp4.mp4,49.816,1493,12,291,12,0,0,29.274,0.633
walking_front.mp4.mp4,49.850,1494,12,291,12,0,0,29.274,0.6229
walking_front.mp4.mp4,49.883,1495,13,292,13,0,0,31.7135,0.614
walking_front.mp4.mp4,49.917,1496,11,292,11,0,0,26.8345,0.6458
walking_front.mp4.mp4,49.950,1497,11,292,11,0,0,26.8345,0.6582
walking_front.mp4.mp4,49.983,1498,11,292,11,0,0,26.8345,0.6335
walking_front.mp4.mp4,50.017,1499,10,292,10,0,0,24.395,0.6445
walking_front.mp4.mp4,50.050,1500,10,292,10,0,0,24.395,0.6587
walking_front.mp4.mp4,50.083,1501,10,292,10,0,0,24.395,0.6754
walking_front.mp4.mp4,50.117,1502,10,292,10,0,0,24.395,0.6766
walking_front.mp4.mp4,50.150,1503,12,294,12,0,0,29.274,0.6507
walking_front.mp4.mp4,50.183,1504,11,294,11,0,0,26.8345,0.6597
walking_front.mp4.mp4,50.217,1505,12,294,12,0,0,29.274,0.6485
walking_front.mp4.mp4,50.250,1506,12,294,12,0,0,29.274,0.6737
walking_front.mp4.mp4,50.284,1507,12,294,12,0,0,29.274,0.6915
walking_front.mp4.mp4,50.317,1508,13,294,13,0,0,31.7135,0.6586
walking_front.mp4.mp4,50.350,1509,13,294,13,0,0,31.7135,0.6445
walking_front.mp4.mp4,50.384,1510,11,294,11,0,0,26.8345,0.6797
walking_front.mp4.mp4,50.417,1511,12,295,12,0,0,29.274,0.6791
walking_front.mp4.mp4,50.450,1512,11,295,11,0,0,26.8345,0.6988
walking_front.mp4.mp4,50.484,1513,11,295,11,0,0,26.8345,0.6871
walking_front.mp4.mp4,50.517,1514,11,295,11,0,0,26.8345,0.7012
walking_front.mp4.mp4,50.550,1515,11,295,11,0,0,26.8345,0.6702
walking_front.mp4.mp4,50.584,1516,11,295,11,0,0,26.8345,0.6547
walking_front.mp4.mp4,50.617,1517,11,295,11,0,0,26.8345,0.667
walking_front.mp4.mp4,50.651,1518,11,295,11,0,0,26.8345,0.6787
walking_front.mp4.mp4,50.684,1519,12,296,12,0,0,29.274,0.6658
walking_front.mp4.mp4,50.717,1520,12,296,12,0,0,29.274,0.6779
walking_front.mp4.mp4,50.751,1521,12,296,12,0,0,29.274,0.6905
walking_front.mp4.mp4,50.784,1522,12,296,12,0,0,29.274,0.6979
walking_front.mp4.mp4,50.817,1523,12,296,12,0,0,29.274,0.6718
walking_front.mp4.mp4,50.851,1524,12,296,12,0,0,29.274,0.6647
walking_front.mp4.mp4,50.884,1525,11,296,11,0,0,26.8345,0.6539
walking_front.mp4.mp4,50.918,1526,12,297,12,0,0,29.274,0.6261
walking_front.mp4.mp4,50.951,1527,12,297,12,0,0,29.274,0.6512
walking_front.mp4.mp4,50.984,1528,11,297,11,0,0,26.8345,0.6944
walking_front.mp4.mp4,51.018,1529,12,298,12,0,0,29.274,0.6758
walking_front.mp4.mp4,51.051,1530,12,298,12,0,0,29.274,0.6998
walking_front.mp4.mp4,51.084,1531,12,298,12,0,0,29.274,0.6712
walking_front.mp4.mp4,51.118,1532,12,298,12,0,0,29.274,0.6561
walking_front.mp4.mp4,51.151,1533,11,298,11,0,0,26.8345,0.6508
walking_front.mp4.mp4,51.184,1534,12,299,12,0,0,29.274,0.6302
walking_front.mp4.mp4,51.218,1535,12,299,12,0,0,29.274,0.6253
walking_front.mp4.mp4,51.251,1536,12,299,12,0,0,29.274,0.6178
walking_front.mp4.mp4,51.285,1537,12,300,12,0,0,29.274,0.6157
walking_front.mp4.mp4,51.318,1538,12,300,12,0,0,29.274,0.6347
walking_front.mp4.mp4,51.351,1539,13,301,13,0,0,31.7135,0.6107
walking_front.mp4.mp4,51.385,1540,13,302,13,0,0,31.7135,0.6013
walking_front.mp4.mp4,51.418,1541,12,302,12,0,0,29.274,0.6229
walking_front.mp4.mp4,51.451,1542,11,302,11,0,0,26.8345,0.6422
walking_front.mp4.mp4,51.485,1543,10,302,10,0,0,24.395,0.688
walking_front.mp4.mp4,51.518,1544,11,302,11,0,0,26.8345,0.627
walking_front.mp4.mp4,51.552,1545,11,303,11,0,0,26.8345,0.621
walking_front.mp4.mp4,51.585,1546,10,303,10,0,0,24.395,0.624
walking_front.mp4.mp4,51.618,1547,8,303,8,0,0,19.516,0.6918
walking_front.mp4.mp4,51.652,1548,8,303,8,0,0,19.516,0.678
walking_front.mp4.mp4,51.685,1549,10,303,10,0,0,24.395,0.5948
walking_front.mp4.mp4,51.718,1550,11,304,11,0,0,26.8345,0.5811
walking_front.mp4.mp4,51.752,1551,12,304,12,0,0,29.274,0.5785
walking_front.mp4.mp4,51.785,1552,12,305,12,0,0,29.274,0.5879
walking_front.mp4.mp4,51.818,1553,13,305,13,0,0,31.7135,0.5625
walking_front.mp4.mp4,51.852,1554,13,305,13,0,0,31.7135,0.5527
walking_front.mp4.mp4,51.885,1555,13,306,13,0,0,31.7135,0.5857
walking_front.mp4.mp4,51.919,1556,12,306,12,0,0,29.274,0.5826
walking_front.mp4.mp4,51.952,1557,12,307,12,0,0,29.274,0.5422
walking_front.mp4.mp4,51.985,1558,12,307,12,0,0,29.274,0.5832
walking_front.mp4.mp4,52.019,1559,13,307,13,0,0,31.7135,0.5619
walking_front.mp4.mp4,52.052,1560,13,307,13,0,0,31.7135,0.5591
walking_front.mp4.mp4,52.085,1561,12,307,12,0,0,29.274,0.5866
walking_front.mp4.mp4,52.119,1562,12,307,12,0,0,29.274,0.5848
walking_front.mp4.mp4,52.152,1563,13,307,13,0,0,31.7135,0.5813
walking_front.mp4.mp4,52.185,1564,12,307,12,0,0,29.274,0.6257
walking_front.mp4.mp4,52.219,1565,8,307,8,0,0,19.516,0.6994
walking_front.mp4.mp4,52.252,1566,11,308,11,0,0,26.8345,0.6214
walking_front.mp4.mp4,52.286,1567,9,308,9,0,0,21.9555,0.6712
walking_front.mp4.mp4,52.319,1568,8,308,8,0,0,19.516,0.6679
walking_front.mp4.mp4,52.352,1569,9,308,9,0,0,21.9555,0.6929
walking_front.mp4.mp4,52.386,1570,9,308,9,0,0,21.9555,0.7055
walking_front.mp4.mp4,52.419,1571,9,308,9,0,0,21.9555,0.7302
walking_front.mp4.mp4,52.452,1572,9,308,9,0,0,21.9555,0.724
walking_front.mp4.mp4,52.486,1573,9,308,9,0,0,21.9555,0.7159
walking_front.mp4.mp4,52.519,1574,9,308,9,0,0,21.9555,0.7254
walking_front.mp4.mp4,52.553,1575,9,308,9,0,0,21.9555,0.7201
walking_front.mp4.mp4,52.586,1576,8,308,8,0,0,19.516,0.671
walking_front.mp4.mp4,52.619,1577,8,308,8,0,0,19.516,0.7051
walking_front.mp4.mp4,52.653,1578,8,308,8,0,0,19.516,0.7084
walking_front.mp4.mp4,52.686,1579,8,308,8,0,0,19.516,0.7092
walking_front.mp4.mp4,52.719,1580,9,309,9,0,0,21.9555,0.6807
walking_front.mp4.mp4,52.753,1581,9,309,9,0,0,21.9555,0.6868
walking_front.mp4.mp4,52.786,1582,10,309,10,0,0,24.395,0.6538
walking_front.mp4.mp4,52.819,1583,10,309,10,0,0,24.395,0.6648
walking_front.mp4.mp4,52.853,1584,9,309,9,0,0,21.9555,0.6646
walking_front.mp4.mp4,52.886,1585,12,309,12,0,0,29.274,0.6334
walking_front.mp4.mp4,52.920,1586,13,310,13,0,0,31.7135,0.6297
walking_front.mp4.mp4,52.953,1587,13,310,13,0,0,31.7135,0.6358
walking_front.mp4.mp4,52.986,1588,13,310,13,0,0,31.7135,0.6209
walking_front.mp4.mp4,53.020,1589,12,310,12,0,0,29.274,0.6463
walking_front.mp4.mp4,53.053,1590,11,310,11,0,0,26.8345,0.6717
walking_front.mp4.mp4,53.086,1591,11,310,11,0,0,26.8345,0.6854
walking_front.mp4.mp4,53.120,1592,11,310,11,0,0,26.8345,0.6738
walking_front.mp4.mp4,53.153,1593,10,310,10,0,0,24.395,0.6732
walking_front.mp4.mp4,53.186,1594,12,312,12,0,0,29.274,0.6357
walking_front.mp4.mp4,53.220,1595,12,312,12,0,0,29.274,0.6446
walking_front.mp4.mp4,53.253,1596,13,312,13,0,0,31.7135,0.6189
walking_front.mp4.mp4,53.287,1597,14,312,14,0,0,34.153,0.607
walking_front.mp4.mp4,53.320,1598,14,312,14,0,0,34.153,0.6101
walking_front.mp4.mp4,53.353,1599,12,312,12,0,0,29.274,0.6358
walking_front.mp4.mp4,53.387,1600,13,313,13,0,0,31.7135,0.6271
walking_front.mp4.mp4,53.420,1601,11,313,11,0,0,26.8345,0.696
walking_front.mp4.mp4,53.453,1602,11,313,11,0,0,26.8345,0.6739
walking_front.mp4.mp4,53.487,1603,11,313,11,0,0,26.8345,0.6659
walking_front.mp4.mp4,53.520,1604,11,313,11,0,0,26.8345,0.6884
walking_front.mp4.mp4,53.553,1605,11,313,11,0,0,26.8345,0.6934
walking_front.mp4.mp4,53.587,1606,11,313,11,0,0,26.8345,0.6807
walking_front.mp4.mp4,53.620,1607,11,313,11,0,0,26.8345,0.6805
walking_front.mp4.mp4,53.654,1608,10,313,10,0,0,24.395,0.6921
walking_front.mp4.mp4,53.687,1609,11,313,11,0,0,26.8345,0.6762
walking_front.mp4.mp4,53.720,1610,11,313,11,0,0,26.8345,0.6759
walking_front.mp4.mp4,53.754,1611,11,313,11,0,0,26.8345,0.6531
walking_front.mp4.mp4,53.787,1612,10,313,10,0,0,24.395,0.6745
walking_front.mp4.mp4,53.820,1613,10,313,10,0,0,24.395,0.6752
walking_front.mp4.mp4,53.854,1614,10,313,10,0,0,24.395,0.6657
walking_front.mp4.mp4,53.887,1615,11,313,11,0,0,26.8345,0.6194
walking_front.mp4.mp4,53.921,1616,10,313,10,0,0,24.395,0.6494
walking_front.mp4.mp4,53.954,1617,10,313,10,0,0,24.395,0.6518
walking_front.mp4.mp4,53.987,1618,10,313,10,0,0,24.395,0.6534
walking_front.mp4.mp4,54.021,1619,10,313,10,0,0,24.395,0.6654
walking_front.mp4.mp4,54.054,1620,9,313,9,0,0,21.9555,0.7003
walking_front.mp4.mp4,54.087,1621,9,313,9,0,0,21.9555,0.6931
walking_front.mp4.mp4,54.121,1622,10,314,10,0,0,24.395,0.6839
walking_front.mp4.mp4,54.154,1623,11,315,11,0,0,26.8345,0.662
walking_front.mp4.mp4,54.187,1624,10,315,10,0,0,24.395,0.6845
walking_front.mp4.mp4,54.221,1625,10,315,10,0,0,24.395,0.663
walking_front.mp4.mp4,54.254,1626,9,315,9,0,0,21.9555,0.6951
walking_front.mp4.mp4,54.288,1627,9,315,9,0,0,21.9555,0.716
walking_front.mp4.mp4,54.321,1628,9,315,9,0,0,21.9555,0.7139
walking_front.mp4.mp4,54.354,1629,9,315,9,0,0,21.9555,0.708
walking_front.mp4.mp4,54.388,1630,10,315,10,0,0,24.395,0.6737
walking_front.mp4.mp4,54.421,1631,9,315,9,0,0,21.9555,0.7068
walking_front.mp4.mp4,54.454,1632,9,315,9,0,0,21.9555,0.6743
walking_front.mp4.mp4,54.488,1633,9,315,9,0,0,21.9555,0.6673
walking_front.mp4.mp4,54.521,1634,10,316,10,0,0,24.395,0.6341
walking_front.mp4.mp4,54.555,1635,10,316,10,0,0,24.395,0.5975
walking_front.mp4.mp4,54.588,1636,9,316,9,0,0,21.9555,0.6238
walking_front.mp4.mp4,54.621,1637,10,317,10,0,0,24.395,0.6223
walking_front.mp4.mp4,54.655,1638,10,317,10,0,0,24.395,0.6272
walking_front.mp4.mp4,54.688,1639,10,317,10,0,0,24.395,0.6366
walking_front.mp4.mp4,54.721,1640,10,317,10,0,0,24.395,0.6431
walking_front.mp4.mp4,54.755,1641,10,317,10,0,0,24.395,0.6351
walking_front.mp4.mp4,54.788,1642,10,317,10,0,0,24.395,0.6368
walking_front.mp4.mp4,54.821,1643,10,317,10,0,0,24.395,0.638
walking_front.mp4.mp4,54.855,1644,11,318,11,0,0,26.8345,0.647
walking_front.mp4.mp4,54.888,1645,11,318,11,0,0,26.8345,0.6355
walking_front.mp4.mp4,54.922,1646,11,318,11,0,0,26.8345,0.6331
walking_front.mp4.mp4,54.955,1647,11,318,11,0,0,26.8345,0.644
walking_front.mp4.mp4,54.988,1648,10,318,10,0,0,24.395,0.663
walking_front.mp4.mp4,55.022,1649,11,318,11,0,0,26.8345,0.6433
walking_front.mp4.mp4,55.055,1650,11,318,11,0,0,26.8345,0.6592
walking_front.mp4.mp4,55.088,1651,11,318,11,0,0,26.8345,0.6469
walking_front.mp4.mp4,55.122,1652,11,318,11,0,0,26.8345,0.6611
walking_front.mp4.mp4,55.155,1653,11,318,11,0,0,26.8345,0.6778
walking_front.mp4.mp4,55.188,1654,11,318,11,0,0,26.8345,0.6938
walking_front.mp4.mp4,55.222,1655,10,318,10,0,0,24.395,0.698
walking_front.mp4.mp4,55.255,1656,10,318,10,0,0,24.395,0.671
walking_front.mp4.mp4,55.289,1657,10,318,10,0,0,24.395,0.6755
walking_front.mp4.mp4,55.322,1658,10,318,10,0,0,24.395,0.6699
walking_front.mp4.mp4,55.355,1659,10,319,10,0,0,24.395,0.6929
walking_front.mp4.mp4,55.389,1660,11,319,11,0,0,26.8345,0.6709
walking_front.mp4.mp4,55.422,1661,10,319,10,0,0,24.395,0.7032
walking_front.mp4.mp4,55.455,1662,11,319,11,0,0,26.8345,0.7074
walking_front.mp4.mp4,55.489,1663,11,319,11,0,0,26.8345,0.7242
walking_front.mp4.mp4,55.522,1664,11,319,11,0,0,26.8345,0.711
walking_front.mp4.mp4,55.556,1665,11,319,11,0,0,26.8345,0.7011
walking_front.mp4.mp4,55.589,1666,11,319,11,0,0,26.8345,0.6936
walking_front.mp4.mp4,55.622,1667,11,319,11,0,0,26.8345,0.6772
walking_front.mp4.mp4,55.656,1668,12,320,12,0,0,29.274,0.6654
walking_front.mp4.mp4,55.689,1669,13,321,13,0,0,31.7135,0.6379
walking_front.mp4.mp4,55.722,1670,13,321,13,0,0,31.7135,0.6385
walking_front.mp4.mp4,55.756,1671,13,321,13,0,0,31.7135,0.6491
walking_front.mp4.mp4,55.789,1672,14,322,14,0,0,34.153,0.6371
walking_front.mp4.mp4,55.822,1673,14,322,14,0,0,34.153,0.6459
walking_front.mp4.mp4,55.856,1674,14,322,14,0,0,34.153,0.6393
walking_front.mp4.mp4,55.889,1675,15,323,15,0,0,36.5925,0.6064
walking_front.mp4.mp4,55.923,1676,12,323,12,0,0,29.274,0.6304
walking_front.mp4.mp4,55.956,1677,12,323,12,0,0,29.274,0.6502
walking_front.mp4.mp4,55.989,1678,12,323,12,0,0,29.274,0.661
walking_front.mp4.mp4,56.023,1679,14,324,14,0,0,34.153,0.6203
walking_front.mp4.mp4,56.056,1680,15,325,15,0,0,36.5925,0.5933
walking_front.mp4.mp4,56.089,1681,13,325,13,0,0,31.7135,0.6184
walking_front.mp4.mp4,56.123,1682,12,325,12,0,0,29.274,0.6235
walking_front.mp4.mp4,56.156,1683,12,325,12,0,0,29.274,0.6264
walking_front.mp4.mp4,56.189,1684,12,325,12,0,0,29.274,0.6194
walking_front.mp4.mp4,56.223,1685,11,325,11,0,0,26.8345,0.6361
walking_front.mp4.mp4,56.256,1686,10,325,10,0,0,24.395,0.6195
walking_front.mp4.mp4,56.290,1687,11,325,11,0,0,26.8345,0.6176
walking_front.mp4.mp4,56.323,1688,12,325,12,0,0,29.274,0.6028
walking_front.mp4.mp4,56.356,1689,11,325,11,0,0,26.8345,0.6292
walking_front.mp4.mp4,56.390,1690,14,325,14,0,0,34.153,0.5733
walking_front.mp4.mp4,56.423,1691,11,325,11,0,0,26.8345,0.6318
walking_front.mp4.mp4,56.456,1692,10,325,10,0,0,24.395,0.6428
walking_front.mp4.mp4,56.490,1693,10,325,10,0,0,24.395,0.6182
walking_front.mp4.mp4,56.523,1694,10,325,10,0,0,24.395,0.6457
walking_front.mp4.mp4,56.556,1695,10,325,10,0,0,24.395,0.6264
walking_front.mp4.mp4,56.590,1696,9,325,9,0,0,21.9555,0.6311
walking_front.mp4.mp4,56.623,1697,10,325,10,0,0,24.395,0.6394
walking_front.mp4.mp4,56.657,1698,10,325,10,0,0,24.395,0.6252
walking_front.mp4.mp4,56.690,1699,11,325,11,0,0,26.8345,0.6408
walking_front.mp4.mp4,56.723,1700,12,326,12,0,0,29.274,0.6269
walking_front.mp4.mp4,56.757,1701,12,326,12,0,0,29.274,0.6259
walking_front.mp4.mp4,56.790,1702,11,326,11,0,0,26.8345,0.6485
walking_front.mp4.mp4,56.823,1703,10,326,10,0,0,24.395,0.6893
walking_front.mp4.mp4,56.857,1704,10,326,10,0,0,24.395,0.6764
walking_front.mp4.mp4,56.890,1705,10,326,10,0,0,24.395,0.6931
walking_front.mp4.mp4,56.924,1706,10,326,10,0,0,24.395,0.69
walking_front.mp4.mp4,56.957,1707,10,326,10,0,0,24.395,0.6313
walking_front.mp4.mp4,56.990,1708,9,327,9,0,0,21.9555,0.6155
walking_front.mp4.mp4,57.024,1709,9,327,9,0,0,21.9555,0.639
walking_front.mp4.mp4,57.057,1710,9,328,9,0,0,21.9555,0.6275
walking_front.mp4.mp4,57.090,1711,11,328,11,0,0,26.8345,0.6079
walking_front.mp4.mp4,57.124,1712,12,328,12,0,0,29.274,0.5864
walking_front.mp4.mp4,57.157,1713,13,329,13,0,0,31.7135,0.581
walking_front.mp4.mp4,57.190,1714,13,329,13,0,0,31.7135,0.5779
walking_front.mp4.mp4,57.224,1715,12,329,12,0,0,29.274,0.6041
walking_front.mp4.mp4,57.257,1716,12,329,12,0,0,29.274,0.602
walking_front.mp4.mp4,57.291,1717,11,329,11,0,0,26.8345,0.6394
walking_front.mp4.mp4,57.324,1718,11,329,11,0,0,26.8345,0.6255
walking_front.mp4.mp4,57.357,1719,11,329,11,0,0,26.8345,0.6052
walking_front.mp4.mp4,57.391,1720,12,329,12,0,0,29.274,0.59
walking_front.mp4.mp4,57.424,1721,11,330,11,0,0,26.8345,0.6064
walking_front.mp4.mp4,57.457,1722,12,331,12,0,0,29.274,0.5908
walking_front.mp4.mp4,57.491,1723,11,331,11,0,0,26.8345,0.6048
walking_front.mp4.mp4,57.524,1724,13,332,13,0,0,31.7135,0.5818
walking_front.mp4.mp4,57.558,1725,12,332,12,0,0,29.274,0.5897
walking_front.mp4.mp4,57.591,1726,11,332,11,0,0,26.8345,0.6071
walking_front.mp4.mp4,57.624,1727,12,332,12,0,0,29.274,0.6113
walking_front.mp4.mp4,57.658,1728,12,332,12,0,0,29.274,0.6072
walking_front.mp4.mp4,57.691,1729,11,332,11,0,0,26.8345,0.6451
walking_front.mp4.mp4,57.724,1730,10,332,10,0,0,24.395,0.6494
walking_front.mp4.mp4,57.758,1731,10,332,10,0,0,24.395,0.6129
walking_front.mp4.mp4,57.791,1732,8,332,8,0,0,19.516,0.6175
walking_front.mp4.mp4,57.824,1733,8,332,8,0,0,19.516,0.6083
walking_front.mp4.mp4,57.858,1734,10,332,10,0,0,24.395,0.5302
walking_front.mp4.mp4,57.891,1735,8,332,8,0,0,19.516,0.4962
walking_front.mp4.mp4,57.925,1736,3,333,3,0,0,7.3185,0.5129
walking_front.mp4.mp4,57.958,1737,6,334,6,0,0,14.637,0.5325
walking_front.mp4.mp4,57.991,1738,8,337,8,0,0,19.516,0.6746
walking_front.mp4.mp4,58.025,1739,8,338,8,0,0,19.516,0.729
walking_front.mp4.mp4,58.058,1740,8,338,8,0,0,19.516,0.7494
walking_front.mp4.mp4,58.091,1741,9,339,9,0,0,21.9555,0.7486
walking_front.mp4.mp4,58.125,1742,9,339,9,0,0,21.9555,0.7535
walking_front.mp4.mp4,58.158,1743,9,339,9,0,0,21.9555,0.773
walking_front.mp4.mp4,58.191,1744,9,339,9,0,0,21.9555,0.7653
walking_front.mp4.mp4,58.225,1745,10,339,10,0,0,24.395,0.727
walking_front.mp4.mp4,58.258,1746,11,340,11,0,0,26.8345,0.7103
walking_front.mp4.mp4,58.292,1747,11,340,11,0,0,26.8345,0.7238
walking_front.mp4.mp4,58.325,1748,12,341,12,0,0,29.274,0.7179
walking_front.mp4.mp4,58.358,1749,13,342,13,0,0,31.7135,0.6963
walking_front.mp4.mp4,58.392,1750,12,342,12,0,0,29.274,0.7447
walking_front.mp4.mp4,58.425,1751,12,342,12,0,0,29.274,0.7593
walking_front.mp4.mp4,58.458,1752,12,342,12,0,0,29.274,0.7554
walking_front.mp4.mp4,58.492,1753,12,342,12,0,0,29.274,0.7608
walking_front.mp4.mp4,58.525,1754,12,342,12,0,0,29.274,0.7624
walking_front.mp4.mp4,58.559,1755,12,342,12,0,0,29.274,0.7528
walking_front.mp4.mp4,58.592,1756,11,342,11,0,0,26.8345,0.79
walking_front.mp4.mp4,58.625,1757,11,342,11,0,0,26.8345,0.7683
walking_front.mp4.mp4,58.659,1758,11,342,11,0,0,26.8345,0.7615
walking_front.mp4.mp4,58.692,1759,10,342,10,0,0,24.395,0.7994
walking_front.mp4.mp4,58.725,1760,11,342,11,0,0,26.8345,0.7788
walking_front.mp4.mp4,58.759,1761,11,342,11,0,0,26.8345,0.7993
walking_front.mp4.mp4,58.792,1762,11,342,11,0,0,26.8345,0.7679
walking_front.mp4.mp4,58.825,1763,10,342,10,0,0,24.395,0.756
walking_front.mp4.mp4,58.859,1764,9,342,9,0,0,21.9555,0.8182
walking_front.mp4.mp4,58.892,1765,9,342,9,0,0,21.9555,0.8244
walking_front.mp4.mp4,58.926,1766,9,342,9,0,0,21.9555,0.8272
walking_front.mp4.mp4,58.959,1767,10,343,10,0,0,24.395,0.7849
walking_front.mp4.mp4,58.992,1768,10,343,10,0,0,24.395,0.7719
walking_front.mp4.mp4,59.026,1769,9,343,9,0,0,21.9555,0.7877
walking_front.mp4.mp4,59.059,1770,9,343,9,0,0,21.9555,0.782
walking_front.mp4.mp4,59.092,1771,8,343,8,0,0,19.516,0.815
walking_front.mp4.mp4,59.126,1772,8,343,8,0,0,19.516,0.8176
walking_front.mp4.mp4,59.159,1773,9,344,9,0,0,21.9555,0.7786
walking_front.mp4.mp4,59.192,1774,9,344,9,0,0,21.9555,0.7666
walking_front.mp4.mp4,59.226,1775,9,344,9,0,0,21.9555,0.7669
walking_front.mp4.mp4,59.259,1776,9,344,9,0,0,21.9555,0.7831
walking_front.mp4.mp4,59.293,1777,11,344,11,0,0,26.8345,0.7153
walking_front.mp4.mp4,59.326,1778,10,344,10,0,0,24.395,0.7341
walking_front.mp4.mp4,59.359,1779,10,344,10,0,0,24.395,0.7388
walking_front.mp4.mp4,59.393,1780,9,344,9,0,0,21.9555,0.8013
walking_front.mp4.mp4,59.426,1781,9,344,9,0,0,21.9555,0.8042
walking_front.mp4.mp4,59.459,1782,9,344,9,0,0,21.9555,0.7992
walking_front.mp4.mp4,59.493,1783,9,344,9,0,0,21.9555,0.7939
walking_front.mp4.mp4,59.526,1784,10,344,10,0,0,24.395,0.7862
walking_front.mp4.mp4,59.559,1785,10,344,10,0,0,24.395,0.7715
walking_front.mp4.mp4,59.593,1786,10,344,10,0,0,24.395,0.7447
walking_front.mp4.mp4,59.626,1787,9,344,9,0,0,21.9555,0.775
walking_front.mp4.mp4,59.660,1788,9,344,9,0,0,21.9555,0.775
walking_front.mp4.mp4,59.693,1789,10,344,10,0,0,24.395,0.7349
walking_front.mp4.mp4,59.726,1790,10,345,10,0,0,24.395,0.7741
walking_front.mp4.mp4,59.760,1791,11,346,11,0,0,26.8345,0.7462
walking_front.mp4.mp4,59.793,1792,11,346,11,0,0,26.8345,0.7547
walking_front.mp4.mp4,59.826,1793,10,346,10,0,0,24.395,0.7775
walking_front.mp4.mp4,59.860,1794,10,346,10,0,0,24.395,0.7668
walking_front.mp4.mp4,59.893,1795,9,346,9,0,0,21.9555,0.7851
walking_front.mp4.mp4,59.927,1796,9,346,9,0,0,21.9555,0.7845
walking_front.mp4.mp4,59.960,1797,10,347,10,0,0,24.395,0.7566
walking_front.mp4.mp4,59.993,1798,10,347,10,0,0,24.395,0.7467
walking_front.mp4.mp4,60.027,1799,11,347,11,0,0,26.8345,0.7123
walking_front.mp4.mp4,60.060,1800,11,347,11,0,0,26.8345,0.7282
walking_front.mp4.mp4,60.093,1801,11,347,11,0,0,26.8345,0.7437
walking_front.mp4.mp4,60.127,1802,12,348,12,0,0,29.274,0.7123
walking_front.mp4.mp4,60.160,1803,12,348,12,0,0,29.274,0.6983
walking_front.mp4.mp4,60.193,1804,12,348,12,0,0,29.274,0.6883
walking_front.mp4.mp4,60.227,1805,12,348,12,0,0,29.274,0.6712
walking_front.mp4.mp4,60.260,1806,12,348,12,0,0,29.274,0.6975
walking_front.mp4.mp4,60.294,1807,12,348,12,0,0,29.274,0.6908
walking_front.mp4.mp4,60.327,1808,12,348,12,0,0,29.274,0.6849
walking_front.mp4.mp4,60.360,1809,12,350,12,0,0,29.274,0.6492
walking_front.mp4.mp4,60.394,1810,14,351,14,0,0,34.153,0.6151
walking_front.mp4.mp4,60.427,1811,11,351,11,0,0,26.8345,0.717
walking_front.mp4.mp4,60.460,1812,11,351,11,0,0,26.8345,0.7275
walking_front.mp4.mp4,60.494,1813,10,351,10,0,0,24.395,0.7625
walking_front.mp4.mp4,60.527,1814,10,351,10,0,0,24.395,0.7581
walking_front.mp4.mp4,60.560,1815,10,351,10,0,0,24.395,0.7557
walking_front.mp4.mp4,60.594,1816,11,353,11,0,0,26.8345,0.7609
walking_front.mp4.mp4,60.627,1817,11,353,11,0,0,26.8345,0.7382
walking_front.mp4.mp4,60.661,1818,11,353,11,0,0,26.8345,0.7652
walking_front.mp4.mp4,60.694,1819,11,353,11,0,0,26.8345,0.7698
walking_front.mp4.mp4,60.727,1820,11,353,11,0,0,26.8345,0.7435
walking_front.mp4.mp4,60.761,1821,12,353,12,0,0,29.274,0.719
walking_front.mp4.mp4,60.794,1822,11,353,11,0,0,26.8345,0.7576
walking_front.mp4.mp4,60.827,1823,11,353,11,0,0,26.8345,0.7567
walking_front.mp4.mp4,60.861,1824,11,353,11,0,0,26.8345,0.7615
walking_front.mp4.mp4,60.894,1825,12,354,12,0,0,29.274,0.7584
walking_front.mp4.mp4,60.928,1826,12,354,12,0,0,29.274,0.7596
walking_front.mp4.mp4,60.961,1827,12,354,12,0,0,29.274,0.7647
walking_front.mp4.mp4,60.994,1828,12,354,12,0,0,29.274,0.7718
walking_front.mp4.mp4,61.028,1829,12,354,12,0,0,29.274,0.7748
walking_front.mp4.mp4,61.061,1830,12,354,12,0,0,29.274,0.7731
walking_front.mp4.mp4,61.094,1831,12,354,12,0,0,29.274,0.7696
walking_front.mp4.mp4,61.128,1832,12,354,12,0,0,29.274,0.7615
walking_front.mp4.mp4,61.161,1833,12,354,12,0,0,29.274,0.7453
walking_front.mp4.mp4,61.194,1834,12,354,12,0,0,29.274,0.7134
walking_front.mp4.mp4,61.228,1835,13,355,13,0,0,31.7135,0.6974
walking_front.mp4.mp4,61.261,1836,10,355,10,0,0,24.395,0.7682
walking_front.mp4.mp4,61.295,1837,11,356,11,0,0,26.8345,0.7167
walking_front.mp4.mp4,61.328,1838,11,356,11,0,0,26.8345,0.7288
walking_front.mp4.mp4,61.361,1839,11,356,11,0,0,26.8345,0.7476
walking_front.mp4.mp4,61.395,1840,11,356,11,0,0,26.8345,0.7472
walking_front.mp4.mp4,61.428,1841,11,356,11,0,0,26.8345,0.7468
walking_front.mp4.mp4,61.461,1842,11,356,11,0,0,26.8345,0.741
walking_front.mp4.mp4,61.495,1843,11,356,11,0,0,26.8345,0.7359
walking_front.mp4.mp4,61.528,1844,12,357,12,0,0,29.274,0.7435
walking_front.mp4.mp4,61.562,1845,12,357,12,0,0,29.274,0.7436
walking_front.mp4.mp4,61.595,1846,13,357,13,0,0,31.7135,0.723
walking_front.mp4.mp4,61.628,1847,11,357,11,0,0,26.8345,0.7607
walking_front.mp4.mp4,61.662,1848,12,357,12,0,0,29.274,0.7315
walking_front.mp4.mp4,61.695,1849,12,359,12,0,0,29.274,0.7452
walking_front.mp4.mp4,61.728,1850,13,359,13,0,0,31.7135,0.7203
walking_front.mp4.mp4,61.762,1851,12,359,12,0,0,29.274,0.7424
walking_front.mp4.mp4,61.795,1852,11,359,11,0,0,26.8345,0.7292
walking_front.mp4.mp4,61.828,1853,11,359,11,0,0,26.8345,0.7474
walking_front.mp4.mp4,61.862,1854,11,359,11,0,0,26.8345,0.6906
walking_front.mp4.mp4,61.895,1855,11,359,11,0,0,26.8345,0.6916
walking_front.mp4.mp4,61.929,1856,10,359,10,0,0,24.395,0.745
walking_front.mp4.mp4,61.962,1857,9,359,9,0,0,21.9555,0.769
walking_front.mp4.mp4,61.995,1858,9,359,9,0,0,21.9555,0.7589
walking_front.mp4.mp4,62.029,1859,9,359,9,0,0,21.9555,0.7327
walking_front.mp4.mp4,62.062,1860,9,359,9,0,0,21.9555,0.7167
walking_front.mp4.mp4,62.095,1861,8,359,8,0,0,19.516,0.709
walking_front.mp4.mp4,62.129,1862,9,359,9,0,0,21.9555,0.7101
walking_front.mp4.mp4,62.162,1863,9,360,9,0,0,21.9555,0.7124
walking_front.mp4.mp4,62.195,1864,9,360,9,0,0,21.9555,0.7135
walking_front.mp4.mp4,62.229,1865,9,360,9,0,0,21.9555,0.7517
walking_front.mp4.mp4,62.262,1866,10,360,10,0,0,24.395,0.6904
walking_front.mp4.mp4,62.296,1867,10,360,10,0,0,24.395,0.6799
walking_front.mp4.mp4,62.329,1868,11,360,11,0,0,26.8345,0.6869
walking_front.mp4.mp4,62.362,1869,12,361,12,0,0,29.274,0.6805
walking_front.mp4.mp4,62.396,1870,11,361,11,0,0,26.8345,0.7155
walking_front.mp4.mp4,62.429,1871,10,361,10,0,0,24.395,0.7175
walking_front.mp4.mp4,62.462,1872,11,361,11,0,0,26.8345,0.7058
walking_front.mp4.mp4,62.496,1873,11,361,11,0,0,26.8345,0.7462
walking_front.mp4.mp4,62.529,1874,11,361,11,0,0,26.8345,0.7482
walking_front.mp4.mp4,62.562,1875,11,361,11,0,0,26.8345,0.747
walking_front.mp4.mp4,62.596,1876,10,361,10,0,0,24.395,0.7618
walking_front.mp4.mp4,62.629,1877,10,361,10,0,0,24.395,0.7395
walking_front.mp4.mp4,62.663,1878,9,361,9,0,0,21.9555,0.7689
walking_front.mp4.mp4,62.696,1879,10,362,10,0,0,24.395,0.7358
walking_front.mp4.mp4,62.729,1880,10,362,10,0,0,24.395,0.7363
walking_front.mp4.mp4,62.763,1881,9,362,9,0,0,21.9555,0.7538
walking_front.mp4.mp4,62.796,1882,9,362,9,0,0,21.9555,0.6829
walking_front.mp4.mp4,62.829,1883,8,362,8,0,0,19.516,0.696
walking_front.mp4.mp4,62.863,1884,8,362,8,0,0,19.516,0.6667
walking_front.mp4.mp4,62.896,1885,9,362,9,0,0,21.9555,0.6376
walking_front.mp4.mp4,62.930,1886,9,363,9,0,0,21.9555,0.7078
walking_front.mp4.mp4,62.963,1887,11,365,11,0,0,26.8345,0.6801
walking_front.mp4.mp4,62.996,1888,9,365,9,0,0,21.9555,0.7133
walking_front.mp4.mp4,63.030,1889,9,365,9,0,0,21.9555,0.7285
walking_front.mp4.mp4,63.063,1890,10,366,10,0,0,24.395,0.6941
walking_front.mp4.mp4,63.096,1891,9,366,9,0,0,21.9555,0.7336
walking_front.mp4.mp4,63.130,1892,10,367,10,0,0,24.395,0.7345
walking_front.mp4.mp4,63.163,1893,9,367,9,0,0,21.9555,0.7536
walking_front.mp4.mp4,63.196,1894,10,367,10,0,0,24.395,0.7232
walking_front.mp4.mp4,63.230,1895,9,367,9,0,0,21.9555,0.7471
walking_front.mp4.mp4,63.263,1896,9,368,9,0,0,21.9555,0.7753
walking_front.mp4.mp4,63.297,1897,10,369,10,0,0,24.395,0.7078
walking_front.mp4.mp4,63.330,1898,10,370,10,0,0,24.395,0.7281
walking_front.mp4.mp4,63.363,1899,10,370,10,0,0,24.395,0.7195
walking_front.mp4.mp4,63.397,1900,9,370,9,0,0,21.9555,0.732
walking_front.mp4.mp4,63.430,1901,9,370,9,0,0,21.9555,0.7493
walking_front.mp4.mp4,63.463,1902,10,370,10,0,0,24.395,0.7678
walking_front.mp4.mp4,63.497,1903,10,370,10,0,0,24.395,0.7602
walking_front.mp4.mp4,63.530,1904,11,371,11,0,0,26.8345,0.7389
walking_front.mp4.mp4,63.563,1905,11,371,11,0,0,26.8345,0.7314
walking_front.mp4.mp4,63.597,1906,11,371,11,0,0,26.8345,0.7052
walking_front.mp4.mp4,63.630,1907,9,371,9,0,0,21.9555,0.76
walking_front.mp4.mp4,63.664,1908,9,371,9,0,0,21.9555,0.7608
walking_front.mp4.mp4,63.697,1909,9,371,9,0,0,21.9555,0.7286
walking_front.mp4.mp4,63.730,1910,9,371,9,0,0,21.9555,0.7386
walking_front.mp4.mp4,63.764,1911,9,371,9,0,0,21.9555,0.7339
walking_front.mp4.mp4,63.797,1912,9,371,9,0,0,21.9555,0.7284
walking_front.mp4.mp4,63.830,1913,9,371,9,0,0,21.9555,0.7052
walking_front.mp4.mp4,63.864,1914,9,371,9,0,0,21.9555,0.6996
walking_front.mp4.mp4,63.897,1915,9,371,9,0,0,21.9555,0.7125
walking_front.mp4.mp4,63.931,1916,9,371,9,0,0,21.9555,0.7086
walking_front.mp4.mp4,63.964,1917,9,371,9,0,0,21.9555,0.7072
walking_front.mp4.mp4,63.997,1918,10,372,10,0,0,24.395,0.6794
walking_front.mp4.mp4,64.031,1919,11,372,11,0,0,26.8345,0.658
walking_front.mp4.mp4,64.064,1920,11,372,11,0,0,26.8345,0.6605
walking_front.mp4.mp4,64.097,1921,10,373,10,0,0,24.395,0.7034
walking_front.mp4.mp4,64.131,1922,10,374,10,0,0,24.395,0.681
walking_front.mp4.mp4,64.164,1923,11,375,11,0,0,26.8345,0.6566
walking_front.mp4.mp4,64.197,1924,9,375,9,0,0,21.9555,0.7192
walking_front.mp4.mp4,64.231,1925,10,375,10,0,0,24.395,0.6915
walking_front.mp4.mp4,64.264,1926,9,375,9,0,0,21.9555,0.7113
walking_front.mp4.mp4,64.298,1927,9,375,9,0,0,21.9555,0.733
walking_front.mp4.mp4,64.331,1928,10,376,10,0,0,24.395,0.697
walking_front.mp4.mp4,64.364,1929,10,376,10,0,0,24.395,0.7229
walking_front.mp4.mp4,64.398,1930,10,376,10,0,0,24.395,0.732
walking_front.mp4.mp4,64.431,1931,10,376,10,0,0,24.395,0.7505
walking_front.mp4.mp4,64.464,1932,10,376,10,0,0,24.395,0.7515
walking_front.mp4.mp4,64.498,1933,10,376,10,0,0,24.395,0.7553
walking_front.mp4.mp4,64.531,1934,12,377,12,0,0,29.274,0.7442
walking_front.mp4.mp4,64.564,1935,12,377,12,0,0,29.274,0.7369
walking_front.mp4.mp4,64.598,1936,10,377,10,0,0,24.395,0.7988
walking_front.mp4.mp4,64.631,1937,11,378,11,0,0,26.8345,0.7863
walking_front.mp4.mp4,64.665,1938,12,378,12,0,0,29.274,0.7428
walking_front.mp4.mp4,64.698,1939,11,378,11,0,0,26.8345,0.7701
walking_front.mp4.mp4,64.731,1940,11,378,11,0,0,26.8345,0.7671
walking_front.mp4.mp4,64.765,1941,11,378,11,0,0,26.8345,0.7864
walking_front.mp4.mp4,64.798,1942,11,378,11,0,0,26.8345,0.7729
walking_front.mp4.mp4,64.831,1943,11,378,11,0,0,26.8345,0.7832
walking_front.mp4.mp4,64.865,1944,11,378,11,0,0,26.8345,0.7887
walking_front.mp4.mp4,64.898,1945,11,378,11,0,0,26.8345,0.7801
walking_front.mp4.mp4,64.932,1946,11,378,11,0,0,26.8345,0.7782
walking_front.mp4.mp4,64.965,1947,11,378,11,0,0,26.8345,0.7729
walking_front.mp4.mp4,64.998,1948,11,378,11,0,0,26.8345,0.7792
walking_front.mp4.mp4,65.032,1949,11,378,11,0,0,26.8345,0.7763
walking_front.mp4.mp4,65.065,1950,11,378,11,0,0,26.8345,0.7791
walking_front.mp4.mp4,65.098,1951,12,379,12,0,0,29.274,0.7422
walking_front.mp4.mp4,65.132,1952,12,379,12,0,0,29.274,0.7447
walking_front.mp4.mp4,65.165,1953,12,379,12,0,0,29.274,0.7672
walking_front.mp4.mp4,65.198,1954,12,379,12,0,0,29.274,0.7745
walking_front.mp4.mp4,65.232,1955,12,379,12,0,0,29.274,0.7623
walking_front.mp4.mp4,65.265,1956,12,379,12,0,0,29.274,0.7588
walking_front.mp4.mp4,65.299,1957,12,380,12,0,0,29.274,0.7526
walking_front.mp4.mp4,65.332,1958,11,380,11,0,0,26.8345,0.7644
walking_front.mp4.mp4,65.365,1959,12,380,12,0,0,29.274,0.7491
walking_front.mp4.mp4,65.399,1960,12,380,12,0,0,29.274,0.7757
walking_front.mp4.mp4,65.432,1961,11,380,11,0,0,26.8345,0.7867
walking_front.mp4.mp4,65.465,1962,12,380,12,0,0,29.274,0.7515
walking_front.mp4.mp4,65.499,1963,11,380,11,0,0,26.8345,0.7801
walking_front.mp4.mp4,65.532,1964,11,380,11,0,0,26.8345,0.7803
walking_front.mp4.mp4,65.566,1965,11,380,11,0,0,26.8345,0.7769
walking_front.mp4.mp4,65.599,1966,12,380,12,0,0,29.274,0.7482
walking_front.mp4.mp4,65.632,1967,12,381,12,0,0,29.274,0.7448
walking_front.mp4.mp4,65.666,1968,13,381,13,0,0,31.7135,0.7357
walking_front.mp4.mp4,65.699,1969,14,383,14,0,0,34.153,0.724
walking_front.mp4.mp4,65.732,1970,13,383,13,0,0,31.7135,0.7203
walking_front.mp4.mp4,65.766,1971,14,383,14,0,0,34.153,0.7262
walking_front.mp4.mp4,65.799,1972,13,383,13,0,0,31.7135,0.7669
walking_front.mp4.mp4,65.832,1973,12,383,12,0,0,29.274,0.7646
walking_front.mp4.mp4,65.866,1974,12,383,12,0,0,29.274,0.7793
walking_front.mp4.mp4,65.899,1975,12,383,12,0,0,29.274,0.7701
walking_front.mp4.mp4,65.933,1976,14,384,14,0,0,34.153,0.7006
walking_front.mp4.mp4,65.966,1977,13,384,13,0,0,31.7135,0.7229
walking_front.mp4.mp4,65.999,1978,13,384,13,0,0,31.7135,0.7112
walking_front.mp4.mp4,66.033,1979,12,384,12,0,0,29.274,0.7309
walking_front.mp4.mp4,66.066,1980,11,384,11,0,0,26.8345,0.7687
walking_front.mp4.mp4,66.099,1981,12,384,12,0,0,29.274,0.7111
walking_front.mp4.mp4,66.133,1982,12,384,12,0,0,29.274,0.7131
walking_front.mp4.mp4,66.166,1983,10,384,10,0,0,24.395,0.7905
walking_front.mp4.mp4,66.199,1984,10,384,10,0,0,24.395,0.7909
walking_front.mp4.mp4,66.233,1985,11,384,11,0,0,26.8345,0.7333
walking_front.mp4.mp4,66.266,1986,11,385,11,0,0,26.8345,0.7486
walking_front.mp4.mp4,66.300,1987,11,385,11,0,0,26.8345,0.7461
walking_front.mp4.mp4,66.333,1988,12,386,12,0,0,29.274,0.7328
walking_front.mp4.mp4,66.366,1989,11,386,11,0,0,26.8345,0.7523
walking_front.mp4.mp4,66.400,1990,11,386,11,0,0,26.8345,0.7498
walking_front.mp4.mp4,66.433,1991,11,386,11,0,0,26.8345,0.7632
walking_front.mp4.mp4,66.466,1992,12,387,12,0,0,29.274,0.7164
walking_front.mp4.mp4,66.500,1993,13,387,13,0,0,31.7135,0.6997
walking_front.mp4.mp4,66.533,1994,12,387,12,0,0,29.274,0.7001
walking_front.mp4.mp4,66.567,1995,12,387,12,0,0,29.274,0.704
walking_front.mp4.mp4,66.600,1996,10,387,10,0,0,24.395,0.7624
walking_front.mp4.mp4,66.633,1997,10,387,10,0,0,24.395,0.7605
walking_front.mp4.mp4,66.667,1998,10,387,10,0,0,24.395,0.7392
walking_front.mp4.mp4,66.700,1999,10,387,10,0,0,24.395,0.7828
walking_front.mp4.mp4,66.733,2000,9,387,9,0,0,21.9555,0.8103
walking_front.mp4.mp4,66.767,2001,9,387,9,0,0,21.9555,0.8202
walking_front.mp4.mp4,66.800,2002,10,387,10,0,0,24.395,0.8037
walking_front.mp4.mp4,66.833,2003,9,387,9,0,0,21.9555,0.8159
walking_front.mp4.mp4,66.867,2004,9,387,9,0,0,21.9555,0.802
walking_front.mp4.mp4,66.900,2005,9,387,9,0,0,21.9555,0.8024
walking_front.mp4.mp4,66.934,2006,9,387,9,0,0,21.9555,0.7905
walking_front.mp4.mp4,66.967,2007,10,387,10,0,0,24.395,0.7542
walking_front.mp4.mp4,67.000,2008,10,387,10,0,0,24.395,0.7456
walking_front.mp4.mp4,67.034,2009,10,388,10,0,0,24.395,0.7875
walking_front.mp4.mp4,67.067,2010,10,388,10,0,0,24.395,0.7801
walking_front.mp4.mp4,67.100,2011,10,388,10,0,0,24.395,0.794
walking_front.mp4.mp4,67.134,2012,10,388,10,0,0,24.395,0.7961
walking_front.mp4.mp4,67.167,2013,10,388,10,0,0,24.395,0.8098
walking_front.mp4.mp4,67.200,2014,11,389,11,0,0,26.8345,0.7681
walking_front.mp4.mp4,67.234,2015,11,389,11,0,0,26.8345,0.7726
walking_front.mp4.mp4,67.267,2016,11,389,11,0,0,26.8345,0.7882
walking_front.mp4.mp4,67.301,2017,10,389,10,0,0,24.395,0.8052
walking_front.mp4.mp4,67.334,2018,10,389,10,0,0,24.395,0.7575
walking_front.mp4.mp4,67.367,2019,9,389,9,0,0,21.9555,0.7629
walking_front.mp4.mp4,67.401,2020,10,390,10,0,0,24.395,0.7584
walking_front.mp4.mp4,67.434,2021,10,390,10,0,0,24.395,0.7562
walking_front.mp4.mp4,67.467,2022,10,390,10,0,0,24.395,0.7547
walking_front.mp4.mp4,67.501,2023,10,390,10,0,0,24.395,0.7753
walking_front.mp4.mp4,67.534,2024,10,390,10,0,0,24.395,0.7792
walking_front.mp4.mp4,67.567,2025,11,390,11,0,0,26.8345,0.7533
walking_front.mp4.mp4,67.601,2026,12,390,12,0,0,29.274,0.7124
walking_front.mp4.mp4,67.634,2027,11,390,11,0,0,26.8345,0.7257
walking_front.mp4.mp4,67.668,2028,11,390,11,0,0,26.8345,0.7283
walking_front.mp4.mp4,67.701,2029,11,391,11,0,0,26.8345,0.7485
walking_front.mp4.mp4,67.734,2030,11,391,11,0,0,26.8345,0.7554
walking_front.mp4.mp4,67.768,2031,12,392,12,0,0,29.274,0.7175
walking_front.mp4.mp4,67.801,2032,11,392,11,0,0,26.8345,0.7561
walking_front.mp4.mp4,67.834,2033,11,392,11,0,0,26.8345,0.7595
walking_front.mp4.mp4,67.868,2034,11,392,11,0,0,26.8345,0.7461
walking_front.mp4.mp4,67.901,2035,11,392,11,0,0,26.8345,0.7535
walking_front.mp4.mp4,67.935,2036,11,392,11,0,0,26.8345,0.7459
walking_front.mp4.mp4,67.968,2037,10,392,10,0,0,24.395,0.7773
walking_front.mp4.mp4,68.001,2038,10,392,10,0,0,24.395,0.7843
walking_front.mp4.mp4,68.035,2039,10,392,10,0,0,24.395,0.7997
walking_front.mp4.mp4,68.068,2040,10,392,10,0,0,24.395,0.7973
walking_front.mp4.mp4,68.101,2041,10,392,10,0,0,24.395,0.7973
walking_front.mp4.mp4,68.135,2042,10,392,10,0,0,24.395,0.7939
walking_front.mp4.mp4,68.168,2043,10,392,10,0,0,24.395,0.7967
walking_front.mp4.mp4,68.201,2044,11,393,11,0,0,26.8345,0.746
walking_front.mp4.mp4,68.235,2045,10,393,10,0,0,24.395,0.7667
walking_front.mp4.mp4,68.268,2046,10,393,10,0,0,24.395,0.7474
walking_front.mp4.mp4,68.302,2047,10,393,10,0,0,24.395,0.7249
walking_front.mp4.mp4,68.335,2048,9,393,9,0,0,21.9555,0.7933
walking_front.mp4.mp4,68.368,2049,9,393,9,0,0,21.9555,0.7893
walking_front.mp4.mp4,68.402,2050,9,393,9,0,0,21.9555,0.7782
walking_front.mp4.mp4,68.435,2051,9,393,9,0,0,21.9555,0.7734
walking_front.mp4.mp4,68.468,2052,9,393,9,0,0,21.9555,0.7579
walking_front.mp4.mp4,68.502,2053,9,393,9,0,0,21.9555,0.771
walking_front.mp4.mp4,68.535,2054,8,393,8,0,0,19.516,0.7676
walking_front.mp4.mp4,68.569,2055,8,393,8,0,0,19.516,0.7726
walking_front.mp4.mp4,68.602,2056,8,393,8,0,0,19.516,0.755
walking_front.mp4.mp4,68.635,2057,8,393,8,0,0,19.516,0.7735
walking_front.mp4.mp4,68.669,2058,9,393,9,0,0,21.9555,0.7121
walking_front.mp4.mp4,68.702,2059,8,393,8,0,0,19.516,0.7415
walking_front.mp4.mp4,68.735,2060,8,393,8,0,0,19.516,0.7629
walking_front.mp4.mp4,68.769,2061,8,393,8,0,0,19.516,0.7602
walking_front.mp4.mp4,68.802,2062,8,393,8,0,0,19.516,0.7726
walking_front.mp4.mp4,68.835,2063,8,393,8,0,0,19.516,0.7911
walking_front.mp4.mp4,68.869,2064,8,393,8,0,0,19.516,0.7901
walking_front.mp4.mp4,68.902,2065,8,393,8,0,0,19.516,0.7559
walking_front.mp4.mp4,68.936,2066,7,393,7,0,0,17.0765,0.8001
walking_front.mp4.mp4,68.969,2067,7,393,7,0,0,17.0765,0.8133
walking_front.mp4.mp4,69.002,2068,8,394,8,0,0,19.516,0.7553
walking_front.mp4.mp4,69.036,2069,8,394,8,0,0,19.516,0.7601
walking_front.mp4.mp4,69.069,2070,7,394,7,0,0,17.0765,0.8137
walking_front.mp4.mp4,69.102,2071,9,395,9,0,0,21.9555,0.7509
walking_front.mp4.mp4,69.136,2072,9,395,9,0,0,21.9555,0.7234
walking_front.mp4.mp4,69.169,2073,8,395,8,0,0,19.516,0.7599
walking_front.mp4.mp4,69.202,2074,8,395,8,0,0,19.516,0.7514
walking_front.mp4.mp4,69.236,2075,8,395,8,0,0,19.516,0.7309
walking_front.mp4.mp4,69.269,2076,10,396,10,0,0,24.395,0.7107
walking_front.mp4.mp4,69.303,2077,9,396,9,0,0,21.9555,0.7769
walking_front.mp4.mp4,69.336,2078,9,396,9,0,0,21.9555,0.7848
walking_front.mp4.mp4,69.369,2079,9,396,9,0,0,21.9555,0.7818
walking_front.mp4.mp4,69.403,2080,9,396,9,0,0,21.9555,0.7806
walking_front.mp4.mp4,69.436,2081,9,396,9,0,0,21.9555,0.7781
walking_front.mp4.mp4,69.469,2082,8,396,8,0,0,19.516,0.79
walking_front.mp4.mp4,69.503,2083,9,397,9,0,0,21.9555,0.7606
walking_front.mp4.mp4,69.536,2084,9,397,9,0,0,21.9555,0.7762
walking_front.mp4.mp4,69.570,2085,9,397,9,0,0,21.9555,0.7792
walking_front.mp4.mp4,69.603,2086,9,398,9,0,0,21.9555,0.7612
walking_front.mp4.mp4,69.636,2087,10,398,10,0,0,24.395,0.7679
walking_front.mp4.mp4,69.670,2088,11,398,11,0,0,26.8345,0.7434
walking_front.mp4.mp4,69.703,2089,10,398,10,0,0,24.395,0.783
walking_front.mp4.mp4,69.736,2090,11,398,11,0,0,26.8345,0.7606
walking_front.mp4.mp4,69.770,2091,11,398,11,0,0,26.8345,0.7785
walking_front.mp4.mp4,69.803,2092,12,398,12,0,0,29.274,0.7562
walking_front.mp4.mp4,69.836,2093,12,398,12,0,0,29.274,0.7564
walking_front.mp4.mp4,69.870,2094,12,398,12,0,0,29.274,0.7578
walking_front.mp4.mp4,69.903,2095,12,398,12,0,0,29.274,0.7575
walking_front.mp4.mp4,69.937,2096,12,398,12,0,0,29.274,0.7587
walking_front.mp4.mp4,69.970,2097,11,398,11,0,0,26.8345,0.7496
walking_front.mp4.mp4,70.003,2098,13,399,13,0,0,31.7135,0.7143
walking_front.mp4.mp4,70.037,2099,12,399,12,0,0,29.274,0.7203
walking_front.mp4.mp4,70.070,2100,12,399,12,0,0,29.274,0.7192
walking_front.mp4.mp4,70.103,2101,12,399,12,0,0,29.274,0.7232
walking_front.mp4.mp4,70.137,2102,12,400,12,0,0,29.274,0.7156
walking_front.mp4.mp4,70.170,2103,12,400,12,0,0,29.274,0.7328
walking_front.mp4.mp4,70.203,2104,12,400,12,0,0,29.274,0.729
walking_front.mp4.mp4,70.237,2105,13,401,13,0,0,31.7135,0.7151
walking_front.mp4.mp4,70.270,2106,13,401,13,0,0,31.7135,0.7178
walking_front.mp4.mp4,70.304,2107,13,401,13,0,0,31.7135,0.7188
walking_front.mp4.mp4,70.337,2108,13,401,13,0,0,31.7135,0.7266
walking_front.mp4.mp4,70.370,2109,13,401,13,0,0,31.7135,0.7342
walking_front.mp4.mp4,70.404,2110,13,401,13,0,0,31.7135,0.7375
walking_front.mp4.mp4,70.437,2111,13,401,13,0,0,31.7135,0.7385
walking_front.mp4.mp4,70.470,2112,13,401,13,0,0,31.7135,0.7388
walking_front.mp4.mp4,70.504,2113,13,401,13,0,0,31.7135,0.7395
walking_front.mp4.mp4,70.537,2114,13,401,13,0,0,31.7135,0.7417
walking_front.mp4.mp4,70.570,2115,13,401,13,0,0,31.7135,0.7364
walking_front.mp4.mp4,70.604,2116,13,401,13,0,0,31.7135,0.722
walking_front.mp4.mp4,70.637,2117,13,401,13,0,0,31.7135,0.6982
walking_front.mp4.mp4,70.671,2118,12,401,12,0,0,29.274,0.7165
walking_front.mp4.mp4,70.704,2119,12,401,12,0,0,29.274,0.7192
walking_front.mp4.mp4,70.737,2120,12,401,12,0,0,29.274,0.7258
walking_front.mp4.mp4,70.771,2121,12,401,12,0,0,29.274,0.7266
walking_front.mp4.mp4,70.804,2122,12,401,12,0,0,29.274,0.7282
walking_front.mp4.mp4,70.837,2123,12,401,12,0,0,29.274,0.7248
walking_front.mp4.mp4,70.871,2124,12,401,12,0,0,29.274,0.7158
walking_front.mp4.mp4,70.904,2125,12,401,12,0,0,29.274,0.7181
walking_front.mp4.mp4,70.938,2126,13,402,13,0,0,31.7135,0.6899
walking_front.mp4.mp4,70.971,2127,13,402,13,0,0,31.7135,0.6848
walking_front.mp4.mp4,71.004,2128,12,402,12,0,0,29.274,0.7149
walking_front.mp4.mp4,71.038,2129,12,402,12,0,0,29.274,0.7013
walking_front.mp4.mp4,71.071,2130,12,402,12,0,0,29.274,0.6949
walking_front.mp4.mp4,71.104,2131,12,402,12,0,0,29.274,0.709
walking_front.mp4.mp4,71.138,2132,12,402,12,0,0,29.274,0.7025
walking_front.mp4.mp4,71.171,2133,13,403,13,0,0,31.7135,0.6772
walking_front.mp4.mp4,71.204,2134,11,403,11,0,0,26.8345,0.7195
walking_front.mp4.mp4,71.238,2135,11,403,11,0,0,26.8345,0.7177
walking_front.mp4.mp4,71.271,2136,11,403,11,0,0,26.8345,0.7093
walking_front.mp4.mp4,71.305,2137,11,403,11,0,0,26.8345,0.6975
walking_front.mp4.mp4,71.338,2138,11,403,11,0,0,26.8345,0.6773
walking_front.mp4.mp4,71.371,2139,12,403,12,0,0,29.274,0.6488
walking_front.mp4.mp4,71.405,2140,11,403,11,0,0,26.8345,0.6649
walking_front.mp4.mp4,71.438,2141,10,403,10,0,0,24.395,0.6676
walking_front.mp4.mp4,71.471,2142,10,403,10,0,0,24.395,0.6659
walking_front.mp4.mp4,71.505,2143,10,403,10,0,0,24.395,0.6911
walking_front.mp4.mp4,71.538,2144,12,404,12,0,0,29.274,0.6884
walking_front.mp4.mp4,71.572,2145,12,404,12,0,0,29.274,0.6801
walking_front.mp4.mp4,71.605,2146,12,404,12,0,0,29.274,0.6825
walking_front.mp4.mp4,71.638,2147,13,405,13,0,0,31.7135,0.6581
walking_front.mp4.mp4,71.672,2148,12,405,12,0,0,29.274,0.6659
walking_front.mp4.mp4,71.705,2149,11,405,11,0,0,26.8345,0.6923
walking_front.mp4.mp4,71.738,2150,11,405,11,0,0,26.8345,0.6927
walking_front.mp4.mp4,71.772,2151,12,406,12,0,0,29.274,0.6648
walking_front.mp4.mp4,71.805,2152,11,407,11,0,0,26.8345,0.6911
walking_front.mp4.mp4,71.838,2153,12,407,12,0,0,29.274,0.6986
walking_front.mp4.mp4,71.872,2154,12,407,12,0,0,29.274,0.693
walking_front.mp4.mp4,71.905,2155,12,407,12,0,0,29.274,0.6931
walking_front.mp4.mp4,71.939,2156,12,407,12,0,0,29.274,0.6883
walking_front.mp4.mp4,71.972,2157,12,407,12,0,0,29.274,0.689
walking_front.mp4.mp4,72.005,2158,10,407,10,0,0,24.395,0.7036
walking_front.mp4.mp4,72.039,2159,11,407,11,0,0,26.8345,0.6797
walking_front.mp4.mp4,72.072,2160,11,407,11,0,0,26.8345,0.6935
walking_front.mp4.mp4,72.105,2161,11,407,11,0,0,26.8345,0.6914
walking_front.mp4.mp4,72.139,2162,12,408,12,0,0,29.274,0.6844
walking_front.mp4.mp4,72.172,2163,12,408,12,0,0,29.274,0.6836
walking_front.mp4.mp4,72.205,2164,12,408,12,0,0,29.274,0.6836
walking_front.mp4.mp4,72.239,2165,12,408,12,0,0,29.274,0.6801
walking_front.mp4.mp4,72.272,2166,11,408,11,0,0,26.8345,0.7126
walking_front.mp4.mp4,72.306,2167,10,408,10,0,0,24.395,0.7536
walking_front.mp4.mp4,72.339,2168,11,408,11,0,0,26.8345,0.7272
walking_front.mp4.mp4,72.372,2169,11,408,11,0,0,26.8345,0.7236
walking_front.mp4.mp4,72.406,2170,10,408,10,0,0,24.395,0.7507
walking_front.mp4.mp4,72.439,2171,10,408,10,0,0,24.395,0.7495
walking_front.mp4.mp4,72.472,2172,12,408,12,0,0,29.274,0.7004
walking_front.mp4.mp4,72.506,2173,12,409,12,0,0,29.274,0.7194
walking_front.mp4.mp4,72.539,2174,13,409,13,0,0,31.7135,0.6962
walking_front.mp4.mp4,72.573,2175,13,409,13,0,0,31.7135,0.6962
walking_front.mp4.mp4,72.606,2176,13,409,13,0,0,31.7135,0.6888
walking_front.mp4.mp4,72.639,2177,13,409,13,0,0,31.7135,0.6877
walking_front.mp4.mp4,72.673,2178,12,409,12,0,0,29.274,0.7211
walking_front.mp4.mp4,72.706,2179,13,409,13,0,0,31.7135,0.6987
walking_front.mp4.mp4,72.739,2180,12,409,12,0,0,29.274,0.7129
walking_front.mp4.mp4,72.773,2181,14,410,14,0,0,34.153,0.6772
walking_front.mp4.mp4,72.806,2182,14,410,14,0,0,34.153,0.6795
walking_front.mp4.mp4,72.839,2183,14,410,14,0,0,34.153,0.672
walking_front.mp4.mp4,72.873,2184,13,410,13,0,0,31.7135,0.7035
walking_front.mp4.mp4,72.906,2185,13,410,13,0,0,31.7135,0.6988
walking_front.mp4.mp4,72.940,2186,13,410,13,0,0,31.7135,0.6928
walking_front.mp4.mp4,72.973,2187,14,411,14,0,0,34.153,0.6602
walking_front.mp4.mp4,73.006,2188,14,411,14,0,0,34.153,0.6632
walking_front.mp4.mp4,73.040,2189,14,411,14,0,0,34.153,0.6555
walking_front.mp4.mp4,73.073,2190,14,411,14,0,0,34.153,0.6605
walking_front.mp4.mp4,73.106,2191,13,411,13,0,0,31.7135,0.6881
walking_front.mp4.mp4,73.140,2192,13,411,13,0,0,31.7135,0.6866
walking_front.mp4.mp4,73.173,2193,14,412,14,0,0,34.153,0.6732
walking_front.mp4.mp4,73.206,2194,14,412,14,0,0,34.153,0.6799
walking_front.mp4.mp4,73.240,2195,14,412,14,0,0,34.153,0.6589
walking_front.mp4.mp4,73.273,2196,14,412,14,0,0,34.153,0.6545
walking_front.mp4.mp4,73.307,2197,13,412,13,0,0,31.7135,0.6685
walking_front.mp4.mp4,73.340,2198,13,412,13,0,0,31.7135,0.6527
walking_front.mp4.mp4,73.373,2199,13,412,13,0,0,31.7135,0.6476
walking_front.mp4.mp4,73.407,2200,12,412,12,0,0,29.274,0.6477
walking_front.mp4.mp4,73.440,2201,11,412,11,0,0,26.8345,0.6509
walking_front.mp4.mp4,73.473,2202,12,413,12,0,0,29.274,0.6322
walking_front.mp4.mp4,73.507,2203,12,413,12,0,0,29.274,0.6413
walking_front.mp4.mp4,73.540,2204,12,413,12,0,0,29.274,0.6411
walking_front.mp4.mp4,73.573,2205,11,413,11,0,0,26.8345,0.6619
walking_front.mp4.mp4,73.607,2206,11,413,11,0,0,26.8345,0.6693
walking_front.mp4.mp4,73.640,2207,12,413,12,0,0,29.274,0.664
walking_front.mp4.mp4,73.674,2208,12,413,12,0,0,29.274,0.684
walking_front.mp4.mp4,73.707,2209,12,413,12,0,0,29.274,0.6928
walking_front.mp4.mp4,73.740,2210,12,413,12,0,0,29.274,0.6903
walking_front.mp4.mp4,73.774,2211,12,413,12,0,0,29.274,0.6819
walking_front.mp4.mp4,73.807,2212,12,413,12,0,0,29.274,0.6702
walking_front.mp4.mp4,73.840,2213,12,413,12,0,0,29.274,0.6876
walking_front.mp4.mp4,73.874,2214,12,413,12,0,0,29.274,0.6514
walking_front.mp4.mp4,73.907,2215,11,413,11,0,0,26.8345,0.6488
walking_front.mp4.mp4,73.941,2216,11,413,11,0,0,26.8345,0.6363
walking_front.mp4.mp4,73.974,2217,10,413,10,0,0,24.395,0.6487
walking_front.mp4.mp4,74.007,2218,10,413,10,0,0,24.395,0.6267
walking_front.mp4.mp4,74.041,2219,9,413,9,0,0,21.9555,0.6539
walking_front.mp4.mp4,74.074,2220,11,413,11,0,0,26.8345,0.6184
walking_front.mp4.mp4,74.107,2221,12,414,12,0,0,29.274,0.6192
walking_front.mp4.mp4,74.141,2222,10,414,10,0,0,24.395,0.6569
walking_front.mp4.mp4,74.174,2223,9,414,9,0,0,21.9555,0.7088
walking_front.mp4.mp4,74.207,2224,9,414,9,0,0,21.9555,0.6981
walking_front.mp4.mp4,74.241,2225,9,414,9,0,0,21.9555,0.6911
walking_front.mp4.mp4,74.274,2226,9,414,9,0,0,21.9555,0.6925
walking_front.mp4.mp4,74.308,2227,10,415,10,0,0,24.395,0.6626
walking_front.mp4.mp4,74.341,2228,11,416,11,0,0,26.8345,0.6391
walking_front.mp4.mp4,74.374,2229,11,416,11,0,0,26.8345,0.6271
walking_front.mp4.mp4,74.408,2230,10,416,10,0,0,24.395,0.6514
walking_front.mp4.mp4,74.441,2231,11,416,11,0,0,26.8345,0.6021
walking_front.mp4.mp4,74.474,2232,10,416,10,0,0,24.395,0.6248
walking_front.mp4.mp4,74.508,2233,12,416,12,0,0,29.274,0.5876
walking_front.mp4.mp4,74.541,2234,11,416,11,0,0,26.8345,0.5938
walking_front.mp4.mp4,74.575,2235,10,416,10,0,0,24.395,0.5967
walking_front.mp4.mp4,74.608,2236,12,417,12,0,0,29.274,0.5752
walking_front.mp4.mp4,74.641,2237,11,417,11,0,0,26.8345,0.5957
walking_front.mp4.mp4,74.675,2238,11,417,11,0,0,26.8345,0.6121
walking_front.mp4.mp4,74.708,2239,12,418,12,0,0,29.274,0.6043
walking_front.mp4.mp4,74.741,2240,13,419,13,0,0,31.7135,0.5999
walking_front.mp4.mp4,74.775,2241,11,419,11,0,0,26.8345,0.6494
walking_front.mp4.mp4,74.808,2242,11,419,11,0,0,26.8345,0.6333
walking_front.mp4.mp4,74.841,2243,11,419,11,0,0,26.8345,0.6529
walking_front.mp4.mp4,74.875,2244,12,420,12,0,0,29.274,0.6584
walking_front.mp4.mp4,74.908,2245,11,420,11,0,0,26.8345,0.6427
walking_front.mp4.mp4,74.942,2246,11,420,11,0,0,26.8345,0.6416
walking_front.mp4.mp4,74.975,2247,10,420,10,0,0,24.395,0.6573
walking_front.mp4.mp4,75.008,2248,11,420,11,0,0,26.8345,0.6531
walking_front.mp4.mp4,75.042,2249,12,420,12,0,0,29.274,0.6392
walking_front.mp4.mp4,75.075,2250,11,420,11,0,0,26.8345,0.669
walking_front.mp4.mp4,75.108,2251,11,420,11,0,0,26.8345,0.6652
walking_front.mp4.mp4,75.142,2252,12,420,12,0,0,29.274,0.6416
walking_front.mp4.mp4,75.175,2253,12,420,12,0,0,29.274,0.6589
walking_front.mp4.mp4,75.208,2254,11,420,11,0,0,26.8345,0.6584
walking_front.mp4.mp4,75.242,2255,10,420,10,0,0,24.395,0.6681
walking_front.mp4.mp4,75.275,2256,9,420,9,0,0,21.9555,0.6769
walking_front.mp4.mp4,75.309,2257,10,421,10,0,0,24.395,0.6546
walking_front.mp4.mp4,75.342,2258,10,421,10,0,0,24.395,0.6298
walking_front.mp4.mp4,75.375,2259,10,421,10,0,0,24.395,0.6452
walking_front.mp4.mp4,75.409,2260,10,421,10,0,0,24.395,0.6401
walking_front.mp4.mp4,75.442,2261,10,421,10,0,0,24.395,0.5942
walking_front.mp4.mp4,75.475,2262,10,421,10,0,0,24.395,0.5882
walking_front.mp4.mp4,75.509,2263,9,421,9,0,0,21.9555,0.6125
walking_front.mp4.mp4,75.542,2264,7,421,7,0,0,17.0765,0.6807
walking_front.mp4.mp4,75.576,2265,8,422,8,0,0,19.516,0.6358
walking_front.mp4.mp4,75.609,2266,8,422,8,0,0,19.516,0.6232
walking_front.mp4.mp4,75.642,2267,6,422,6,0,0,14.637,0.671
walking_front.mp4.mp4,75.676,2268,6,422,6,0,0,14.637,0.6315
walking_front.mp4.mp4,75.709,2269,7,422,7,0,0,17.0765,0.5749
walking_front.mp4.mp4,75.742,2270,7,422,7,0,0,17.0765,0.5195
walking_front.mp4.mp4,75.776,2271,9,423,9,0,0,21.9555,0.4706
walking_front.mp4.mp4,75.809,2272,8,424,8,0,0,19.516,0.4864
walking_front.mp4.mp4,75.842,2273,8,425,8,0,0,19.516,0.4796
walking_front.mp4.mp4,75.876,2274,6,426,6,0,0,14.637,0.5133
walking_front.mp4.mp4,75.909,2275,9,429,9,0,0,21.9555,0.4966
walking_front.mp4.mp4,75.943,2276,7,430,7,0,0,17.0765,0.511
walking_front.mp4.mp4,75.976,2277,6,432,6,0,0,14.637,0.5767
walking_front.mp4.mp4,76.009,2278,8,432,8,0,0,19.516,0.5271
walking_front.mp4.mp4,76.043,2279,10,434,10,0,0,24.395,0.5544
walking_front.mp4.mp4,76.076,2280,11,436,11,0,0,26.8345,0.5878
walking_front.mp4.mp4,76.109,2281,10,437,10,0,0,24.395,0.6339
walking_front.mp4.mp4,76.143,2282,10,437,10,0,0,24.395,0.6527
walking_front.mp4.mp4,76.176,2283,12,438,12,0,0,29.274,0.6217
walking_front.mp4.mp4,76.209,2284,14,439,14,0,0,34.153,0.6099
walking_front.mp4.mp4,76.243,2285,13,439,13,0,0,31.7135,0.6481
walking_front.mp4.mp4,76.276,2286,12,440,12,0,0,29.274,0.6619
walking_front.mp4.mp4,76.310,2287,12,440,12,0,0,29.274,0.658
walking_front.mp4.mp4,76.343,2288,12,440,12,0,0,29.274,0.6518
walking_front.mp4.mp4,76.376,2289,11,440,11,0,0,26.8345,0.6713
walking_front.mp4.mp4,76.410,2290,9,440,9,0,0,21.9555,0.7168
walking_front.mp4.mp4,76.443,2291,10,441,10,0,0,24.395,0.7093
walking_front.mp4.mp4,76.476,2292,11,441,11,0,0,26.8345,0.6924
walking_front.mp4.mp4,76.510,2293,11,441,11,0,0,26.8345,0.6896
walking_front.mp4.mp4,76.543,2294,10,441,10,0,0,24.395,0.6591
walking_front.mp4.mp4,76.576,2295,10,442,10,0,0,24.395,0.676
walking_front.mp4.mp4,76.610,2296,13,442,13,0,0,31.7135,0.6388
walking_front.mp4.mp4,76.643,2297,11,442,11,0,0,26.8345,0.6956
walking_front.mp4.mp4,76.677,2298,12,442,12,0,0,29.274,0.6519
walking_front.mp4.mp4,76.710,2299,13,443,13,0,0,31.7135,0.6233
walking_front.mp4.mp4,76.743,2300,11,443,11,0,0,26.8345,0.6519
walking_front.mp4.mp4,76.777,2301,11,443,11,0,0,26.8345,0.6452
walking_front.mp4.mp4,76.810,2302,10,444,10,0,0,24.395,0.6897
walking_front.mp4.mp4,76.843,2303,12,444,12,0,0,29.274,0.6781
walking_front.mp4.mp4,76.877,2304,11,444,11,0,0,26.8345,0.7069
walking_front.mp4.mp4,76.910,2305,11,444,11,0,0,26.8345,0.7101
walking_front.mp4.mp4,76.944,2306,11,444,11,0,0,26.8345,0.7083
walking_front.mp4.mp4,76.977,2307,11,444,11,0,0,26.8345,0.6751
walking_front.mp4.mp4,77.010,2308,12,444,12,0,0,29.274,0.6484
walking_front.mp4.mp4,77.044,2309,11,444,11,0,0,26.8345,0.6695
walking_front.mp4.mp4,77.077,2310,12,445,12,0,0,29.274,0.6414
walking_front.mp4.mp4,77.110,2311,12,445,12,0,0,29.274,0.65
walking_front.mp4.mp4,77.144,2312,13,445,13,0,0,31.7135,0.6221
walking_front.mp4.mp4,77.177,2313,12,445,12,0,0,29.274,0.6265
walking_front.mp4.mp4,77.210,2314,10,445,10,0,0,24.395,0.6934
walking_front.mp4.mp4,77.244,2315,11,445,11,0,0,26.8345,0.6775
walking_front.mp4.mp4,77.277,2316,9,445,9,0,0,21.9555,0.7274
walking_front.mp4.mp4,77.311,2317,10,446,10,0,0,24.395,0.7023
walking_front.mp4.mp4,77.344,2318,10,446,10,0,0,24.395,0.7183
walking_front.mp4.mp4,77.377,2319,10,446,10,0,0,24.395,0.7168
walking_front.mp4.mp4,77.411,2320,10,446,10,0,0,24.395,0.7307
walking_front.mp4.mp4,77.444,2321,9,446,9,0,0,21.9555,0.7637
walking_front.mp4.mp4,77.477,2322,9,446,9,0,0,21.9555,0.7762
walking_front.mp4.mp4,77.511,2323,9,446,9,0,0,21.9555,0.7805
walking_front.mp4.mp4,77.544,2324,10,446,10,0,0,24.395,0.7356
walking_front.mp4.mp4,77.578,2325,10,446,10,0,0,24.395,0.7361
walking_front.mp4.mp4,77.611,2326,10,446,10,0,0,24.395,0.6723
walking_front.mp4.mp4,77.644,2327,10,447,10,0,0,24.395,0.664
walking_front.mp4.mp4,77.678,2328,9,447,9,0,0,21.9555,0.7171
walking_front.mp4.mp4,77.711,2329,9,447,9,0,0,21.9555,0.6993
walking_front.mp4.mp4,77.744,2330,10,447,10,0,0,24.395,0.6652
walking_front.mp4.mp4,77.778,2331,10,448,10,0,0,24.395,0.6604
walking_front.mp4.mp4,77.811,2332,11,449,11,0,0,26.8345,0.6456
walking_front.mp4.mp4,77.844,2333,14,451,14,0,0,34.153,0.6135
walking_front.mp4.mp4,77.878,2334,11,451,11,0,0,26.8345,0.7174
walking_front.mp4.mp4,77.911,2335,11,451,11,0,0,26.8345,0.7199
walking_front.mp4.mp4,77.945,2336,12,452,12,0,0,29.274,0.7111
walking_front.mp4.mp4,77.978,2337,12,452,12,0,0,29.274,0.7298
walking_front.mp4.mp4,78.011,2338,12,452,12,0,0,29.274,0.7382
walking_front.mp4.mp4,78.045,2339,12,452,12,0,0,29.274,0.7247
walking_front.mp4.mp4,78.078,2340,13,452,13,0,0,31.7135,0.6974
walking_front.mp4.mp4,78.111,2341,12,452,12,0,0,29.274,0.7217
walking_front.mp4.mp4,78.145,2342,12,452,12,0,0,29.274,0.7229
walking_front.mp4.mp4,78.178,2343,12,452,12,0,0,29.274,0.7119
walking_front.mp4.mp4,78.211,2344,11,452,11,0,0,26.8345,0.6909
walking_front.mp4.mp4,78.245,2345,11,452,11,0,0,26.8345,0.6973
walking_front.mp4.mp4,78.278,2346,12,453,12,0,0,29.274,0.6675
walking_front.mp4.mp4,78.312,2347,11,453,11,0,0,26.8345,0.7077
walking_front.mp4.mp4,78.345,2348,12,454,12,0,0,29.274,0.6958
walking_front.mp4.mp4,78.378,2349,13,455,13,0,0,31.7135,0.6794
walking_front.mp4.mp4,78.412,2350,13,455,13,0,0,31.7135,0.6546
walking_front.mp4.mp4,78.445,2351,13,455,13,0,0,31.7135,0.6363
walking_front.mp4.mp4,78.478,2352,13,455,13,0,0,31.7135,0.637
walking_front.mp4.mp4,78.512,2353,12,456,12,0,0,29.274,0.6656
walking_front.mp4.mp4,78.545,2354,12,457,12,0,0,29.274,0.6451
walking_front.mp4.mp4,78.579,2355,13,457,13,0,0,31.7135,0.6224
walking_front.mp4.mp4,78.612,2356,11,457,11,0,0,26.8345,0.6715
walking_front.mp4.mp4,78.645,2357,11,457,11,0,0,26.8345,0.6489
walking_front.mp4.mp4,78.679,2358,10,457,10,0,0,24.395,0.6814
walking_front.mp4.mp4,78.712,2359,11,457,11,0,0,26.8345,0.659
walking_front.mp4.mp4,78.745,2360,12,458,12,0,0,29.274,0.6265
walking_front.mp4.mp4,78.779,2361,13,459,13,0,0,31.7135,0.6159
walking_front.mp4.mp4,78.812,2362,13,459,13,0,0,31.7135,0.6114
walking_front.mp4.mp4,78.845,2363,12,459,12,0,0,29.274,0.6204
walking_front.mp4.mp4,78.879,2364,13,459,13,0,0,31.7135,0.5987
walking_front.mp4.mp4,78.912,2365,10,459,10,0,0,24.395,0.6199
walking_front.mp4.mp4,78.946,2366,11,459,11,0,0,26.8345,0.5877
walking_front.mp4.mp4,78.979,2367,11,459,11,0,0,26.8345,0.6009
walking_front.mp4.mp4,79.012,2368,11,460,11,0,0,26.8345,0.5924
walking_front.mp4.mp4,79.046,2369,13,462,13,0,0,31.7135,0.5844
walking_front.mp4.mp4,79.079,2370,11,462,11,0,0,26.8345,0.5866
walking_front.mp4.mp4,79.112,2371,11,462,11,0,0,26.8345,0.6141
walking_front.mp4.mp4,79.146,2372,10,462,10,0,0,24.395,0.6126
walking_front.mp4.mp4,79.179,2373,13,463,13,0,0,31.7135,0.5172
walking_front.mp4.mp4,79.212,2374,12,463,12,0,0,29.274,0.5229
walking_front.mp4.mp4,79.246,2375,12,463,12,0,0,29.274,0.5521
walking_front.mp4.mp4,79.279,2376,11,464,11,0,0,26.8345,0.595
walking_front.mp4.mp4,79.313,2377,8,464,8,0,0,19.516,0.6224
walking_front.mp4.mp4,79.346,2378,6,464,6,0,0,14.637,0.6269
walking_front.mp4.mp4,79.379,2379,5,464,5,0,0,12.1975,0.701
walking_front.mp4.mp4,79.413,2380,7,464,7,0,0,17.0765,0.5504
walking_front.mp4.mp4,79.446,2381,8,465,8,0,0,19.516,0.6207
walking_front.mp4.mp4,79.479,2382,8,466,8,0,0,19.516,0.6172
walking_front.mp4.mp4,79.513,2383,9,466,9,0,0,21.9555,0.6156
walking_front.mp4.mp4,79.546,2384,9,466,9,0,0,21.9555,0.6714
walking_front.mp4.mp4,79.579,2385,9,466,9,0,0,21.9555,0.686
walking_front.mp4.mp4,79.613,2386,10,467,10,0,0,24.395,0.6478
walking_front.mp4.mp4,79.646,2387,8,467,8,0,0,19.516,0.6961
walking_front.mp4.mp4,79.680,2388,9,467,9,0,0,21.9555,0.6907
walking_front.mp4.mp4,79.713,2389,9,468,9,0,0,21.9555,0.6494
walking_front.mp4.mp4,79.746,2390,10,469,10,0,0,24.395,0.6372
walking_front.mp4.mp4,79.780,2391,11,469,11,0,0,26.8345,0.6541
walking_front.mp4.mp4,79.813,2392,12,469,12,0,0,29.274,0.6594
walking_front.mp4.mp4,79.846,2393,13,469,13,0,0,31.7135,0.6607
walking_front.mp4.mp4,79.880,2394,14,470,14,0,0,34.153,0.6445
walking_front.mp4.mp4,79.913,2395,14,470,14,0,0,34.153,0.6504
walking_front.mp4.mp4,79.947,2396,14,470,14,0,0,34.153,0.6396
walking_front.mp4.mp4,79.980,2397,13,470,13,0,0,31.7135,0.6777
walking_front.mp4.mp4,80.013,2398,13,470,13,0,0,31.7135,0.647
walking_front.mp4.mp4,80.047,2399,13,470,13,0,0,31.7135,0.6127
walking_front.mp4.mp4,80.080,2400,13,470,13,0,0,31.7135,0.637
walking_front.mp4.mp4,80.113,2401,13,470,13,0,0,31.7135,0.6257
walking_front.mp4.mp4,80.147,2402,13,470,13,0,0,31.7135,0.6218
walking_front.mp4.mp4,80.180,2403,12,470,12,0,0,29.274,0.6356
walking_front.mp4.mp4,80.213,2404,11,470,11,0,0,26.8345,0.6579
walking_front.mp4.mp4,80.247,2405,12,470,12,0,0,29.274,0.6381
walking_front.mp4.mp4,80.280,2406,12,470,12,0,0,29.274,0.6216
walking_front.mp4.mp4,80.314,2407,12,471,12,0,0,29.274,0.6337
walking_front.mp4.mp4,80.347,2408,12,471,12,0,0,29.274,0.6805
walking_front.mp4.mp4,80.380,2409,13,472,13,0,0,31.7135,0.6518
walking_front.mp4.mp4,80.414,2410,12,472,12,0,0,29.274,0.6589
walking_front.mp4.mp4,80.447,2411,12,472,12,0,0,29.274,0.6614
walking_front.mp4.mp4,80.480,2412,12,472,12,0,0,29.274,0.6354
walking_front.mp4.mp4,80.514,2413,12,472,12,0,0,29.274,0.6379
walking_front.mp4.mp4,80.547,2414,12,473,12,0,0,29.274,0.642
walking_front.mp4.mp4,80.581,2415,12,473,12,0,0,29.274,0.6472
walking_front.mp4.mp4,80.614,2416,13,474,13,0,0,31.7135,0.6379
walking_front.mp4.mp4,80.647,2417,13,474,13,0,0,31.7135,0.6476
walking_front.mp4.mp4,80.681,2418,14,474,14,0,0,34.153,0.6129
walking_front.mp4.mp4,80.714,2419,12,474,12,0,0,29.274,0.6457
walking_front.mp4.mp4,80.747,2420,12,474,12,0,0,29.274,0.6628
walking_front.mp4.mp4,80.781,2421,13,474,13,0,0,31.7135,0.628
walking_front.mp4.mp4,80.814,2422,15,474,15,0,0,36.5925,0.6192
walking_front.mp4.mp4,80.847,2423,14,474,14,0,0,34.153,0.6461
walking_front.mp4.mp4,80.881,2424,14,474,14,0,0,34.153,0.6379
walking_front.mp4.mp4,80.914,2425,13,474,13,0,0,31.7135,0.6692
walking_front.mp4.mp4,80.948,2426,12,474,12,0,0,29.274,0.6828
walking_front.mp4.mp4,80.981,2427,13,475,13,0,0,31.7135,0.6716
walking_front.mp4.mp4,81.014,2428,13,475,13,0,0,31.7135,0.6654
walking_front.mp4.mp4,81.048,2429,15,475,15,0,0,36.5925,0.6071
walking_front.mp4.mp4,81.081,2430,15,475,15,0,0,36.5925,0.5973
walking_front.mp4.mp4,81.114,2431,12,475,12,0,0,29.274,0.6383
walking_front.mp4.mp4,81.148,2432,12,475,12,0,0,29.274,0.6489
walking_front.mp4.mp4,81.181,2433,11,475,11,0,0,26.8345,0.6722
walking_front.mp4.mp4,81.214,2434,11,475,11,0,0,26.8345,0.6747
walking_front.mp4.mp4,81.248,2435,13,475,13,0,0,31.7135,0.6335
walking_front.mp4.mp4,81.281,2436,13,475,13,0,0,31.7135,0.6412
walking_front.mp4.mp4,81.315,2437,12,475,12,0,0,29.274,0.6892
walking_front.mp4.mp4,81.348,2438,14,475,14,0,0,34.153,0.6431
walking_front.mp4.mp4,81.381,2439,14,475,14,0,0,34.153,0.6485
walking_front.mp4.mp4,81.415,2440,15,476,15,0,0,36.5925,0.6184
walking_front.mp4.mp4,81.448,2441,11,476,11,0,0,26.8345,0.6752
walking_front.mp4.mp4,81.481,2442,13,477,13,0,0,31.7135,0.6518
walking_front.mp4.mp4,81.515,2443,14,477,14,0,0,34.153,0.6528
walking_front.mp4.mp4,81.548,2444,14,477,14,0,0,34.153,0.668
walking_front.mp4.mp4,81.582,2445,14,477,14,0,0,34.153,0.6752
walking_front.mp4.mp4,81.615,2446,14,477,14,0,0,34.153,0.6719
walking_front.mp4.mp4,81.648,2447,14,477,14,0,0,34.153,0.656
walking_front.mp4.mp4,81.682,2448,14,477,14,0,0,34.153,0.6625
walking_front.mp4.mp4,81.715,2449,14,477,14,0,0,34.153,0.6702
walking_front.mp4.mp4,81.748,2450,14,477,14,0,0,34.153,0.6617
walking_front.mp4.mp4,81.782,2451,14,477,14,0,0,34.153,0.6486
walking_front.mp4.mp4,81.815,2452,14,477,14,0,0,34.153,0.6467
walking_front.mp4.mp4,81.848,2453,14,477,14,0,0,34.153,0.6431
walking_front.mp4.mp4,81.882,2454,14,477,14,0,0,34.153,0.6412
walking_front.mp4.mp4,81.915,2455,14,478,14,0,0,34.153,0.6462
walking_front.mp4.mp4,81.949,2456,14,478,14,0,0,34.153,0.6612
walking_front.mp4.mp4,81.982,2457,14,478,14,0,0,34.153,0.6465
walking_front.mp4.mp4,82.015,2458,14,478,14,0,0,34.153,0.6474
walking_front.mp4.mp4,82.049,2459,13,478,13,0,0,31.7135,0.67
walking_front.mp4.mp4,82.082,2460,13,478,13,0,0,31.7135,0.6464
walking_front.mp4.mp4,82.115,2461,14,478,14,0,0,34.153,0.6162
walking_front.mp4.mp4,82.149,2462,14,478,14,0,0,34.153,0.6184
walking_front.mp4.mp4,82.182,2463,14,478,14,0,0,34.153,0.6266
walking_front.mp4.mp4,82.215,2464,14,479,14,0,0,34.153,0.6401
walking_front.mp4.mp4,82.249,2465,13,479,13,0,0,31.7135,0.6581
walking_front.mp4.mp4,82.282,2466,13,479,13,0,0,31.7135,0.648
walking_front.mp4.mp4,82.316,2467,13,479,13,0,0,31.7135,0.6389
walking_front.mp4.mp4,82.349,2468,12,479,12,0,0,29.274,0.6653
walking_front.mp4.mp4,82.382,2469,12,479,12,0,0,29.274,0.6897
walking_front.mp4.mp4,82.416,2470,12,479,12,0,0,29.274,0.6953
walking_front.mp4.mp4,82.449,2471,13,480,13,0,0,31.7135,0.6718
walking_front.mp4.mp4,82.482,2472,13,480,13,0,0,31.7135,0.6487
walking_front.mp4.mp4,82.516,2473,13,480,13,0,0,31.7135,0.6543
walking_front.mp4.mp4,82.549,2474,13,480,13,0,0,31.7135,0.6507
walking_front.mp4.mp4,82.582,2475,13,480,13,0,0,31.7135,0.658
walking_front.mp4.mp4,82.616,2476,14,480,14,0,0,34.153,0.6357
walking_front.mp4.mp4,82.649,2477,14,480,14,0,0,34.153,0.6394
walking_front.mp4.mp4,82.683,2478,15,480,15,0,0,36.5925,0.6139
walking_front.mp4.mp4,82.716,2479,15,480,15,0,0,36.5925,0.6025
walking_front.mp4.mp4,82.749,2480,15,481,15,0,0,36.5925,0.6096
walking_front.mp4.mp4,82.783,2481,15,481,15,0,0,36.5925,0.6119
walking_front.mp4.mp4,82.816,2482,16,482,16,0,0,39.032,0.6036
walking_front.mp4.mp4,82.849,2483,16,482,16,0,0,39.032,0.5783
walking_front.mp4.mp4,82.883,2484,15,482,15,0,0,36.5925,0.5841
walking_front.mp4.mp4,82.916,2485,14,482,14,0,0,34.153,0.5938
walking_front.mp4.mp4,82.950,2486,14,482,14,0,0,34.153,0.5874
walking_front.mp4.mp4,82.983,2487,14,482,14,0,0,34.153,0.6061
walking_front.mp4.mp4,83.016,2488,14,482,14,0,0,34.153,0.6035
walking_front.mp4.mp4,83.050,2489,14,482,14,0,0,34.153,0.5964
walking_front.mp4.mp4,83.083,2490,15,482,15,0,0,36.5925,0.5616
walking_front.mp4.mp4,83.116,2491,16,483,16,0,0,39.032,0.5626
walking_front.mp4.mp4,83.150,2492,16,483,16,0,0,39.032,0.5651
walking_front.mp4.mp4,83.183,2493,16,484,16,0,0,39.032,0.558
walking_front.mp4.mp4,83.216,2494,15,484,15,0,0,36.5925,0.5762
walking_front.mp4.mp4,83.250,2495,13,484,13,0,0,31.7135,0.5863
walking_front.mp4.mp4,83.283,2496,14,484,14,0,0,34.153,0.5832
walking_front.mp4.mp4,83.317,2497,14,484,14,0,0,34.153,0.6002
walking_front.mp4.mp4,83.350,2498,14,484,14,0,0,34.153,0.6062
walking_front.mp4.mp4,83.383,2499,14,484,14,0,0,34.153,0.614
walking_front.mp4.mp4,83.417,2500,14,484,14,0,0,34.153,0.6148
walking_front.mp4.mp4,83.450,2501,15,485,15,0,0,36.5925,0.6022
walking_front.mp4.mp4,83.483,2502,15,485,15,0,0,36.5925,0.5992
walking_front.mp4.mp4,83.517,2503,12,485,12,0,0,29.274,0.6528
walking_front.mp4.mp4,83.550,2504,12,485,12,0,0,29.274,0.6614
walking_front.mp4.mp4,83.584,2505,12,485,12,0,0,29.274,0.6726
walking_front.mp4.mp4,83.617,2506,12,485,12,0,0,29.274,0.6625
walking_front.mp4.mp4,83.650,2507,12,485,12,0,0,29.274,0.6674
walking_front.mp4.mp4,83.684,2508,12,485,12,0,0,29.274,0.6715
walking_front.mp4.mp4,83.717,2509,11,485,11,0,0,26.8345,0.6829
walking_front.mp4.mp4,83.750,2510,12,485,12,0,0,29.274,0.6503
walking_front.mp4.mp4,83.784,2511,12,485,12,0,0,29.274,0.6471
walking_front.mp4.mp4,83.817,2512,12,485,12,0,0,29.274,0.649
walking_front.mp4.mp4,83.850,2513,12,485,12,0,0,29.274,0.6423
walking_front.mp4.mp4,83.884,2514,12,485,12,0,0,29.274,0.642
walking_front.mp4.mp4,83.917,2515,11,485,11,0,0,26.8345,0.6671
walking_front.mp4.mp4,83.951,2516,12,485,12,0,0,29.274,0.6424
walking_front.mp4.mp4,83.984,2517,12,485,12,0,0,29.274,0.6425
walking_front.mp4.mp4,84.017,2518,12,485,12,0,0,29.274,0.636
walking_front.mp4.mp4,84.051,2519,12,485,12,0,0,29.274,0.648
walking_front.mp4.mp4,84.084,2520,13,485,13,0,0,31.7135,0.6285
walking_front.mp4.mp4,84.117,2521,12,485,12,0,0,29.274,0.6553
walking_front.mp4.mp4,84.151,2522,12,485,12,0,0,29.274,0.6526
walking_front.mp4.mp4,84.184,2523,12,485,12,0,0,29.274,0.6446
walking_front.mp4.mp4,84.217,2524,12,485,12,0,0,29.274,0.6536
walking_front.mp4.mp4,84.251,2525,13,486,13,0,0,31.7135,0.6473
walking_front.mp4.mp4,84.284,2526,13,486,13,0,0,31.7135,0.6531
walking_front.mp4.mp4,84.318,2527,13,486,13,0,0,31.7135,0.6682
walking_front.mp4.mp4,84.351,2528,13,486,13,0,0,31.7135,0.6735
walking_front.mp4.mp4,84.384,2529,13,486,13,0,0,31.7135,0.6675
walking_front.mp4.mp4,84.418,2530,13,486,13,0,0,31.7135,0.6714
walking_front.mp4.mp4,84.451,2531,13,486,13,0,0,31.7135,0.6671
walking_front.mp4.mp4,84.484,2532,13,486,13,0,0,31.7135,0.6651
walking_front.mp4.mp4,84.518,2533,13,486,13,0,0,31.7135,0.6731
walking_front.mp4.mp4,84.551,2534,14,487,14,0,0,34.153,0.6388
walking_front.mp4.mp4,84.585,2535,14,487,14,0,0,34.153,0.6407
walking_front.mp4.mp4,84.618,2536,14,487,14,0,0,34.153,0.6379
walking_front.mp4.mp4,84.651,2537,12,487,12,0,0,29.274,0.6635
walking_front.mp4.mp4,84.685,2538,13,487,13,0,0,31.7135,0.65
walking_front.mp4.mp4,84.718,2539,13,487,13,0,0,31.7135,0.649
walking_front.mp4.mp4,84.751,2540,13,487,13,0,0,31.7135,0.6383
walking_front.mp4.mp4,84.785,2541,13,487,13,0,0,31.7135,0.653
walking_front.mp4.mp4,84.818,2542,13,487,13,0,0,31.7135,0.6675
walking_front.mp4.mp4,84.851,2543,14,488,14,0,0,34.153,0.6493
walking_front.mp4.mp4,84.885,2544,14,488,14,0,0,34.153,0.6373
walking_front.mp4.mp4,84.918,2545,14,488,14,0,0,34.153,0.6271
walking_front.mp4.mp4,84.952,2546,13,488,13,0,0,31.7135,0.6411
walking_front.mp4.mp4,84.985,2547,14,488,14,0,0,34.153,0.6133
walking_front.mp4.mp4,85.018,2548,13,488,13,0,0,31.7135,0.6284
walking_front.mp4.mp4,85.052,2549,13,488,13,0,0,31.7135,0.632
walking_front.mp4.mp4,85.085,2550,13,488,13,0,0,31.7135,0.637
walking_front.mp4.mp4,85.118,2551,13,488,13,0,0,31.7135,0.6172
walking_front.mp4.mp4,85.152,2552,13,488,13,0,0,31.7135,0.6004
walking_front.mp4.mp4,85.185,2553,12,488,12,0,0,29.274,0.6342
walking_front.mp4.mp4,85.218,2554,12,488,12,0,0,29.274,0.6347
walking_front.mp4.mp4,85.252,2555,12,488,12,0,0,29.274,0.6392
walking_front.mp4.mp4,85.285,2556,12,488,12,0,0,29.274,0.6419
walking_front.mp4.mp4,85.319,2557,12,488,12,0,0,29.274,0.6416
walking_front.mp4.mp4,85.352,2558,12,488,12,0,0,29.274,0.6505
walking_front.mp4.mp4,85.385,2559,12,488,12,0,0,29.274,0.6332
walking_front.mp4.mp4,85.419,2560,11,488,11,0,0,26.8345,0.6593
walking_front.mp4.mp4,85.452,2561,11,488,11,0,0,26.8345,0.667
walking_front.mp4.mp4,85.485,2562,12,489,12,0,0,29.274,0.6292
walking_front.mp4.mp4,85.519,2563,13,490,13,0,0,31.7135,0.6137
walking_front.mp4.mp4,85.552,2564,12,491,12,0,0,29.274,0.6346
walking_front.mp4.mp4,85.585,2565,11,491,11,0,0,26.8345,0.6436
walking_front.mp4.mp4,85.619,2566,12,491,12,0,0,29.274,0.6293
walking_front.mp4.mp4,85.652,2567,12,491,12,0,0,29.274,0.6321
walking_front.mp4.mp4,85.686,2568,12,491,12,0,0,29.274,0.638
walking_front.mp4.mp4,85.719,2569,13,491,13,0,0,31.7135,0.6121
walking_front.mp4.mp4,85.752,2570,12,491,12,0,0,29.274,0.6253
walking_front.mp4.mp4,85.786,2571,13,492,13,0,0,31.7135,0.5944
walking_front.mp4.mp4,85.819,2572,12,492,12,0,0,29.274,0.6028
walking_front.mp4.mp4,85.852,2573,12,492,12,0,0,29.274,0.6075
walking_front.mp4.mp4,85.886,2574,12,492,12,0,0,29.274,0.6076
walking_front.mp4.mp4,85.919,2575,12,492,12,0,0,29.274,0.6216
walking_front.mp4.mp4,85.953,2576,12,493,12,0,0,29.274,0.6097
walking_front.mp4.mp4,85.986,2577,12,493,12,0,0,29.274,0.608
walking_front.mp4.mp4,86.019,2578,12,493,12,0,0,29.274,0.5965
walking_front.mp4.mp4,86.053,2579,12,493,12,0,0,29.274,0.6166
walking_front.mp4.mp4,86.086,2580,13,494,13,0,0,31.7135,0.6198
walking_front.mp4.mp4,86.119,2581,11,494,11,0,0,26.8345,0.6626
walking_front.mp4.mp4,86.153,2582,11,494,11,0,0,26.8345,0.6566
walking_front.mp4.mp4,86.186,2583,10,494,10,0,0,24.395,0.689
walking_front.mp4.mp4,86.219,2584,11,494,11,0,0,26.8345,0.632
walking_front.mp4.mp4,86.253,2585,11,494,11,0,0,26.8345,0.6517
walking_front.mp4.mp4,86.286,2586,9,494,9,0,0,21.9555,0.7135
walking_front.mp4.mp4,86.320,2587,10,494,10,0,0,24.395,0.6765
walking_front.mp4.mp4,86.353,2588,10,494,10,0,0,24.395,0.6747
walking_front.mp4.mp4,86.386,2589,10,494,10,0,0,24.395,0.6639
walking_front.mp4.mp4,86.420,2590,10,494,10,0,0,24.395,0.6591
walking_front.mp4.mp4,86.453,2591,9,494,9,0,0,21.9555,0.6945
walking_front.mp4.mp4,86.486,2592,10,494,10,0,0,24.395,0.6582
walking_front.mp4.mp4,86.520,2593,10,494,10,0,0,24.395,0.671
walking_front.mp4.mp4,86.553,2594,10,494,10,0,0,24.395,0.6791
walking_front.mp4.mp4,86.587,2595,12,496,12,0,0,29.274,0.6357
walking_front.mp4.mp4,86.620,2596,11,496,11,0,0,26.8345,0.6585
walking_front.mp4.mp4,86.653,2597,11,496,11,0,0,26.8345,0.6597
walking_front.mp4.mp4,86.687,2598,11,496,11,0,0,26.8345,0.6559
walking_front.mp4.mp4,86.720,2599,11,496,11,0,0,26.8345,0.6474
walking_front.mp4.mp4,86.753,2600,11,496,11,0,0,26.8345,0.644
walking_front.mp4.mp4,86.787,2601,10,496,10,0,0,24.395,0.6446
walking_front.mp4.mp4,86.820,2602,10,497,10,0,0,24.395,0.661
walking_front.mp4.mp4,86.853,2603,10,497,10,0,0,24.395,0.6378
walking_front.mp4.mp4,86.887,2604,10,497,10,0,0,24.395,0.6443
walking_front.mp4.mp4,86.920,2605,11,497,11,0,0,26.8345,0.6169
walking_front.mp4.mp4,86.954,2606,9,497,9,0,0,21.9555,0.6734
walking_front.mp4.mp4,86.987,2607,11,497,11,0,0,26.8345,0.623
walking_front.mp4.mp4,87.020,2608,11,497,11,0,0,26.8345,0.6321
walking_front.mp4.mp4,87.054,2609,11,497,11,0,0,26.8345,0.6363
walking_front.mp4.mp4,87.087,2610,10,497,10,0,0,24.395,0.6463
walking_front.mp4.mp4,87.120,2611,10,497,10,0,0,24.395,0.6519
walking_front.mp4.mp4,87.154,2612,11,497,11,0,0,26.8345,0.6409
walking_front.mp4.mp4,87.187,2613,10,497,10,0,0,24.395,0.6655
walking_front.mp4.mp4,87.220,2614,9,497,9,0,0,21.9555,0.6927
walking_front.mp4.mp4,87.254,2615,9,497,9,0,0,21.9555,0.6878
walking_front.mp4.mp4,87.287,2616,9,498,9,0,0,21.9555,0.6906
walking_front.mp4.mp4,87.321,2617,10,498,10,0,0,24.395,0.661
walking_front.mp4.mp4,87.354,2618,11,498,11,0,0,26.8345,0.6448
walking_front.mp4.mp4,87.387,2619,12,499,12,0,0,29.274,0.6182
walking_front.mp4.mp4,87.421,2620,12,499,12,0,0,29.274,0.5972
walking_front.mp4.mp4,87.454,2621,12,499,12,0,0,29.274,0.6108
walking_front.mp4.mp4,87.487,2622,13,500,13,0,0,31.7135,0.5918
walking_front.mp4.mp4,87.521,2623,12,500,12,0,0,29.274,0.6
walking_front.mp4.mp4,87.554,2624,11,500,11,0,0,26.8345,0.6069
walking_front.mp4.mp4,87.588,2625,11,500,11,0,0,26.8345,0.6133
walking_front.mp4.mp4,87.621,2626,12,500,12,0,0,29.274,0.6166
walking_front.mp4.mp4,87.654,2627,12,500,12,0,0,29.274,0.5995
walking_front.mp4.mp4,87.688,2628,12,500,12,0,0,29.274,0.5888
walking_front.mp4.mp4,87.721,2629,10,500,10,0,0,24.395,0.6263
walking_front.mp4.mp4,87.754,2630,9,500,9,0,0,21.9555,0.6626
walking_front.mp4.mp4,87.788,2631,8,500,8,0,0,19.516,0.6994
walking_front.mp4.mp4,87.821,2632,8,500,8,0,0,19.516,0.6904
walking_front.mp4.mp4,87.854,2633,9,501,9,0,0,21.9555,0.6622
walking_front.mp4.mp4,87.888,2634,10,501,10,0,0,24.395,0.6407
walking_front.mp4.mp4,87.921,2635,10,501,10,0,0,24.395,0.6344
walking_front.mp4.mp4,87.955,2636,10,501,10,0,0,24.395,0.6383
walking_front.mp4.mp4,87.988,2637,9,501,9,0,0,21.9555,0.6492
walking_front.mp4.mp4,88.021,2638,10,501,10,0,0,24.395,0.613
walking_front.mp4.mp4,88.055,2639,10,501,10,0,0,24.395,0.6176
walking_front.mp4.mp4,88.088,2640,10,501,10,0,0,24.395,0.6229
walking_front.mp4.mp4,88.121,2641,10,501,10,0,0,24.395,0.6266
walking_front.mp4.mp4,88.155,2642,10,501,10,0,0,24.395,0.6354
walking_front.mp4.mp4,88.188,2643,10,501,10,0,0,24.395,0.6365
walking_front.mp4.mp4,88.221,2644,10,501,10,0,0,24.395,0.643
walking_front.mp4.mp4,88.255,2645,10,501,10,0,0,24.395,0.6412
walking_front.mp4.mp4,88.288,2646,10,501,10,0,0,24.395,0.6381
walking_front.mp4.mp4,88.322,2647,10,501,10,0,0,24.395,0.6434
walking_front.mp4.mp4,88.355,2648,10,501,10,0,0,24.395,0.6486
walking_front.mp4.mp4,88.388,2649,10,501,10,0,0,24.395,0.6492
walking_front.mp4.mp4,88.422,2650,10,501,10,0,0,24.395,0.6535
walking_front.mp4.mp4,88.455,2651,10,501,10,0,0,24.395,0.6565
walking_front.mp4.mp4,88.488,2652,10,501,10,0,0,24.395,0.6615
walking_front.mp4.mp4,88.522,2653,10,501,10,0,0,24.395,0.6697
walking_front.mp4.mp4,88.555,2654,10,501,10,0,0,24.395,0.6718
walking_front.mp4.mp4,88.588,2655,10,501,10,0,0,24.395,0.665
walking_front.mp4.mp4,88.622,2656,10,501,10,0,0,24.395,0.6607
walking_front.mp4.mp4,88.655,2657,10,501,10,0,0,24.395,0.6675
walking_front.mp4.mp4,88.689,2658,10,501,10,0,0,24.395,0.659
walking_front.mp4.mp4,88.722,2659,10,501,10,0,0,24.395,0.6551
walking_front.mp4.mp4,88.755,2660,10,501,10,0,0,24.395,0.6629
walking_front.mp4.mp4,88.789,2661,11,502,11,0,0,26.8345,0.6291
walking_front.mp4.mp4,88.822,2662,10,502,10,0,0,24.395,0.6548
walking_front.mp4.mp4,88.855,2663,10,502,10,0,0,24.395,0.658
walking_front.mp4.mp4,88.889,2664,10,502,10,0,0,24.395,0.6562
walking_front.mp4.mp4,88.922,2665,10,502,10,0,0,24.395,0.6541
walking_front.mp4.mp4,88.956,2666,10,502,10,0,0,24.395,0.6433
walking_front.mp4.mp4,88.989,2667,10,502,10,0,0,24.395,0.6486
walking_front.mp4.mp4,89.022,2668,10,502,10,0,0,24.395,0.652
walking_front.mp4.mp4,89.056,2669,10,502,10,0,0,24.395,0.6581
walking_front.mp4.mp4,89.089,2670,10,502,10,0,0,24.395,0.66
walking_front.mp4.mp4,89.122,2671,10,502,10,0,0,24.395,0.6523
walking_front.mp4.mp4,89.156,2672,10,502,10,0,0,24.395,0.6445
walking_front.mp4.mp4,89.189,2673,10,502,10,0,0,24.395,0.6362
walking_front.mp4.mp4,89.222,2674,9,502,9,0,0,21.9555,0.665
walking_front.mp4.mp4,89.256,2675,9,502,9,0,0,21.9555,0.6743
walking_front.mp4.mp4,89.289,2676,10,503,10,0,0,24.395,0.6548
walking_front.mp4.mp4,89.323,2677,10,503,10,0,0,24.395,0.6635
walking_front.mp4.mp4,89.356,2678,10,503,10,0,0,24.395,0.6614
walking_front.mp4.mp4,89.389,2679,10,503,10,0,0,24.395,0.66
walking_front.mp4.mp4,89.423,2680,9,503,9,0,0,21.9555,0.6978
walking_front.mp4.mp4,89.456,2681,9,503,9,0,0,21.9555,0.6963
walking_front.mp4.mp4,89.489,2682,10,504,10,0,0,24.395,0.666
walking_front.mp4.mp4,89.523,2683,10,504,10,0,0,24.395,0.666
walking_front.mp4.mp4,89.556,2684,10,504,10,0,0,24.395,0.6627
walking_front.mp4.mp4,89.590,2685,10,504,10,0,0,24.395,0.645
walking_front.mp4.mp4,89.623,2686,9,504,9,0,0,21.9555,0.6748
walking_front.mp4.mp4,89.656,2687,11,506,11,0,0,26.8345,0.6154
walking_front.mp4.mp4,89.690,2688,10,506,10,0,0,24.395,0.638
walking_front.mp4.mp4,89.723,2689,9,506,9,0,0,21.9555,0.6711
walking_front.mp4.mp4,89.756,2690,10,506,10,0,0,24.395,0.6331
walking_front.mp4.mp4,89.790,2691,9,506,9,0,0,21.9555,0.6561
walking_front.mp4.mp4,89.823,2692,10,506,10,0,0,24.395,0.6417
walking_front.mp4.mp4,89.856,2693,10,506,10,0,0,24.395,0.6568
walking_front.mp4.mp4,89.890,2694,10,506,10,0,0,24.395,0.6549
walking_front.mp4.mp4,89.923,2695,10,506,10,0,0,24.395,0.6536
walking_front.mp4.mp4,89.957,2696,10,506,10,0,0,24.395,0.6568
walking_front.mp4.mp4,89.990,2697,11,506,11,0,0,26.8345,0.6257
walking_front.mp4.mp4,90.023,2698,11,506,11,0,0,26.8345,0.63
walking_front.mp4.mp4,90.057,2699,11,506,11,0,0,26.8345,0.6081
walking_front.mp4.mp4,90.090,2700,10,506,10,0,0,24.395,0.6387
walking_front.mp4.mp4,90.123,2701,10,506,10,0,0,24.395,0.643
walking_front.mp4.mp4,90.157,2702,10,506,10,0,0,24.395,0.6502
walking_front.mp4.mp4,90.190,2703,10,506,10,0,0,24.395,0.6493
walking_front.mp4.mp4,90.223,2704,10,506,10,0,0,24.395,0.6494
walking_front.mp4.mp4,90.257,2705,10,506,10,0,0,24.395,0.6417
walking_front.mp4.mp4,90.290,2706,9,506,9,0,0,21.9555,0.6405
walking_front.mp4.mp4,90.324,2707,8,506,8,0,0,19.516,0.652
walking_front.mp4.mp4,90.357,2708,8,506,8,0,0,19.516,0.5719
walking_front.mp4.mp4,90.390,2709,8,506,8,0,0,19.516,0.5324
walking_front.mp4.mp4,90.424,2710,8,506,8,0,0,19.516,0.5097
walking_front.mp4.mp4,90.457,2711,4,507,4,0,0,9.758,0.5601
walking_front.mp4.mp4,90.490,2712,8,512,8,0,0,19.516,0.5823
walking_front.mp4.mp4,90.524,2713,8,514,8,0,0,19.516,0.6983
walking_front.mp4.mp4,90.557,2714,10,516,10,0,0,24.395,0.6892
walking_front.mp4.mp4,90.591,2715,9,517,9,0,0,21.9555,0.7019
walking_front.mp4.mp4,90.624,2716,9,517,9,0,0,21.9555,0.723
walking_front.mp4.mp4,90.657,2717,10,518,10,0,0,24.395,0.709
walking_front.mp4.mp4,90.691,2718,9,518,9,0,0,21.9555,0.7608
walking_front.mp4.mp4,90.724,2719,9,518,9,0,0,21.9555,0.7571
walking_front.mp4.mp4,90.757,2720,9,518,9,0,0,21.9555,0.7463
walking_front.mp4.mp4,90.791,2721,9,518,9,0,0,21.9555,0.714
walking_front.mp4.mp4,90.824,2722,9,518,9,0,0,21.9555,0.7263
walking_front.mp4.mp4,90.857,2723,9,518,9,0,0,21.9555,0.7272
walking_front.mp4.mp4,90.891,2724,10,518,10,0,0,24.395,0.6855
walking_front.mp4.mp4,90.924,2725,10,518,10,0,0,24.395,0.6959
walking_front.mp4.mp4,90.958,2726,10,518,10,0,0,24.395,0.6896
walking_front.mp4.mp4,90.991,2727,10,518,10,0,0,24.395,0.6864
walking_front.mp4.mp4,91.024,2728,10,518,10,0,0,24.395,0.6993
walking_front.mp4.mp4,91.058,2729,10,518,10,0,0,24.395,0.6827
walking_front.mp4.mp4,91.091,2730,10,518,10,0,0,24.395,0.7069
walking_front.mp4.mp4,91.124,2731,10,518,10,0,0,24.395,0.707
walking_front.mp4.mp4,91.158,2732,10,518,10,0,0,24.395,0.6881
walking_front.mp4.mp4,91.191,2733,10,518,10,0,0,24.395,0.69
walking_front.mp4.mp4,91.224,2734,10,518,10,0,0,24.395,0.692
walking_front.mp4.mp4,91.258,2735,10,518,10,0,0,24.395,0.6547
walking_front.mp4.mp4,91.291,2736,10,518,10,0,0,24.395,0.6595
walking_front.mp4.mp4,91.325,2737,9,518,9,0,0,21.9555,0.6605
walking_front.mp4.mp4,91.358,2738,9,518,9,0,0,21.9555,0.6437
walking_front.mp4.mp4,91.391,2739,7,518,7,0,0,17.0765,0.7084
walking_front.mp4.mp4,91.425,2740,9,518,9,0,0,21.9555,0.6537
walking_front.mp4.mp4,91.458,2741,8,518,8,0,0,19.516,0.6753
walking_front.mp4.mp4,91.491,2742,11,520,11,0,0,26.8345,0.614
walking_front.mp4.mp4,91.525,2743,10,520,10,0,0,24.395,0.6358
walking_front.mp4.mp4,91.558,2744,10,520,10,0,0,24.395,0.6263
walking_front.mp4.mp4,91.591,2745,8,520,8,0,0,19.516,0.6943
walking_front.mp4.mp4,91.625,2746,9,520,9,0,0,21.9555,0.6465
walking_front.mp4.mp4,91.658,2747,8,520,8,0,0,19.516,0.6596
walking_front.mp4.mp4,91.692,2748,9,520,9,0,0,21.9555,0.6419
walking_front.mp4.mp4,91.725,2749,8,520,8,0,0,19.516,0.6646
walking_front.mp4.mp4,91.758,2750,8,520,8,0,0,19.516,0.6635
walking_front.mp4.mp4,91.792,2751,8,520,8,0,0,19.516,0.6694
walking_front.mp4.mp4,91.825,2752,7,520,7,0,0,17.0765,0.714
walking_front.mp4.mp4,91.858,2753,8,521,8,0,0,19.516,0.6705
walking_front.mp4.mp4,91.892,2754,7,521,7,0,0,17.0765,0.7046
walking_front.mp4.mp4,91.925,2755,8,522,8,0,0,19.516,0.6682
walking_front.mp4.mp4,91.959,2756,8,522,8,0,0,19.516,0.6818
walking_front.mp4.mp4,91.992,2757,8,522,8,0,0,19.516,0.6875
walking_front.mp4.mp4,92.025,2758,8,522,8,0,0,19.516,0.6596
walking_front.mp4.mp4,92.059,2759,6,522,6,0,0,14.637,0.7567
walking_front.mp4.mp4,92.092,2760,7,522,7,0,0,17.0765,0.688
walking_front.mp4.mp4,92.125,2761,8,523,8,0,0,19.516,0.6521
walking_front.mp4.mp4,92.159,2762,8,523,8,0,0,19.516,0.6362
walking_front.mp4.mp4,92.192,2763,9,523,9,0,0,21.9555,0.6487
walking_front.mp4.mp4,92.225,2764,10,523,10,0,0,24.395,0.6176
walking_front.mp4.mp4,92.259,2765,9,523,9,0,0,21.9555,0.6519
walking_front.mp4.mp4,92.292,2766,9,523,9,0,0,21.9555,0.6505
walking_front.mp4.mp4,92.326,2767,8,523,8,0,0,19.516,0.6881
walking_front.mp4.mp4,92.359,2768,8,523,8,0,0,19.516,0.6846
walking_front.mp4.mp4,92.392,2769,8,523,8,0,0,19.516,0.6985
walking_front.mp4.mp4,92.426,2770,7,523,7,0,0,17.0765,0.7211
walking_front.mp4.mp4,92.459,2771,7,523,7,0,0,17.0765,0.7177
walking_front.mp4.mp4,92.492,2772,7,523,7,0,0,17.0765,0.7012
walking_front.mp4.mp4,92.526,2773,7,523,7,0,0,17.0765,0.6989
walking_front.mp4.mp4,92.559,2774,7,523,7,0,0,17.0765,0.6856
walking_front.mp4.mp4,92.593,2775,7,524,7,0,0,17.0765,0.6809
walking_front.mp4.mp4,92.626,2776,7,524,7,0,0,17.0765,0.6689
walking_front.mp4.mp4,92.659,2777,7,524,7,0,0,17.0765,0.6858
walking_front.mp4.mp4,92.693,2778,7,524,7,0,0,17.0765,0.7032
walking_front.mp4.mp4,92.726,2779,6,524,6,0,0,14.637,0.75
walking_front.mp4.mp4,92.759,2780,6,524,6,0,0,14.637,0.7599
walking_front.mp4.mp4,92.793,2781,7,525,7,0,0,17.0765,0.7134
walking_front.mp4.mp4,92.826,2782,7,525,7,0,0,17.0765,0.7137
walking_front.mp4.mp4,92.859,2783,7,525,7,0,0,17.0765,0.712
walking_front.mp4.mp4,92.893,2784,7,525,7,0,0,17.0765,0.7206
walking_front.mp4.mp4,92.926,2785,7,525,7,0,0,17.0765,0.7175
walking_front.mp4.mp4,92.960,2786,8,525,8,0,0,19.516,0.6859
walking_front.mp4.mp4,92.993,2787,9,525,9,0,0,21.9555,0.6587
walking_front.mp4.mp4,93.026,2788,9,525,9,0,0,21.9555,0.656
walking_front.mp4.mp4,93.060,2789,9,525,9,0,0,21.9555,0.667
walking_front.mp4.mp4,93.093,2790,9,525,9,0,0,21.9555,0.662
walking_front.mp4.mp4,93.126,2791,8,525,8,0,0,19.516,0.6882
walking_front.mp4.mp4,93.160,2792,8,525,8,0,0,19.516,0.6847
walking_front.mp4.mp4,93.193,2793,8,525,8,0,0,19.516,0.6505
walking_front.mp4.mp4,93.226,2794,7,525,7,0,0,17.0765,0.6938
walking_front.mp4.mp4,93.260,2795,7,525,7,0,0,17.0765,0.6918
walking_front.mp4.mp4,93.293,2796,7,525,7,0,0,17.0765,0.681
walking_front.mp4.mp4,93.327,2797,7,525,7,0,0,17.0765,0.6811
walking_front.mp4.mp4,93.360,2798,8,525,8,0,0,19.516,0.634
walking_front.mp4.mp4,93.393,2799,6,525,6,0,0,14.637,0.7085
walking_front.mp4.mp4,93.427,2800,8,525,8,0,0,19.516,0.6307
walking_front.mp4.mp4,93.460,2801,7,525,7,0,0,17.0765,0.6663
walking_front.mp4.mp4,93.493,2802,7,525,7,0,0,17.0765,0.6796
walking_front.mp4.mp4,93.527,2803,8,525,8,0,0,19.516,0.6508
walking_front.mp4.mp4,93.560,2804,7,525,7,0,0,17.0765,0.6668
walking_front.mp4.mp4,93.594,2805,7,525,7,0,0,17.0765,0.6524
walking_front.mp4.mp4,93.627,2806,6,525,6,0,0,14.637,0.698
walking_front.mp4.mp4,93.660,2807,7,525,7,0,0,17.0765,0.6614
walking_front.mp4.mp4,93.694,2808,7,525,7,0,0,17.0765,0.6513
walking_front.mp4.mp4,93.727,2809,7,525,7,0,0,17.0765,0.6479
walking_front.mp4.mp4,93.760,2810,6,525,6,0,0,14.637,0.6887
walking_front.mp4.mp4,93.794,2811,8,527,8,0,0,19.516,0.6485
walking_front.mp4.mp4,93.827,2812,8,527,8,0,0,19.516,0.6685
walking_front.mp4.mp4,93.860,2813,8,527,8,0,0,19.516,0.6588
walking_front.mp4.mp4,93.894,2814,8,527,8,0,0,19.516,0.6594
walking_front.mp4.mp4,93.927,2815,7,527,7,0,0,17.0765,0.6945
walking_front.mp4.mp4,93.961,2816,7,527,7,0,0,17.0765,0.6774
walking_front.mp4.mp4,93.994,2817,8,527,8,0,0,19.516,0.6251
walking_front.mp4.mp4,94.027,2818,7,527,7,0,0,17.0765,0.6529
walking_front.mp4.mp4,94.061,2819,6,527,6,0,0,14.637,0.6909
walking_front.mp4.mp4,94.094,2820,7,527,7,0,0,17.0765,0.6377
walking_front.mp4.mp4,94.127,2821,7,527,7,0,0,17.0765,0.6676
walking_front.mp4.mp4,94.161,2822,7,527,7,0,0,17.0765,0.6727
walking_front.mp4.mp4,94.194,2823,8,527,8,0,0,19.516,0.6416
walking_front.mp4.mp4,94.227,2824,8,527,8,0,0,19.516,0.642
walking_front.mp4.mp4,94.261,2825,8,527,8,0,0,19.516,0.6235
walking_front.mp4.mp4,94.294,2826,7,527,7,0,0,17.0765,0.6643
walking_front.mp4.mp4,94.328,2827,7,527,7,0,0,17.0765,0.6679
walking_front.mp4.mp4,94.361,2828,7,527,7,0,0,17.0765,0.6608
walking_front.mp4.mp4,94.394,2829,7,527,7,0,0,17.0765,0.6565
walking_front.mp4.mp4,94.428,2830,7,527,7,0,0,17.0765,0.6565
walking_front.mp4.mp4,94.461,2831,8,528,8,0,0,19.516,0.6195
walking_front.mp4.mp4,94.494,2832,8,528,8,0,0,19.516,0.6112
walking_front.mp4.mp4,94.528,2833,7,528,7,0,0,17.0765,0.6292
walking_front.mp4.mp4,94.561,2834,6,528,6,0,0,14.637,0.6633
walking_front.mp4.mp4,94.594,2835,7,528,7,0,0,17.0765,0.6582
walking_front.mp4.mp4,94.628,2836,8,529,8,0,0,19.516,0.6367
walking_front.mp4.mp4,94.661,2837,8,529,8,0,0,19.516,0.6472
walking_front.mp4.mp4,94.695,2838,8,529,8,0,0,19.516,0.639
walking_front.mp4.mp4,94.728,2839,8,529,8,0,0,19.516,0.625
walking_front.mp4.mp4,94.761,2840,8,529,8,0,0,19.516,0.6315
walking_front.mp4.mp4,94.795,2841,9,530,9,0,0,21.9555,0.6048
walking_front.mp4.mp4,94.828,2842,7,530,7,0,0,17.0765,0.668
walking_front.mp4.mp4,94.861,2843,9,530,9,0,0,21.9555,0.5916
walking_front.mp4.mp4,94.895,2844,8,530,8,0,0,19.516,0.6298
walking_front.mp4.mp4,94.928,2845,9,531,9,0,0,21.9555,0.5981
walking_front.mp4.mp4,94.962,2846,10,531,10,0,0,24.395,0.5907
walking_front.mp4.mp4,94.995,2847,9,531,9,0,0,21.9555,0.6162
walking_front.mp4.mp4,95.028,2848,10,531,10,0,0,24.395,0.5807
walking_front.mp4.mp4,95.062,2849,10,531,10,0,0,24.395,0.5787
walking_front.mp4.mp4,95.095,2850,8,531,8,0,0,19.516,0.6363
walking_front.mp4.mp4,95.128,2851,7,531,7,0,0,17.0765,0.6801
walking_front.mp4.mp4,95.162,2852,8,531,8,0,0,19.516,0.6469
walking_front.mp4.mp4,95.195,2853,8,531,8,0,0,19.516,0.6531
walking_front.mp4.mp4,95.228,2854,8,531,8,0,0,19.516,0.6127
walking_front.mp4.mp4,95.262,2855,7,531,7,0,0,17.0765,0.6673
walking_front.mp4.mp4,95.295,2856,7,531,7,0,0,17.0765,0.6695
walking_front.mp4.mp4,95.329,2857,6,531,6,0,0,14.637,0.7088
walking_front.mp4.mp4,95.362,2858,6,531,6,0,0,14.637,0.7077
walking_front.mp4.mp4,95.395,2859,6,531,6,0,0,14.637,0.6924
walking_front.mp4.mp4,95.429,2860,8,532,8,0,0,19.516,0.6072
walking_front.mp4.mp4,95.462,2861,8,532,8,0,0,19.516,0.6099
walking_front.mp4.mp4,95.495,2862,8,533,8,0,0,19.516,0.6143
walking_front.mp4.mp4,95.529,2863,8,533,8,0,0,19.516,0.6037
walking_front.mp4.mp4,95.562,2864,6,533,6,0,0,14.637,0.668
walking_front.mp4.mp4,95.596,2865,7,533,7,0,0,17.0765,0.6332
walking_front.mp4.mp4,95.629,2866,8,533,8,0,0,19.516,0.5968
walking_front.mp4.mp4,95.662,2867,8,533,8,0,0,19.516,0.5996
walking_front.mp4.mp4,95.696,2868,8,533,8,0,0,19.516,0.5893
walking_front.mp4.mp4,95.729,2869,8,533,8,0,0,19.516,0.5885
walking_front.mp4.mp4,95.762,2870,7,533,7,0,0,17.0765,0.6288
walking_front.mp4.mp4,95.796,2871,7,533,7,0,0,17.0765,0.611
walking_front.mp4.mp4,95.829,2872,6,533,6,0,0,14.637,0.6689
walking_front.mp4.mp4,95.862,2873,7,533,7,0,0,17.0765,0.6207
walking_front.mp4.mp4,95.896,2874,7,533,7,0,0,17.0765,0.6407
walking_front.mp4.mp4,95.929,2875,7,533,7,0,0,17.0765,0.638
walking_front.mp4.mp4,95.963,2876,6,533,6,0,0,14.637,0.685
walking_front.mp4.mp4,95.996,2877,6,533,6,0,0,14.637,0.6816
walking_front.mp4.mp4,96.029,2878,6,533,6,0,0,14.637,0.6389
walking_front.mp4.mp4,96.063,2879,6,533,6,0,0,14.637,0.6505
walking_front.mp4.mp4,96.096,2880,6,533,6,0,0,14.637,0.6563
walking_front.mp4.mp4,96.129,2881,6,533,6,0,0,14.637,0.6753
walking_front.mp4.mp4,96.163,2882,6,533,6,0,0,14.637,0.6845
walking_front.mp4.mp4,96.196,2883,7,534,7,0,0,17.0765,0.6464
walking_front.mp4.mp4,96.229,2884,7,534,7,0,0,17.0765,0.6486
walking_front.mp4.mp4,96.263,2885,7,534,7,0,0,17.0765,0.6356
walking_front.mp4.mp4,96.296,2886,7,534,7,0,0,17.0765,0.6565
walking_front.mp4.mp4,96.330,2887,7,534,7,0,0,17.0765,0.6523
walking_front.mp4.mp4,96.363,2888,7,534,7,0,0,17.0765,0.6543
walking_front.mp4.mp4,96.396,2889,8,534,8,0,0,19.516,0.6145
walking_front.mp4.mp4,96.430,2890,8,534,8,0,0,19.516,0.6236
walking_front.mp4.mp4,96.463,2891,9,535,9,0,0,21.9555,0.5977
walking_front.mp4.mp4,96.496,2892,9,535,9,0,0,21.9555,0.6042
walking_front.mp4.mp4,96.530,2893,10,536,10,0,0,24.395,0.5771
walking_front.mp4.mp4,96.563,2894,10,536,10,0,0,24.395,0.5877
walking_front.mp4.mp4,96.597,2895,8,536,8,0,0,19.516,0.6366
walking_front.mp4.mp4,96.630,2896,10,536,10,0,0,24.395,0.5971
walking_front.mp4.mp4,96.663,2897,10,536,10,0,0,24.395,0.6019
walking_front.mp4.mp4,96.697,2898,9,536,9,0,0,21.9555,0.6312
walking_front.mp4.mp4,96.730,2899,9,536,9,0,0,21.9555,0.6363
walking_front.mp4.mp4,96.763,2900,9,536,9,0,0,21.9555,0.6249
walking_front.mp4.mp4,96.797,2901,9,536,9,0,0,21.9555,0.618
walking_front.mp4.mp4,96.830,2902,9,536,9,0,0,21.9555,0.6146
walking_front.mp4.mp4,96.863,2903,9,536,9,0,0,21.9555,0.6208
walking_front.mp4.mp4,96.897,2904,9,536,9,0,0,21.9555,0.6243
walking_front.mp4.mp4,96.930,2905,8,536,8,0,0,19.516,0.6469
walking_front.mp4.mp4,96.964,2906,9,536,9,0,0,21.9555,0.6305
walking_front.mp4.mp4,96.997,2907,10,537,10,0,0,24.395,0.6159
walking_front.mp4.mp4,97.030,2908,9,537,9,0,0,21.9555,0.6147
walking_front.mp4.mp4,97.064,2909,10,537,10,0,0,24.395,0.6079
walking_front.mp4.mp4,97.097,2910,9,537,9,0,0,21.9555,0.6033
walking_front.mp4.mp4,97.130,2911,9,537,9,0,0,21.9555,0.6028
walking_front.mp4.mp4,97.164,2912,8,537,8,0,0,19.516,0.6357
walking_front.mp4.mp4,97.197,2913,8,537,8,0,0,19.516,0.6236
walking_front.mp4.mp4,97.230,2914,8,537,8,0,0,19.516,0.6186
walking_front.mp4.mp4,97.264,2915,9,537,9,0,0,21.9555,0.5932
walking_front.mp4.mp4,97.297,2916,9,537,9,0,0,21.9555,0.6004
walking_front.mp4.mp4,97.331,2917,9,537,9,0,0,21.9555,0.5965
walking_front.mp4.mp4,97.364,2918,9,537,9,0,0,21.9555,0.6033
walking_front.mp4.mp4,97.397,2919,10,538,10,0,0,24.395,0.6033
walking_front.mp4.mp4,97.431,2920,10,538,10,0,0,24.395,0.6222
walking_front.mp4.mp4,97.464,2921,11,539,11,0,0,26.8345,0.647
walking_front.mp4.mp4,97.497,2922,12,540,12,0,0,29.274,0.6389
walking_front.mp4.mp4,97.531,2923,12,540,12,0,0,29.274,0.6263
walking_front.mp4.mp4,97.564,2924,12,540,12,0,0,29.274,0.6235
walking_front.mp4.mp4,97.597,2925,11,540,11,0,0,26.8345,0.6544
walking_front.mp4.mp4,97.631,2926,11,540,11,0,0,26.8345,0.6547
walking_front.mp4.mp4,97.664,2927,11,540,11,0,0,26.8345,0.6577
walking_front.mp4.mp4,97.698,2928,12,540,12,0,0,29.274,0.6406
walking_front.mp4.mp4,97.731,2929,12,540,12,0,0,29.274,0.6305
walking_front.mp4.mp4,97.764,2930,11,540,11,0,0,26.8345,0.6695
walking_front.mp4.mp4,97.798,2931,11,540,11,0,0,26.8345,0.6388
walking_front.mp4.mp4,97.831,2932,10,540,10,0,0,24.395,0.6435
walking_front.mp4.mp4,97.864,2933,10,540,10,0,0,24.395,0.6356
walking_front.mp4.mp4,97.898,2934,10,540,10,0,0,24.395,0.6312
walking_front.mp4.mp4,97.931,2935,9,540,9,0,0,21.9555,0.6638
walking_front.mp4.mp4,97.965,2936,9,540,9,0,0,21.9555,0.6645
walking_front.mp4.mp4,97.998,2937,10,540,10,0,0,24.395,0.6497
walking_front.mp4.mp4,98.031,2938,9,540,9,0,0,21.9555,0.6653
walking_front.mp4.mp4,98.065,2939,9,540,9,0,0,21.9555,0.6609
walking_front.mp4.mp4,98.098,2940,9,540,9,0,0,21.9555,0.6704
walking_front.mp4.mp4,98.131,2941,8,540,8,0,0,19.516,0.7183
walking_front.mp4.mp4,98.165,2942,8,540,8,0,0,19.516,0.7197
walking_front.mp4.mp4,98.198,2943,8,540,8,0,0,19.516,0.7164
walking_front.mp4.mp4,98.231,2944,8,540,8,0,0,19.516,0.7037
walking_front.mp4.mp4,98.265,2945,8,540,8,0,0,19.516,0.6982
walking_front.mp4.mp4,98.298,2946,8,540,8,0,0,19.516,0.7044
walking_front.mp4.mp4,98.332,2947,9,540,9,0,0,21.9555,0.6675
walking_front.mp4.mp4,98.365,2948,9,540,9,0,0,21.9555,0.665
walking_front.mp4.mp4,98.398,2949,9,540,9,0,0,21.9555,0.6465
walking_front.mp4.mp4,98.432,2950,10,540,10,0,0,24.395,0.6222
walking_front.mp4.mp4,98.465,2951,10,540,10,0,0,24.395,0.654
walking_front.mp4.mp4,98.498,2952,10,540,10,0,0,24.395,0.6757
walking_front.mp4.mp4,98.532,2953,10,540,10,0,0,24.395,0.683
walking_front.mp4.mp4,98.565,2954,10,540,10,0,0,24.395,0.6597
walking_front.mp4.mp4,98.599,2955,10,540,10,0,0,24.395,0.6641
walking_front.mp4.mp4,98.632,2956,10,540,10,0,0,24.395,0.6712
walking_front.mp4.mp4,98.665,2957,10,540,10,0,0,24.395,0.6935
walking_front.mp4.mp4,98.699,2958,10,540,10,0,0,24.395,0.6909
walking_front.mp4.mp4,98.732,2959,10,540,10,0,0,24.395,0.6958
walking_front.mp4.mp4,98.765,2960,10,540,10,0,0,24.395,0.6782
walking_front.mp4.mp4,98.799,2961,10,540,10,0,0,24.395,0.6661
walking_front.mp4.mp4,98.832,2962,10,540,10,0,0,24.395,0.6765
walking_front.mp4.mp4,98.865,2963,11,541,11,0,0,26.8345,0.6715
walking_front.mp4.mp4,98.899,2964,11,541,11,0,0,26.8345,0.6738
walking_front.mp4.mp4,98.932,2965,11,541,11,0,0,26.8345,0.6852
walking_front.mp4.mp4,98.966,2966,12,542,12,0,0,29.274,0.6504
walking_front.mp4.mp4,98.999,2967,11,542,11,0,0,26.8345,0.664
walking_front.mp4.mp4,99.032,2968,10,542,10,0,0,24.395,0.6652
walking_front.mp4.mp4,99.066,2969,10,542,10,0,0,24.395,0.6713
walking_front.mp4.mp4,99.099,2970,10,542,10,0,0,24.395,0.6833
walking_front.mp4.mp4,99.132,2971,10,542,10,0,0,24.395,0.6911
walking_front.mp4.mp4,99.166,2972,10,542,10,0,0,24.395,0.6935
walking_front.mp4.mp4,99.199,2973,11,542,11,0,0,26.8345,0.6768
walking_front.mp4.mp4,99.232,2974,11,542,11,0,0,26.8345,0.6714
walking_front.mp4.mp4,99.266,2975,10,542,10,0,0,24.395,0.687
walking_front.mp4.mp4,99.299,2976,11,542,11,0,0,26.8345,0.6782
walking_front.mp4.mp4,99.333,2977,10,542,10,0,0,24.395,0.6644
walking_front.mp4.mp4,99.366,2978,10,542,10,0,0,24.395,0.6829
walking_front.mp4.mp4,99.399,2979,10,542,10,0,0,24.395,0.6833
walking_front.mp4.mp4,99.433,2980,10,542,10,0,0,24.395,0.6645
walking_front.mp4.mp4,99.466,2981,11,543,11,0,0,26.8345,0.6514
walking_front.mp4.mp4,99.499,2982,10,543,10,0,0,24.395,0.6782
walking_front.mp4.mp4,99.533,2983,10,543,10,0,0,24.395,0.6786
walking_front.mp4.mp4,99.566,2984,10,543,10,0,0,24.395,0.6838
walking_front.mp4.mp4,99.600,2985,10,543,10,0,0,24.395,0.6696
walking_front.mp4.mp4,99.633,2986,10,543,10,0,0,24.395,0.662
walking_front.mp4.mp4,99.666,2987,10,543,10,0,0,24.395,0.6775
walking_front.mp4.mp4,99.700,2988,10,543,10,0,0,24.395,0.6667
walking_front.mp4.mp4,99.733,2989,10,543,10,0,0,24.395,0.6879
walking_front.mp4.mp4,99.766,2990,10,543,10,0,0,24.395,0.678
walking_front.mp4.mp4,99.800,2991,10,543,10,0,0,24.395,0.6521
walking_front.mp4.mp4,99.833,2992,9,543,9,0,0,21.9555,0.6614
walking_front.mp4.mp4,99.866,2993,10,543,10,0,0,24.395,0.633
walking_front.mp4.mp4,99.900,2994,9,543,9,0,0,21.9555,0.6504
walking_front.mp4.mp4,99.933,2995,8,543,8,0,0,19.516,0.6493
walking_front.mp4.mp4,99.967,2996,8,543,8,0,0,19.516,0.6507
walking_front.mp4.mp4,100.000,2997,7,543,7,0,0,17.0765,0.7067
walking_front.mp4.mp4,100.033,2998,7,543,7,0,0,17.0765,0.7146
walking_front.mp4.mp4,100.067,2999,7,543,7,0,0,17.0765,0.7134
walking_front.mp4.mp4,100.100,3000,7,543,7,0,0,17.0765,0.7201
walking_front.mp4.mp4,100.133,3001,8,543,8,0,0,19.516,0.6697
walking_front.mp4.mp4,100.167,3002,8,543,8,0,0,19.516,0.6895
walking_front.mp4.mp4,100.200,3003,8,544,8,0,0,19.516,0.7131
walking_front.mp4.mp4,100.233,3004,8,544,8,0,0,19.516,0.6966
walking_front.mp4.mp4,100.267,3005,9,544,9,0,0,21.9555,0.6631
walking_front.mp4.mp4,100.300,3006,9,544,9,0,0,21.9555,0.6571
walking_front.mp4.mp4,100.334,3007,9,544,9,0,0,21.9555,0.6575
walking_front.mp4.mp4,100.367,3008,9,544,9,0,0,21.9555,0.6774
walking_front.mp4.mp4,100.400,3009,9,544,9,0,0,21.9555,0.6742
walking_front.mp4.mp4,100.434,3010,9,544,9,0,0,21.9555,0.6811
walking_front.mp4.mp4,100.467,3011,9,544,9,0,0,21.9555,0.6934
walking_front.mp4.mp4,100.500,3012,9,544,9,0,0,21.9555,0.694
walking_front.mp4.mp4,100.534,3013,9,544,9,0,0,21.9555,0.6854
walking_front.mp4.mp4,100.567,3014,9,544,9,0,0,21.9555,0.6576
walking_front.mp4.mp4,100.600,3015,9,544,9,0,0,21.9555,0.6274
walking_front.mp4.mp4,100.634,3016,9,544,9,0,0,21.9555,0.6203
walking_front.mp4.mp4,100.667,3017,8,544,8,0,0,19.516,0.6307
walking_front.mp4.mp4,100.701,3018,8,545,8,0,0,19.516,0.622
walking_front.mp4.mp4,100.734,3019,9,546,9,0,0,21.9555,0.6345
walking_front.mp4.mp4,100.767,3020,9,546,9,0,0,21.9555,0.6435
walking_front.mp4.mp4,100.801,3021,10,547,10,0,0,24.395,0.6285
walking_front.mp4.mp4,100.834,3022,11,548,11,0,0,26.8345,0.6363
walking_front.mp4.mp4,100.867,3023,11,548,11,0,0,26.8345,0.6339
walking_front.mp4.mp4,100.901,3024,11,548,11,0,0,26.8345,0.6145
walking_front.mp4.mp4,100.934,3025,10,548,10,0,0,24.395,0.6328
walking_front.mp4.mp4,100.968,3026,10,548,10,0,0,24.395,0.665
walking_front.mp4.mp4,101.001,3027,10,548,10,0,0,24.395,0.6524
walking_front.mp4.mp4,101.034,3028,8,548,8,0,0,19.516,0.7405
walking_front.mp4.mp4,101.068,3029,9,548,9,0,0,21.9555,0.6864
walking_front.mp4.mp4,101.101,3030,8,548,8,0,0,19.516,0.7261
walking_front.mp4.mp4,101.134,3031,10,549,10,0,0,24.395,0.664
walking_front.mp4.mp4,101.168,3032,10,549,10,0,0,24.395,0.6861
walking_front.mp4.mp4,101.201,3033,10,549,10,0,0,24.395,0.6793
walking_front.mp4.mp4,101.234,3034,10,549,10,0,0,24.395,0.6758
walking_front.mp4.mp4,101.268,3035,9,549,9,0,0,21.9555,0.7129
walking_front.mp4.mp4,101.301,3036,9,549,9,0,0,21.9555,0.7295
walking_front.mp4.mp4,101.335,3037,9,549,9,0,0,21.9555,0.7249
walking_front.mp4.mp4,101.368,3038,9,549,9,0,0,21.9555,0.7008
walking_front.mp4.mp4,101.401,3039,8,549,8,0,0,19.516,0.7442
walking_front.mp4.mp4,101.435,3040,9,549,9,0,0,21.9555,0.7046
walking_front.mp4.mp4,101.468,3041,9,549,9,0,0,21.9555,0.7224
walking_front.mp4.mp4,101.501,3042,10,550,10,0,0,24.395,0.6592
walking_front.mp4.mp4,101.535,3043,7,550,7,0,0,17.0765,0.7339
walking_front.mp4.mp4,101.568,3044,7,550,7,0,0,17.0765,0.721
walking_front.mp4.mp4,101.602,3045,7,550,7,0,0,17.0765,0.7156
walking_front.mp4.mp4,101.635,3046,7,550,7,0,0,17.0765,0.6412
walking_front.mp4.mp4,101.668,3047,8,551,8,0,0,19.516,0.6058
walking_front.mp4.mp4,101.702,3048,7,551,7,0,0,17.0765,0.6519
walking_front.mp4.mp4,101.735,3049,4,551,4,0,0,9.758,0.5592
walking_front.mp4.mp4,101.768,3050,3,551,3,0,0,7.3185,0.6283
walking_front.mp4.mp4,101.802,3051,7,555,7,0,0,17.0765,0.6966
walking_front.mp4.mp4,101.835,3052,8,556,8,0,0,19.516,0.6897
walking_front.mp4.mp4,101.868,3053,9,557,9,0,0,21.9555,0.6583
walking_front.mp4.mp4,101.902,3054,9,557,9,0,0,21.9555,0.6471
walking_front.mp4.mp4,101.935,3055,8,557,8,0,0,19.516,0.6682
walking_front.mp4.mp4,101.969,3056,9,557,9,0,0,21.9555,0.7112
walking_front.mp4.mp4,102.002,3057,9,557,9,0,0,21.9555,0.7048
walking_front.mp4.mp4,102.035,3058,8,557,8,0,0,19.516,0.7134
walking_front.mp4.mp4,102.069,3059,7,557,7,0,0,17.0765,0.7642
walking_front.mp4.mp4,102.102,3060,8,557,8,0,0,19.516,0.716
walking_front.mp4.mp4,102.135,3061,9,557,9,0,0,21.9555,0.7007
walking_front.mp4.mp4,102.169,3062,7,557,7,0,0,17.0765,0.7806
walking_front.mp4.mp4,102.202,3063,8,558,8,0,0,19.516,0.7368
walking_front.mp4.mp4,102.235,3064,8,558,8,0,0,19.516,0.7418
walking_front.mp4.mp4,102.269,3065,9,558,9,0,0,21.9555,0.6951
walking_front.mp4.mp4,102.302,3066,9,558,9,0,0,21.9555,0.7008
walking_front.mp4.mp4,102.336,3067,8,558,8,0,0,19.516,0.7363
walking_front.mp4.mp4,102.369,3068,7,558,7,0,0,17.0765,0.7899
walking_front.mp4.mp4,102.402,3069,8,558,8,0,0,19.516,0.7555
walking_front.mp4.mp4,102.436,3070,8,558,8,0,0,19.516,0.7444
walking_front.mp4.mp4,102.469,3071,7,558,7,0,0,17.0765,0.7973
walking_front.mp4.mp4,102.502,3072,7,558,7,0,0,17.0765,0.817
walking_front.mp4.mp4,102.536,3073,7,558,7,0,0,17.0765,0.8186
walking_front.mp4.mp4,102.569,3074,7,558,7,0,0,17.0765,0.8156
walking_front.mp4.mp4,102.603,3075,7,558,7,0,0,17.0765,0.8065
walking_front.mp4.mp4,102.636,3076,7,558,7,0,0,17.0765,0.8041
walking_front.mp4.mp4,102.669,3077,7,558,7,0,0,17.0765,0.8027
walking_front.mp4.mp4,102.703,3078,7,558,7,0,0,17.0765,0.7946
walking_front.mp4.mp4,102.736,3079,7,558,7,0,0,17.0765,0.7891
walking_front.mp4.mp4,102.769,3080,7,558,7,0,0,17.0765,0.7832
walking_front.mp4.mp4,102.803,3081,6,558,6,0,0,14.637,0.8447
walking_front.mp4.mp4,102.836,3082,6,558,6,0,0,14.637,0.8511
walking_front.mp4.mp4,102.869,3083,8,559,8,0,0,19.516,0.7475
walking_front.mp4.mp4,102.903,3084,8,559,8,0,0,19.516,0.7514
walking_front.mp4.mp4,102.936,3085,8,559,8,0,0,19.516,0.7617
walking_front.mp4.mp4,102.970,3086,7,559,7,0,0,17.0765,0.8233
walking_front.mp4.mp4,103.003,3087,7,559,7,0,0,17.0765,0.8204
walking_front.mp4.mp4,103.036,3088,7,559,7,0,0,17.0765,0.8142
walking_front.mp4.mp4,103.070,3089,7,559,7,0,0,17.0765,0.8112
walking_front.mp4.mp4,103.103,3090,7,559,7,0,0,17.0765,0.8055
walking_front.mp4.mp4,103.136,3091,8,559,8,0,0,19.516,0.762
walking_front.mp4.mp4,103.170,3092,8,559,8,0,0,19.516,0.7552
walking_front.mp4.mp4,103.203,3093,8,559,8,0,0,19.516,0.7533
walking_front.mp4.mp4,103.236,3094,8,559,8,0,0,19.516,0.7536
walking_front.mp4.mp4,103.270,3095,7,559,7,0,0,17.0765,0.8014
walking_front.mp4.mp4,103.303,3096,7,559,7,0,0,17.0765,0.7935
walking_front.mp4.mp4,103.337,3097,7,559,7,0,0,17.0765,0.7696
walking_front.mp4.mp4,103.370,3098,7,559,7,0,0,17.0765,0.7487
walking_front.mp4.mp4,103.403,3099,7,559,7,0,0,17.0765,0.7597
walking_front.mp4.mp4,103.437,3100,7,559,7,0,0,17.0765,0.7729
walking_front.mp4.mp4,103.470,3101,7,559,7,0,0,17.0765,0.7799
walking_front.mp4.mp4,103.503,3102,7,559,7,0,0,17.0765,0.7906
walking_front.mp4.mp4,103.537,3103,7,559,7,0,0,17.0765,0.7905
walking_front.mp4.mp4,103.570,3104,7,559,7,0,0,17.0765,0.7918
walking_front.mp4.mp4,103.603,3105,7,559,7,0,0,17.0765,0.7896
walking_front.mp4.mp4,103.637,3106,7,559,7,0,0,17.0765,0.7923
walking_front.mp4.mp4,103.670,3107,7,559,7,0,0,17.0765,0.7808
walking_front.mp4.mp4,103.704,3108,7,559,7,0,0,17.0765,0.7756
walking_front.mp4.mp4,103.737,3109,7,559,7,0,0,17.0765,0.7734
walking_front.mp4.mp4,103.770,3110,7,559,7,0,0,17.0765,0.7703
walking_front.mp4.mp4,103.804,3111,7,559,7,0,0,17.0765,0.7477
walking_front.mp4.mp4,103.837,3112,7,559,7,0,0,17.0765,0.7584
walking_front.mp4.mp4,103.870,3113,7,559,7,0,0,17.0765,0.7566
walking_front.mp4.mp4,103.904,3114,6,559,6,0,0,14.637,0.8187
walking_front.mp4.mp4,103.937,3115,6,559,6,0,0,14.637,0.8098
walking_front.mp4.mp4,103.971,3116,6,559,6,0,0,14.637,0.7958
walking_front.mp4.mp4,104.004,3117,6,559,6,0,0,14.637,0.7778
walking_front.mp4.mp4,104.037,3118,7,559,7,0,0,17.0765,0.7152
walking_front.mp4.mp4,104.071,3119,6,559,6,0,0,14.637,0.7771
walking_front.mp4.mp4,104.104,3120,6,559,6,0,0,14.637,0.7722
walking_front.mp4.mp4,104.137,3121,6,559,6,0,0,14.637,0.7986
walking_front.mp4.mp4,104.171,3122,6,559,6,0,0,14.637,0.7743
walking_front.mp4.mp4,104.204,3123,6,559,6,0,0,14.637,0.7935
walking_front.mp4.mp4,104.237,3124,6,559,6,0,0,14.637,0.784
walking_front.mp4.mp4,104.271,3125,6,559,6,0,0,14.637,0.7869
walking_front.mp4.mp4,104.304,3126,6,559,6,0,0,14.637,0.7837
walking_front.mp4.mp4,104.338,3127,7,560,7,0,0,17.0765,0.7273
walking_front.mp4.mp4,104.371,3128,7,560,7,0,0,17.0765,0.7476
walking_front.mp4.mp4,104.404,3129,7,560,7,0,0,17.0765,0.7503
walking_front.mp4.mp4,104.438,3130,7,560,7,0,0,17.0765,0.7392
walking_front.mp4.mp4,104.471,3131,6,560,6,0,0,14.637,0.8066
walking_front.mp4.mp4,104.504,3132,6,560,6,0,0,14.637,0.8124
walking_front.mp4.mp4,104.538,3133,8,561,8,0,0,19.516,0.7199
walking_front.mp4.mp4,104.571,3134,8,561,8,0,0,19.516,0.7224
walking_front.mp4.mp4,104.605,3135,8,561,8,0,0,19.516,0.734
walking_front.mp4.mp4,104.638,3136,8,561,8,0,0,19.516,0.7261
walking_front.mp4.mp4,104.671,3137,7,561,7,0,0,17.0765,0.7775
walking_front.mp4.mp4,104.705,3138,8,561,8,0,0,19.516,0.7311
walking_front.mp4.mp4,104.738,3139,7,561,7,0,0,17.0765,0.7878
walking_front.mp4.mp4,104.771,3140,7,561,7,0,0,17.0765,0.7835
walking_front.mp4.mp4,104.805,3141,7,561,7,0,0,17.0765,0.7895
walking_front.mp4.mp4,104.838,3142,7,561,7,0,0,17.0765,0.7832
walking_front.mp4.mp4,104.871,3143,7,561,7,0,0,17.0765,0.7837
walking_front.mp4.mp4,104.905,3144,7,561,7,0,0,17.0765,0.7845
walking_front.mp4.mp4,104.938,3145,8,561,8,0,0,19.516,0.7223
walking_front.mp4.mp4,104.972,3146,8,561,8,0,0,19.516,0.7366
walking_front.mp4.mp4,105.005,3147,8,561,8,0,0,19.516,0.7592
walking_front.mp4.mp4,105.038,3148,8,561,8,0,0,19.516,0.7553
walking_front.mp4.mp4,105.072,3149,8,561,8,0,0,19.516,0.7666
walking_front.mp4.mp4,105.105,3150,8,561,8,0,0,19.516,0.7886
walking_front.mp4.mp4,105.138,3151,8,561,8,0,0,19.516,0.7922
walking_front.mp4.mp4,105.172,3152,8,561,8,0,0,19.516,0.7933
walking_front.mp4.mp4,105.205,3153,8,561,8,0,0,19.516,0.788
walking_front.mp4.mp4,105.238,3154,8,561,8,0,0,19.516,0.7757
walking_front.mp4.mp4,105.272,3155,8,561,8,0,0,19.516,0.7526
walking_front.mp4.mp4,105.305,3156,8,562,8,0,0,19.516,0.7489
walking_front.mp4.mp4,105.339,3157,8,562,8,0,0,19.516,0.7476
walking_front.mp4.mp4,105.372,3158,8,562,8,0,0,19.516,0.7376
walking_front.mp4.mp4,105.405,3159,8,562,8,0,0,19.516,0.7419
walking_front.mp4.mp4,105.439,3160,8,562,8,0,0,19.516,0.744
walking_front.mp4.mp4,105.472,3161,8,562,8,0,0,19.516,0.7452
walking_front.mp4.mp4,105.505,3162,8,562,8,0,0,19.516,0.7417
walking_front.mp4.mp4,105.539,3163,8,562,8,0,0,19.516,0.7199
walking_front.mp4.mp4,105.572,3164,8,562,8,0,0,19.516,0.7154
walking_front.mp4.mp4,105.606,3165,7,562,7,0,0,17.0765,0.7641
walking_front.mp4.mp4,105.639,3166,7,562,7,0,0,17.0765,0.7654
walking_front.mp4.mp4,105.672,3167,7,562,7,0,0,17.0765,0.7663
walking_front.mp4.mp4,105.706,3168,7,562,7,0,0,17.0765,0.7661
walking_front.mp4.mp4,105.739,3169,7,562,7,0,0,17.0765,0.7729
walking_front.mp4.mp4,105.772,3170,7,562,7,0,0,17.0765,0.7586
walking_front.mp4.mp4,105.806,3171,7,562,7,0,0,17.0765,0.7632
walking_front.mp4.mp4,105.839,3172,7,562,7,0,0,17.0765,0.7672
walking_front.mp4.mp4,105.872,3173,7,562,7,0,0,17.0765,0.7592
walking_front.mp4.mp4,105.906,3174,7,562,7,0,0,17.0765,0.741
walking_front.mp4.mp4,105.939,3175,7,562,7,0,0,17.0765,0.7365
walking_front.mp4.mp4,105.973,3176,7,562,7,0,0,17.0765,0.7297
walking_front.mp4.mp4,106.006,3177,7,562,7,0,0,17.0765,0.7349
walking_front.mp4.mp4,106.039,3178,7,562,7,0,0,17.0765,0.7384
walking_front.mp4.mp4,106.073,3179,8,563,8,0,0,19.516,0.708
walking_front.mp4.mp4,106.106,3180,8,563,8,0,0,19.516,0.6938
walking_front.mp4.mp4,106.139,3181,8,563,8,0,0,19.516,0.6976
walking_front.mp4.mp4,106.173,3182,8,563,8,0,0,19.516,0.6972
walking_front.mp4.mp4,106.206,3183,8,563,8,0,0,19.516,0.6894
walking_front.mp4.mp4,106.239,3184,8,563,8,0,0,19.516,0.6883
walking_front.mp4.mp4,106.273,3185,8,563,8,0,0,19.516,0.6876
walking_front.mp4.mp4,106.306,3186,8,563,8,0,0,19.516,0.7148
walking_front.mp4.mp4,106.340,3187,8,563,8,0,0,19.516,0.7076
walking_front.mp4.mp4,106.373,3188,9,564,9,0,0,21.9555,0.6587
walking_front.mp4.mp4,106.406,3189,9,564,9,0,0,21.9555,0.6553
walking_front.mp4.mp4,106.440,3190,8,564,8,0,0,19.516,0.6911
walking_front.mp4.mp4,106.473,3191,7,564,7,0,0,17.0765,0.7289
walking_front.mp4.mp4,106.506,3192,7,564,7,0,0,17.0765,0.7517
walking_front.mp4.mp4,106.540,3193,8,565,8,0,0,19.516,0.7358
walking_front.mp4.mp4,106.573,3194,8,565,8,0,0,19.516,0.7519
walking_front.mp4.mp4,106.606,3195,8,565,8,0,0,19.516,0.743
walking_front.mp4.mp4,106.640,3196,8,565,8,0,0,19.516,0.7465
walking_front.mp4.mp4,106.673,3197,8,565,8,0,0,19.516,0.7522
walking_front.mp4.mp4,106.707,3198,8,565,8,0,0,19.516,0.7544
walking_front.mp4.mp4,106.740,3199,8,565,8,0,0,19.516,0.7648
walking_front.mp4.mp4,106.773,3200,8,565,8,0,0,19.516,0.7677
walking_front.mp4.mp4,106.807,3201,8,565,8,0,0,19.516,0.7562
walking_front.mp4.mp4,106.840,3202,8,565,8,0,0,19.516,0.7507
walking_front.mp4.mp4,106.873,3203,8,565,8,0,0,19.516,0.7576
walking_front.mp4.mp4,106.907,3204,8,565,8,0,0,19.516,0.7572
walking_front.mp4.mp4,106.940,3205,8,565,8,0,0,19.516,0.7552
walking_front.mp4.mp4,106.974,3206,8,565,8,0,0,19.516,0.7453
walking_front.mp4.mp4,107.007,3207,8,565,8,0,0,19.516,0.7472
walking_front.mp4.mp4,107.040,3208,8,565,8,0,0,19.516,0.743
walking_front.mp4.mp4,107.074,3209,8,565,8,0,0,19.516,0.756
walking_front.mp4.mp4,107.107,3210,8,565,8,0,0,19.516,0.7537
walking_front.mp4.mp4,107.140,3211,8,565,8,0,0,19.516,0.7478
walking_front.mp4.mp4,107.174,3212,8,565,8,0,0,19.516,0.7526
walking_front.mp4.mp4,107.207,3213,8,565,8,0,0,19.516,0.7441
walking_front.mp4.mp4,107.240,3214,8,565,8,0,0,19.516,0.7454
walking_front.mp4.mp4,107.274,3215,8,565,8,0,0,19.516,0.743
walking_front.mp4.mp4,107.307,3216,8,565,8,0,0,19.516,0.7386
walking_front.mp4.mp4,107.341,3217,8,565,8,0,0,19.516,0.7337
walking_front.mp4.mp4,107.374,3218,8,565,8,0,0,19.516,0.7134
walking_front.mp4.mp4,107.407,3219,9,566,9,0,0,21.9555,0.6758
walking_front.mp4.mp4,107.441,3220,8,566,8,0,0,19.516,0.6975
walking_front.mp4.mp4,107.474,3221,7,566,7,0,0,17.0765,0.7481
walking_front.mp4.mp4,107.507,3222,7,566,7,0,0,17.0765,0.7526
walking_front.mp4.mp4,107.541,3223,7,566,7,0,0,17.0765,0.7502
walking_front.mp4.mp4,107.574,3224,7,566,7,0,0,17.0765,0.7447
walking_front.mp4.mp4,107.608,3225,7,566,7,0,0,17.0765,0.7475
walking_front.mp4.mp4,107.641,3226,7,566,7,0,0,17.0765,0.7541
walking_front.mp4.mp4,107.674,3227,7,566,7,0,0,17.0765,0.7273
walking_front.mp4.mp4,107.708,3228,7,566,7,0,0,17.0765,0.7201
walking_front.mp4.mp4,107.741,3229,7,566,7,0,0,17.0765,0.7085
walking_front.mp4.mp4,107.774,3230,6,566,6,0,0,14.637,0.7523
walking_front.mp4.mp4,107.808,3231,6,566,6,0,0,14.637,0.7537
walking_front.mp4.mp4,107.841,3232,6,566,6,0,0,14.637,0.7607
walking_front.mp4.mp4,107.874,3233,6,566,6,0,0,14.637,0.7535
walking_front.mp4.mp4,107.908,3234,6,566,6,0,0,14.637,0.7688
walking_front.mp4.mp4,107.941,3235,7,567,7,0,0,17.0765,0.7139
walking_front.mp4.mp4,107.975,3236,7,567,7,0,0,17.0765,0.7275
walking_front.mp4.mp4,108.008,3237,7,567,7,0,0,17.0765,0.7211
walking_front.mp4.mp4,108.041,3238,7,567,7,0,0,17.0765,0.7141
walking_front.mp4.mp4,108.075,3239,7,567,7,0,0,17.0765,0.694
walking_front.mp4.mp4,108.108,3240,7,567,7,0,0,17.0765,0.6799
walking_front.mp4.mp4,108.141,3241,7,567,7,0,0,17.0765,0.6853
walking_front.mp4.mp4,108.175,3242,7,567,7,0,0,17.0765,0.6714
walking_front.mp4.mp4,108.208,3243,7,567,7,0,0,17.0765,0.6631
walking_front.mp4.mp4,108.241,3244,7,567,7,0,0,17.0765,0.652
walking_front.mp4.mp4,108.275,3245,7,567,7,0,0,17.0765,0.6825
walking_front.mp4.mp4,108.308,3246,6,567,6,0,0,14.637,0.7102
walking_front.mp4.mp4,108.342,3247,7,567,7,0,0,17.0765,0.693
walking_front.mp4.mp4,108.375,3248,7,567,7,0,0,17.0765,0.6864
walking_front.mp4.mp4,108.408,3249,7,567,7,0,0,17.0765,0.6954
walking_front.mp4.mp4,108.442,3250,8,568,8,0,0,19.516,0.6692
walking_front.mp4.mp4,108.475,3251,8,568,8,0,0,19.516,0.643
walking_front.mp4.mp4,108.508,3252,6,568,6,0,0,14.637,0.7309
walking_front.mp4.mp4,108.542,3253,7,568,7,0,0,17.0765,0.688
walking_front.mp4.mp4,108.575,3254,7,568,7,0,0,17.0765,0.6825
walking_front.mp4.mp4,108.609,3255,7,568,7,0,0,17.0765,0.6567
walking_front.mp4.mp4,108.642,3256,8,569,8,0,0,19.516,0.6313
walking_front.mp4.mp4,108.675,3257,8,569,8,0,0,19.516,0.6385
walking_front.mp4.mp4,108.709,3258,8,569,8,0,0,19.516,0.6645
walking_front.mp4.mp4,108.742,3259,8,569,8,0,0,19.516,0.643
walking_front.mp4.mp4,108.775,3260,7,569,7,0,0,17.0765,0.6693
walking_front.mp4.mp4,108.809,3261,7,569,7,0,0,17.0765,0.6679
walking_front.mp4.mp4,108.842,3262,7,569,7,0,0,17.0765,0.6829
walking_front.mp4.mp4,108.875,3263,7,569,7,0,0,17.0765,0.6739
walking_front.mp4.mp4,108.909,3264,7,569,7,0,0,17.0765,0.6829
walking_front.mp4.mp4,108.942,3265,6,569,6,0,0,14.637,0.7223
walking_front.mp4.mp4,108.976,3266,7,569,7,0,0,17.0765,0.6781
walking_front.mp4.mp4,109.009,3267,7,569,7,0,0,17.0765,0.6879
walking_front.mp4.mp4,109.042,3268,6,569,6,0,0,14.637,0.7514
walking_front.mp4.mp4,109.076,3269,7,569,7,0,0,17.0765,0.6962
walking_front.mp4.mp4,109.109,3270,7,569,7,0,0,17.0765,0.7095
walking_front.mp4.mp4,109.142,3271,8,569,8,0,0,19.516,0.6779
walking_front.mp4.mp4,109.176,3272,8,569,8,0,0,19.516,0.6795
walking_front.mp4.mp4,109.209,3273,8,569,8,0,0,19.516,0.6897
walking_front.mp4.mp4,109.242,3274,7,569,7,0,0,17.0765,0.7403
walking_front.mp4.mp4,109.276,3275,7,569,7,0,0,17.0765,0.7336
walking_front.mp4.mp4,109.309,3276,7,569,7,0,0,17.0765,0.7422
walking_front.mp4.mp4,109.343,3277,7,569,7,0,0,17.0765,0.7371
walking_front.mp4.mp4,109.376,3278,7,569,7,0,0,17.0765,0.7358
walking_front.mp4.mp4,109.409,3279,7,569,7,0,0,17.0765,0.7447
walking_front.mp4.mp4,109.443,3280,7,569,7,0,0,17.0765,0.7455
walking_front.mp4.mp4,109.476,3281,7,569,7,0,0,17.0765,0.7629
walking_front.mp4.mp4,109.509,3282,9,571,9,0,0,21.9555,0.7031
walking_front.mp4.mp4,109.543,3283,9,571,9,0,0,21.9555,0.6929
walking_front.mp4.mp4,109.576,3284,8,571,8,0,0,19.516,0.7424
walking_front.mp4.mp4,109.609,3285,8,571,8,0,0,19.516,0.7525
walking_front.mp4.mp4,109.643,3286,8,571,8,0,0,19.516,0.7574
walking_front.mp4.mp4,109.676,3287,8,571,8,0,0,19.516,0.7665
walking_front.mp4.mp4,109.710,3288,8,571,8,0,0,19.516,0.7663
walking_front.mp4.mp4,109.743,3289,8,571,8,0,0,19.516,0.7685
walking_front.mp4.mp4,109.776,3290,8,571,8,0,0,19.516,0.7737
walking_front.mp4.mp4,109.810,3291,9,572,9,0,0,21.9555,0.734
walking_front.mp4.mp4,109.843,3292,8,572,8,0,0,19.516,0.7725
walking_front.mp4.mp4,109.876,3293,8,572,8,0,0,19.516,0.7695
walking_front.mp4.mp4,109.910,3294,8,572,8,0,0,19.516,0.7818
walking_front.mp4.mp4,109.943,3295,9,572,9,0,0,21.9555,0.7482
walking_front.mp4.mp4,109.977,3296,10,573,10,0,0,24.395,0.726
walking_front.mp4.mp4,110.010,3297,10,573,10,0,0,24.395,0.7222
walking_front.mp4.mp4,110.043,3298,9,573,9,0,0,21.9555,0.7412
walking_front.mp4.mp4,110.077,3299,9,573,9,0,0,21.9555,0.7421
walking_front.mp4.mp4,110.110,3300,9,573,9,0,0,21.9555,0.7395
walking_front.mp4.mp4,110.143,3301,8,573,8,0,0,19.516,0.7828
walking_front.mp4.mp4,110.177,3302,9,573,9,0,0,21.9555,0.7366
walking_front.mp4.mp4,110.210,3303,10,574,10,0,0,24.395,0.6989
walking_front.mp4.mp4,110.243,3304,11,574,11,0,0,26.8345,0.6676
walking_front.mp4.mp4,110.277,3305,10,574,10,0,0,24.395,0.6992
walking_front.mp4.mp4,110.310,3306,10,574,10,0,0,24.395,0.6951
walking_front.mp4.mp4,110.344,3307,10,574,10,0,0,24.395,0.6984
walking_front.mp4.mp4,110.377,3308,10,574,10,0,0,24.395,0.6977
walking_front.mp4.mp4,110.410,3309,10,574,10,0,0,24.395,0.697
walking_front.mp4.mp4,110.444,3310,11,574,11,0,0,26.8345,0.6703
walking_front.mp4.mp4,110.477,3311,10,574,10,0,0,24.395,0.7016
walking_front.mp4.mp4,110.510,3312,11,574,11,0,0,26.8345,0.6794
walking_front.mp4.mp4,110.544,3313,10,574,10,0,0,24.395,0.6946
walking_front.mp4.mp4,110.577,3314,11,574,11,0,0,26.8345,0.6755
walking_front.mp4.mp4,110.611,3315,11,574,11,0,0,26.8345,0.6852
walking_front.mp4.mp4,110.644,3316,10,574,10,0,0,24.395,0.7197
walking_front.mp4.mp4,110.677,3317,10,574,10,0,0,24.395,0.7364
walking_front.mp4.mp4,110.711,3318,10,574,10,0,0,24.395,0.7184
walking_front.mp4.mp4,110.744,3319,10,574,10,0,0,24.395,0.6653
walking_front.mp4.mp4,110.777,3320,10,575,10,0,0,24.395,0.644
walking_front.mp4.mp4,110.811,3321,9,575,9,0,0,21.9555,0.6754
walking_front.mp4.mp4,110.844,3322,10,575,10,0,0,24.395,0.6415
walking_front.mp4.mp4,110.877,3323,11,576,11,0,0,26.8345,0.6305
walking_front.mp4.mp4,110.911,3324,12,576,12,0,0,29.274,0.612
walking_front.mp4.mp4,110.944,3325,10,576,10,0,0,24.395,0.6602
walking_front.mp4.mp4,110.978,3326,10,576,10,0,0,24.395,0.6763
walking_front.mp4.mp4,111.011,3327,10,576,10,0,0,24.395,0.685
walking_front.mp4.mp4,111.044,3328,11,576,11,0,0,26.8345,0.6651
walking_front.mp4.mp4,111.078,3329,11,576,11,0,0,26.8345,0.6761
walking_front.mp4.mp4,111.111,3330,9,576,9,0,0,21.9555,0.755
walking_front.mp4.mp4,111.144,3331,9,576,9,0,0,21.9555,0.7614
walking_front.mp4.mp4,111.178,3332,9,576,9,0,0,21.9555,0.753
walking_front.mp4.mp4,111.211,3333,9,576,9,0,0,21.9555,0.7566
walking_front.mp4.mp4,111.244,3334,9,576,9,0,0,21.9555,0.7554
walking_front.mp4.mp4,111.278,3335,10,576,10,0,0,24.395,0.7176
walking_front.mp4.mp4,111.311,3336,10,576,10,0,0,24.395,0.7074
walking_front.mp4.mp4,111.345,3337,10,576,10,0,0,24.395,0.7082
walking_front.mp4.mp4,111.378,3338,10,576,10,0,0,24.395,0.6969
walking_front.mp4.mp4,111.411,3339,10,576,10,0,0,24.395,0.7031
walking_front.mp4.mp4,111.445,3340,10,576,10,0,0,24.395,0.7144
walking_front.mp4.mp4,111.478,3341,10,576,10,0,0,24.395,0.7199
walking_front.mp4.mp4,111.511,3342,10,576,10,0,0,24.395,0.7082
walking_front.mp4.mp4,111.545,3343,10,576,10,0,0,24.395,0.7004
walking_front.mp4.mp4,111.578,3344,9,576,9,0,0,21.9555,0.7326
walking_front.mp4.mp4,111.612,3345,9,576,9,0,0,21.9555,0.7319
walking_front.mp4.mp4,111.645,3346,9,576,9,0,0,21.9555,0.7322
walking_front.mp4.mp4,111.678,3347,9,576,9,0,0,21.9555,0.7071
walking_front.mp4.mp4,111.712,3348,9,576,9,0,0,21.9555,0.6959
walking_front.mp4.mp4,111.745,3349,8,576,8,0,0,19.516,0.731
walking_front.mp4.mp4,111.778,3350,8,576,8,0,0,19.516,0.7314
walking_front.mp4.mp4,111.812,3351,8,576,8,0,0,19.516,0.7569
walking_front.mp4.mp4,111.845,3352,7,576,7,0,0,17.0765,0.7658
walking_front.mp4.mp4,111.878,3353,7,576,7,0,0,17.0765,0.7626
walking_front.mp4.mp4,111.912,3354,8,576,8,0,0,19.516,0.7371
walking_front.mp4.mp4,111.945,3355,9,576,9,0,0,21.9555,0.7187
walking_front.mp4.mp4,111.979,3356,9,576,9,0,0,21.9555,0.7237
walking_front.mp4.mp4,112.012,3357,9,576,9,0,0,21.9555,0.7164
walking_front.mp4.mp4,112.045,3358,10,577,10,0,0,24.395,0.7097
walking_front.mp4.mp4,112.079,3359,9,577,9,0,0,21.9555,0.7605
walking_front.mp4.mp4,112.112,3360,10,577,10,0,0,24.395,0.7249
walking_front.mp4.mp4,112.145,3361,10,578,10,0,0,24.395,0.7331
walking_front.mp4.mp4,112.179,3362,10,578,10,0,0,24.395,0.7284
walking_front.mp4.mp4,112.212,3363,10,578,10,0,0,24.395,0.7139
walking_front.mp4.mp4,112.245,3364,10,578,10,0,0,24.395,0.7132
walking_front.mp4.mp4,112.279,3365,10,578,10,0,0,24.395,0.7178
walking_front.mp4.mp4,112.312,3366,11,578,11,0,0,26.8345,0.7
walking_front.mp4.mp4,112.346,3367,11,578,11,0,0,26.8345,0.6978
walking_front.mp4.mp4,112.379,3368,11,579,11,0,0,26.8345,0.692
walking_front.mp4.mp4,112.412,3369,12,579,12,0,0,29.274,0.6694
walking_front.mp4.mp4,112.446,3370,11,579,11,0,0,26.8345,0.7151
walking_front.mp4.mp4,112.479,3371,11,579,11,0,0,26.8345,0.7081
walking_front.mp4.mp4,112.512,3372,11,579,11,0,0,26.8345,0.7133
walking_front.mp4.mp4,112.546,3373,11,579,11,0,0,26.8345,0.7112
walking_front.mp4.mp4,112.579,3374,11,579,11,0,0,26.8345,0.7117
walking_front.mp4.mp4,112.612,3375,10,579,10,0,0,24.395,0.7298
walking_front.mp4.mp4,112.646,3376,9,579,9,0,0,21.9555,0.7621
walking_front.mp4.mp4,112.679,3377,9,579,9,0,0,21.9555,0.7555
walking_front.mp4.mp4,112.713,3378,9,579,9,0,0,21.9555,0.7574
walking_front.mp4.mp4,112.746,3379,9,579,9,0,0,21.9555,0.7463
walking_front.mp4.mp4,112.779,3380,9,579,9,0,0,21.9555,0.7398
walking_front.mp4.mp4,112.813,3381,9,579,9,0,0,21.9555,0.742
walking_front.mp4.mp4,112.846,3382,10,580,10,0,0,24.395,0.6923
walking_front.mp4.mp4,112.879,3383,10,580,10,0,0,24.395,0.7196
walking_front.mp4.mp4,112.913,3384,10,580,10,0,0,24.395,0.72
walking_front.mp4.mp4,112.946,3385,10,580,10,0,0,24.395,0.7083
walking_front.mp4.mp4,112.980,3386,10,580,10,0,0,24.395,0.6926
walking_front.mp4.mp4,113.013,3387,9,580,9,0,0,21.9555,0.745
walking_front.mp4.mp4,113.046,3388,10,580,10,0,0,24.395,0.7118
walking_front.mp4.mp4,113.080,3389,10,580,10,0,0,24.395,0.6913
walking_front.mp4.mp4,113.113,3390,10,580,10,0,0,24.395,0.7027
walking_front.mp4.mp4,113.146,3391,11,580,11,0,0,26.8345,0.6769
walking_front.mp4.mp4,113.180,3392,11,580,11,0,0,26.8345,0.6671
walking_front.mp4.mp4,113.213,3393,11,580,11,0,0,26.8345,0.667
walking_front.mp4.mp4,113.246,3394,11,580,11,0,0,26.8345,0.6712
walking_front.mp4.mp4,113.280,3395,11,580,11,0,0,26.8345,0.664
walking_front.mp4.mp4,113.313,3396,10,580,10,0,0,24.395,0.6849
walking_front.mp4.mp4,113.347,3397,9,580,9,0,0,21.9555,0.7179
walking_front.mp4.mp4,113.380,3398,9,580,9,0,0,21.9555,0.7201
walking_front.mp4.mp4,113.413,3399,10,580,10,0,0,24.395,0.6888
walking_front.mp4.mp4,113.447,3400,10,580,10,0,0,24.395,0.7064
walking_front.mp4.mp4,113.480,3401,9,580,9,0,0,21.9555,0.7382
walking_front.mp4.mp4,113.513,3402,9,580,9,0,0,21.9555,0.7399
walking_front.mp4.mp4,113.547,3403,9,580,9,0,0,21.9555,0.7424
walking_front.mp4.mp4,113.580,3404,10,580,10,0,0,24.395,0.708
walking_front.mp4.mp4,113.614,3405,9,580,9,0,0,21.9555,0.7473
walking_front.mp4.mp4,113.647,3406,10,580,10,0,0,24.395,0.7125
walking_front.mp4.mp4,113.680,3407,9,580,9,0,0,21.9555,0.7313
walking_front.mp4.mp4,113.714,3408,9,580,9,0,0,21.9555,0.7165
walking_front.mp4.mp4,113.747,3409,9,580,9,0,0,21.9555,0.7168
walking_front.mp4.mp4,113.780,3410,9,580,9,0,0,21.9555,0.7216
walking_front.mp4.mp4,113.814,3411,10,580,10,0,0,24.395,0.7044
walking_front.mp4.mp4,113.847,3412,9,580,9,0,0,21.9555,0.7218
walking_front.mp4.mp4,113.880,3413,9,580,9,0,0,21.9555,0.7096
walking_front.mp4.mp4,113.914,3414,9,580,9,0,0,21.9555,0.7125
walking_front.mp4.mp4,113.947,3415,10,580,10,0,0,24.395,0.6779
walking_front.mp4.mp4,113.981,3416,9,580,9,0,0,21.9555,0.7015
walking_front.mp4.mp4,114.014,3417,7,580,7,0,0,17.0765,0.7713
walking_front.mp4.mp4,114.047,3418,8,580,8,0,0,19.516,0.7242
walking_front.mp4.mp4,114.081,3419,8,580,8,0,0,19.516,0.7129
walking_front.mp4.mp4,114.114,3420,8,580,8,0,0,19.516,0.7159
walking_front.mp4.mp4,114.147,3421,8,580,8,0,0,19.516,0.7091
walking_front.mp4.mp4,114.181,3422,9,580,9,0,0,21.9555,0.6645
walking_front.mp4.mp4,114.214,3423,9,580,9,0,0,21.9555,0.665
walking_front.mp4.mp4,114.247,3424,11,582,11,0,0,26.8345,0.628
walking_front.mp4.mp4,114.281,3425,10,582,10,0,0,24.395,0.6405
walking_front.mp4.mp4,114.314,3426,11,583,11,0,0,26.8345,0.6393
walking_front.mp4.mp4,114.348,3427,11,583,11,0,0,26.8345,0.6332
walking_front.mp4.mp4,114.381,3428,11,583,11,0,0,26.8345,0.617
walking_front.mp4.mp4,114.414,3429,11,583,11,0,0,26.8345,0.62
walking_front.mp4.mp4,114.448,3430,11,584,11,0,0,26.8345,0.6279
walking_front.mp4.mp4,114.481,3431,12,584,12,0,0,29.274,0.625
walking_front.mp4.mp4,114.514,3432,13,585,13,0,0,31.7135,0.616
walking_front.mp4.mp4,114.548,3433,12,585,12,0,0,29.274,0.6312
walking_front.mp4.mp4,114.581,3434,12,585,12,0,0,29.274,0.6335
walking_front.mp4.mp4,114.615,3435,12,585,12,0,0,29.274,0.6362
walking_front.mp4.mp4,114.648,3436,11,585,11,0,0,26.8345,0.6575
walking_front.mp4.mp4,114.681,3437,11,585,11,0,0,26.8345,0.6433
walking_front.mp4.mp4,114.715,3438,11,585,11,0,0,26.8345,0.6461
walking_front.mp4.mp4,114.748,3439,11,585,11,0,0,26.8345,0.6379
walking_front.mp4.mp4,114.781,3440,11,586,11,0,0,26.8345,0.6468
walking_front.mp4.mp4,114.815,3441,11,586,11,0,0,26.8345,0.6417
walking_front.mp4.mp4,114.848,3442,11,586,11,0,0,26.8345,0.6561
walking_front.mp4.mp4,114.881,3443,11,586,11,0,0,26.8345,0.6482
walking_front.mp4.mp4,114.915,3444,11,586,11,0,0,26.8345,0.6443
walking_front.mp4.mp4,114.948,3445,11,586,11,0,0,26.8345,0.6556
walking_front.mp4.mp4,114.982,3446,11,586,11,0,0,26.8345,0.6503
walking_front.mp4.mp4,115.015,3447,10,586,10,0,0,24.395,0.6717
walking_front.mp4.mp4,115.048,3448,9,586,9,0,0,21.9555,0.6799
walking_front.mp4.mp4,115.082,3449,9,586,9,0,0,21.9555,0.6552
walking_front.mp4.mp4,115.115,3450,9,586,9,0,0,21.9555,0.6938
walking_front.mp4.mp4,115.148,3451,10,587,10,0,0,24.395,0.6771
walking_front.mp4.mp4,115.182,3452,9,587,9,0,0,21.9555,0.7084
walking_front.mp4.mp4,115.215,3453,9,587,9,0,0,21.9555,0.7178
walking_front.mp4.mp4,115.248,3454,9,587,9,0,0,21.9555,0.7118
walking_front.mp4.mp4,115.282,3455,9,587,9,0,0,21.9555,0.6966
walking_front.mp4.mp4,115.315,3456,8,587,8,0,0,19.516,0.7151
walking_front.mp4.mp4,115.349,3457,9,587,9,0,0,21.9555,0.6783
walking_front.mp4.mp4,115.382,3458,8,587,8,0,0,19.516,0.7215
walking_front.mp4.mp4,115.415,3459,8,587,8,0,0,19.516,0.7079
walking_front.mp4.mp4,115.449,3460,8,587,8,0,0,19.516,0.7044
walking_front.mp4.mp4,115.482,3461,8,587,8,0,0,19.516,0.7152
walking_front.mp4.mp4,115.515,3462,8,587,8,0,0,19.516,0.7174
walking_front.mp4.mp4,115.549,3463,8,587,8,0,0,19.516,0.7092
walking_front.mp4.mp4,115.582,3464,8,587,8,0,0,19.516,0.7089
walking_front.mp4.mp4,115.615,3465,9,588,9,0,0,21.9555,0.6672
walking_front.mp4.mp4,115.649,3466,8,588,8,0,0,19.516,0.7053
walking_front.mp4.mp4,115.682,3467,8,588,8,0,0,19.516,0.7098
walking_front.mp4.mp4,115.716,3468,9,588,9,0,0,21.9555,0.6836
walking_front.mp4.mp4,115.749,3469,9,588,9,0,0,21.9555,0.6973
walking_front.mp4.mp4,115.782,3470,9,588,9,0,0,21.9555,0.6988
walking_front.mp4.mp4,115.816,3471,8,588,8,0,0,19.516,0.7346
walking_front.mp4.mp4,115.849,3472,8,588,8,0,0,19.516,0.7214
walking_front.mp4.mp4,115.882,3473,7,588,7,0,0,17.0765,0.7561
walking_front.mp4.mp4,115.916,3474,9,588,9,0,0,21.9555,0.6759
walking_front.mp4.mp4,115.949,3475,9,588,9,0,0,21.9555,0.6696
walking_front.mp4.mp4,115.983,3476,10,589,10,0,0,24.395,0.655
walking_front.mp4.mp4,116.016,3477,10,589,10,0,0,24.395,0.6536
walking_front.mp4.mp4,116.049,3478,10,589,10,0,0,24.395,0.6855
walking_front.mp4.mp4,116.083,3479,10,589,10,0,0,24.395,0.6652
walking_front.mp4.mp4,116.116,3480,11,590,11,0,0,26.8345,0.6514
walking_front.mp4.mp4,116.149,3481,9,590,9,0,0,21.9555,0.7177
walking_front.mp4.mp4,116.183,3482,9,590,9,0,0,21.9555,0.7189
walking_front.mp4.mp4,116.216,3483,10,590,10,0,0,24.395,0.6765
walking_front.mp4.mp4,116.249,3484,10,590,10,0,0,24.395,0.6812
walking_front.mp4.mp4,116.283,3485,10,590,10,0,0,24.395,0.688
walking_front.mp4.mp4,116.316,3486,10,590,10,0,0,24.395,0.6965
walking_front.mp4.mp4,116.350,3487,10,590,10,0,0,24.395,0.6992
walking_front.mp4.mp4,116.383,3488,9,590,9,0,0,21.9555,0.7077
walking_front.mp4.mp4,116.416,3489,12,592,12,0,0,29.274,0.6282
walking_front.mp4.mp4,116.450,3490,10,592,10,0,0,24.395,0.6761
walking_front.mp4.mp4,116.483,3491,11,592,11,0,0,26.8345,0.6782
walking_front.mp4.mp4,116.516,3492,11,592,11,0,0,26.8345,0.691
walking_front.mp4.mp4,116.550,3493,11,592,11,0,0,26.8345,0.6944
walking_top.mp4.mp4,0.040,1,10,10,10,0,0,271.2674,0.6164
walking_top.mp4.mp4,0.080,2,10,10,10,0,0,271.2674,0.6164
walking_top.mp4.mp4,0.120,3,10,10,10,0,0,271.2674,0.6074
walking_top.mp4.mp4,0.160,4,11,11,11,0,0,298.3941,0.6147
walking_top.mp4.mp4,0.200,5,11,11,11,0,0,298.3941,0.6132
walking_top.mp4.mp4,0.240,6,11,11,11,0,0,298.3941,0.6101
walking_top.mp4.mp4,0.280,7,12,12,12,0,0,325.5208,0.5873
walking_top.mp4.mp4,0.320,8,10,12,10,0,0,271.2674,0.6445
walking_top.mp4.mp4,0.360,9,11,12,11,0,0,298.3941,0.6335
walking_top.mp4.mp4,0.400,10,11,12,11,0,0,298.3941,0.6401
walking_top.mp4.mp4,0.440,11,12,13,12,0,0,325.5208,0.6212
walking_top.mp4.mp4,0.480,12,12,13,12,0,0,325.5208,0.6123
walking_top.mp4.mp4,0.520,13,12,13,12,0,0,325.5208,0.6106
walking_top.mp4.mp4,0.560,14,12,13,12,0,0,325.5208,0.6
walking_top.mp4.mp4,0.600,15,11,13,11,0,0,298.3941,0.6147
walking_top.mp4.mp4,0.640,16,12,13,12,0,0,325.5208,0.6131
walking_top.mp4.mp4,0.680,17,13,14,13,0,0,352.6476,0.5979
walking_top.mp4.mp4,0.720,18,13,14,13,0,0,352.6476,0.6047
walking_top.mp4.mp4,0.760,19,12,14,12,0,0,325.5208,0.6145
walking_top.mp4.mp4,0.800,20,13,15,13,0,0,352.6476,0.6089
walking_top.mp4.mp4,0.840,21,13,15,13,0,0,352.6476,0.5937
walking_top.mp4.mp4,0.880,22,13,15,13,0,0,352.6476,0.5817
walking_top.mp4.mp4,0.920,23,13,15,13,0,0,352.6476,0.6017
walking_top.mp4.mp4,0.960,24,11,15,11,0,0,298.3941,0.6248
walking_top.mp4.mp4,1.000,25,11,15,11,0,0,298.3941,0.6182
walking_top.mp4.mp4,1.040,26,11,15,11,0,0,298.3941,0.6288
walking_top.mp4.mp4,1.080,27,12,15,12,0,0,325.5208,0.6192
walking_top.mp4.mp4,1.120,28,13,15,13,0,0,352.6476,0.5792
walking_top.mp4.mp4,1.160,29,13,15,13,0,0,352.6476,0.5725
walking_top.mp4.mp4,1.200,30,13,15,13,0,0,352.6476,0.6019
walking_top.mp4.mp4,1.240,31,13,15,13,0,0,352.6476,0.6081
walking_top.mp4.mp4,1.280,32,14,15,14,0,0,379.7743,0.567
walking_top.mp4.mp4,1.320,33,13,15,13,0,0,352.6476,0.5812
walking_top.mp4.mp4,1.360,34,12,15,12,0,0,325.5208,0.5934
walking_top.mp4.mp4,1.400,35,12,15,12,0,0,325.5208,0.6032
walking_top.mp4.mp4,1.440,36,14,16,14,0,0,379.7743,0.5556
walking_top.mp4.mp4,1.480,37,14,16,14,0,0,379.7743,0.556
walking_top.mp4.mp4,1.520,38,13,16,13,0,0,352.6476,0.568
walking_top.mp4.mp4,1.560,39,13,16,13,0,0,352.6476,0.5714
walking_top.mp4.mp4,1.600,40,13,16,13,0,0,352.6476,0.5717
walking_top.mp4.mp4,1.640,41,11,16,11,0,0,298.3941,0.6054
walking_top.mp4.mp4,1.680,42,11,16,11,0,0,298.3941,0.5955
walking_top.mp4.mp4,1.720,43,11,17,11,0,0,298.3941,0.5612
walking_top.mp4.mp4,1.760,44,11,17,11,0,0,298.3941,0.6044
walking_top.mp4.mp4,1.800,45,11,17,11,0,0,298.3941,0.607
walking_top.mp4.mp4,1.840,46,12,17,12,0,0,325.5208,0.6096
walking_top.mp4.mp4,1.880,47,13,17,13,0,0,352.6476,0.5877
walking_top.mp4.mp4,1.920,48,14,17,14,0,0,379.7743,0.5632
walking_top.mp4.mp4,1.960,49,13,17,13,0,0,352.6476,0.5929
walking_top.mp4.mp4,2.000,50,14,17,14,0,0,379.7743,0.5778
walking_top.mp4.mp4,2.040,51,13,17,13,0,0,352.6476,0.5785
walking_top.mp4.mp4,2.080,52,12,17,12,0,0,325.5208,0.6103
walking_top.mp4.mp4,2.120,53,12,17,12,0,0,325.5208,0.6229
walking_top.mp4.mp4,2.160,54,13,17,13,0,0,352.6476,0.5951
walking_top.mp4.mp4,2.200,55,13,17,13,0,0,352.6476,0.5706
walking_top.mp4.mp4,2.240,56,13,17,13,0,0,352.6476,0.5899
walking_top.mp4.mp4,2.280,57,13,17,13,0,0,352.6476,0.5692
walking_top.mp4.mp4,2.320,58,13,17,13,0,0,352.6476,0.6001
walking_top.mp4.mp4,2.360,59,12,17,12,0,0,325.5208,0.5787
walking_top.mp4.mp4,2.400,60,12,17,12,0,0,325.5208,0.5916
walking_top.mp4.mp4,2.440,61,13,17,13,0,0,352.6476,0.5817
walking_top.mp4.mp4,2.480,62,11,17,11,0,0,298.3941,0.5989
walking_top.mp4.mp4,2.520,63,13,17,13,0,0,352.6476,0.5615
walking_top.mp4.mp4,2.560,64,13,17,13,0,0,352.6476,0.5589
walking_top.mp4.mp4,2.600,65,13,19,13,0,0,352.6476,0.573
walking_top.mp4.mp4,2.640,66,12,19,12,0,0,325.5208,0.5977
walking_top.mp4.mp4,2.680,67,12,19,12,0,0,325.5208,0.5538
walking_top.mp4.mp4,2.720,68,12,19,12,0,0,325.5208,0.548
walking_top.mp4.mp4,2.760,69,12,19,12,0,0,325.5208,0.558
walking_top.mp4.mp4,2.800,70,11,19,11,0,0,298.3941,0.5841
walking_top.mp4.mp4,2.840,71,12,20,12,0,0,325.5208,0.5688
walking_top.mp4.mp4,2.880,72,12,20,12,0,0,325.5208,0.5399
walking_top.mp4.mp4,2.920,73,13,21,13,0,0,352.6476,0.5391
walking_top.mp4.mp4,2.960,74,12,21,12,0,0,325.5208,0.55
walking_top.mp4.mp4,3.000,75,14,21,14,0,0,379.7743,0.5313
walking_top.mp4.mp4,3.040,76,13,22,13,0,0,352.6476,0.5638
walking_top.mp4.mp4,3.080,77,13,23,13,0,0,352.6476,0.5926
walking_top.mp4.mp4,3.120,78,14,23,14,0,0,379.7743,0.5663
walking_top.mp4.mp4,3.160,79,12,23,12,0,0,325.5208,0.5735
walking_top.mp4.mp4,3.200,80,12,24,12,0,0,325.5208,0.5724
walking_top.mp4.mp4,3.240,81,10,24,10,0,0,271.2674,0.615
walking_top.mp4.mp4,3.280,82,12,24,12,0,0,325.5208,0.581
walking_top.mp4.mp4,3.320,83,11,24,11,0,0,298.3941,0.6128
walking_top.mp4.mp4,3.360,84,12,24,12,0,0,325.5208,0.6228
walking_top.mp4.mp4,3.400,85,12,24,12,0,0,325.5208,0.6215
walking_top.mp4.mp4,3.440,86,13,25,13,0,0,352.6476,0.5899
walking_top.mp4.mp4,3.480,87,12,25,12,0,0,325.5208,0.6242
walking_top.mp4.mp4,3.520,88,13,25,13,0,0,352.6476,0.6174
walking_top.mp4.mp4,3.560,89,13,25,13,0,0,352.6476,0.5874
walking_top.mp4.mp4,3.600,90,12,25,12,0,0,325.5208,0.5843
walking_top.mp4.mp4,3.640,91,12,25,12,0,0,325.5208,0.5924
walking_top.mp4.mp4,3.680,92,12,25,12,0,0,325.5208,0.6037
walking_top.mp4.mp4,3.720,93,12,25,12,0,0,325.5208,0.6165
walking_top.mp4.mp4,3.760,94,12,25,12,0,0,325.5208,0.5794
walking_top.mp4.mp4,3.800,95,12,26,12,0,0,325.5208,0.5754
walking_top.mp4.mp4,3.840,96,11,27,11,0,0,298.3941,0.5729
walking_top.mp4.mp4,3.880,97,13,27,13,0,0,352.6476,0.5709
walking_top.mp4.mp4,3.920,98,12,27,12,0,0,325.5208,0.574
walking_top.mp4.mp4,3.960,99,11,27,11,0,0,298.3941,0.6232
walking_top.mp4.mp4,4.000,100,13,28,13,0,0,352.6476,0.5837
walking_top.mp4.mp4,4.040,101,15,28,15,0,0,406.901,0.5548
walking_top.mp4.mp4,4.080,102,13,28,13,0,0,352.6476,0.5657
walking_top.mp4.mp4,4.120,103,15,29,15,0,0,406.901,0.5668
walking_top.mp4.mp4,4.160,104,15,29,15,0,0,406.901,0.577
walking_top.mp4.mp4,4.200,105,13,29,13,0,0,352.6476,0.5872
walking_top.mp4.mp4,4.240,106,16,29,16,0,0,434.0278,0.541
walking_top.mp4.mp4,4.280,107,15,30,15,0,0,406.901,0.5793
walking_top.mp4.mp4,4.320,108,15,31,15,0,0,406.901,0.566
walking_top.mp4.mp4,4.360,109,14,31,14,0,0,379.7743,0.5856
walking_top.mp4.mp4,4.400,110,14,31,14,0,0,379.7743,0.5577
walking_top.mp4.mp4,4.440,111,16,31,16,0,0,434.0278,0.5456
walking_top.mp4.mp4,4.480,112,14,32,14,0,0,379.7743,0.5663
walking_top.mp4.mp4,4.520,113,15,32,15,0,0,406.901,0.5864
walking_top.mp4.mp4,4.560,114,15,32,15,0,0,406.901,0.5933
walking_top.mp4.mp4,4.600,115,17,32,17,0,0,461.1545,0.5611
walking_top.mp4.mp4,4.640,116,15,32,15,0,0,406.901,0.5665
walking_top.mp4.mp4,4.680,117,14,32,14,0,0,379.7743,0.5833
walking_top.mp4.mp4,4.720,118,15,32,15,0,0,406.901,0.5712
walking_top.mp4.mp4,4.760,119,15,32,15,0,0,406.901,0.5855
walking_top.mp4.mp4,4.800,120,16,33,16,0,0,434.0278,0.5741
walking_top.mp4.mp4,4.840,121,17,33,17,0,0,461.1545,0.5564
walking_top.mp4.mp4,4.880,122,16,33,16,0,0,434.0278,0.5641
walking_top.mp4.mp4,4.920,123,17,33,17,0,0,461.1545,0.5191
walking_top.mp4.mp4,4.960,124,17,34,17,0,0,461.1545,0.5235
walking_top.mp4.mp4,5.000,125,17,34,17,0,0,461.1545,0.5011
walking_top.mp4.mp4,5.040,126,17,34,17,0,0,461.1545,0.5145
walking_top.mp4.mp4,5.080,127,14,34,14,0,0,379.7743,0.5233
walking_top.mp4.mp4,5.120,128,15,34,15,0,0,406.901,0.5149
walking_top.mp4.mp4,5.160,129,12,34,12,0,0,325.5208,0.583
walking_top.mp4.mp4,5.200,130,13,35,13,0,0,352.6476,0.5536
walking_top.mp4.mp4,5.240,131,15,35,15,0,0,406.901,0.5217
walking_top.mp4.mp4,5.280,132,14,35,14,0,0,379.7743,0.5464
walking_top.mp4.mp4,5.320,133,15,35,15,0,0,406.901,0.5321
walking_top.mp4.mp4,5.360,134,14,35,14,0,0,379.7743,0.5155
walking_top.mp4.mp4,5.400,135,14,35,14,0,0,379.7743,0.5238
walking_top.mp4.mp4,5.440,136,13,35,13,0,0,352.6476,0.5223
walking_top.mp4.mp4,5.480,137,14,35,14,0,0,379.7743,0.5186
walking_top.mp4.mp4,5.520,138,11,35,11,0,0,298.3941,0.5539
walking_top.mp4.mp4,5.560,139,13,35,13,0,0,352.6476,0.5467
walking_top.mp4.mp4,5.600,140,15,35,15,0,0,406.901,0.5318
walking_top.mp4.mp4,5.640,141,14,35,14,0,0,379.7743,0.54
walking_top.mp4.mp4,5.680,142,13,35,13,0,0,352.6476,0.5344
walking_top.mp4.mp4,5.720,143,13,35,13,0,0,352.6476,0.5199
walking_top.mp4.mp4,5.760,144,12,35,12,0,0,325.5208,0.5342
walking_top.mp4.mp4,5.800,145,12,35,12,0,0,325.5208,0.5257
walking_top.mp4.mp4,5.840,146,12,35,12,0,0,325.5208,0.5206
walking_top.mp4.mp4,5.880,147,13,35,13,0,0,352.6476,0.5155
walking_top.mp4.mp4,5.920,148,14,35,14,0,0,379.7743,0.5025
walking_top.mp4.mp4,5.960,149,12,35,12,0,0,325.5208,0.5128
walking_top.mp4.mp4,6.000,150,13,35,13,0,0,352.6476,0.5049
walking_top.mp4.mp4,6.040,151,13,35,13,0,0,352.6476,0.5181
walking_top.mp4.mp4,6.080,152,11,35,11,0,0,298.3941,0.5439
walking_top.mp4.mp4,6.120,153,12,36,12,0,0,325.5208,0.531
walking_top.mp4.mp4,6.160,154,11,36,11,0,0,298.3941,0.5463
walking_top.mp4.mp4,6.200,155,13,36,13,0,0,352.6476,0.5128
walking_top.mp4.mp4,6.240,156,12,36,12,0,0,325.5208,0.5322
walking_top.mp4.mp4,6.280,157,14,36,14,0,0,379.7743,0.5271
walking_top.mp4.mp4,6.320,158,14,36,14,0,0,379.7743,0.5382
walking_top.mp4.mp4,6.360,159,12,36,12,0,0,325.5208,0.5476
walking_top.mp4.mp4,6.400,160,12,36,12,0,0,325.5208,0.5353
walking_top.mp4.mp4,6.440,161,12,36,12,0,0,325.5208,0.5427
walking_top.mp4.mp4,6.480,162,12,36,12,0,0,325.5208,0.5305
walking_top.mp4.mp4,6.520,163,12,36,12,0,0,325.5208,0.5151
walking_top.mp4.mp4,6.560,164,13,36,13,0,0,352.6476,0.5297
walking_top.mp4.mp4,6.600,165,12,36,12,0,0,325.5208,0.5343
walking_top.mp4.mp4,6.640,166,10,36,10,0,0,271.2674,0.5622
walking_top.mp4.mp4,6.680,167,10,36,10,0,0,271.2674,0.5592
walking_top.mp4.mp4,6.720,168,12,37,12,0,0,325.5208,0.5435
walking_top.mp4.mp4,6.760,169,11,37,11,0,0,298.3941,0.545
walking_top.mp4.mp4,6.800,170,12,37,12,0,0,325.5208,0.5268
walking_top.mp4.mp4,6.840,171,13,37,13,0,0,352.6476,0.5369
walking_top.mp4.mp4,6.880,172,12,37,12,0,0,325.5208,0.5446
walking_top.mp4.mp4,6.920,173,11,37,11,0,0,298.3941,0.552
walking_top.mp4.mp4,6.960,174,15,37,15,0,0,406.901,0.5017
walking_top.mp4.mp4,7.000,175,13,37,13,0,0,352.6476,0.5168
walking_top.mp4.mp4,7.040,176,14,37,14,0,0,379.7743,0.5039
walking_top.mp4.mp4,7.080,177,13,37,13,0,0,352.6476,0.5383
walking_top.mp4.mp4,7.120,178,14,37,14,0,0,379.7743,0.5391
walking_top.mp4.mp4,7.160,179,14,37,14,0,0,379.7743,0.5375
walking_top.mp4.mp4,7.200,180,15,38,15,0,0,406.901,0.5029
walking_top.mp4.mp4,7.240,181,12,38,12,0,0,325.5208,0.5307
walking_top.mp4.mp4,7.280,182,11,38,11,0,0,298.3941,0.5442
walking_top.mp4.mp4,7.320,183,15,38,15,0,0,406.901,0.5224
walking_top.mp4.mp4,7.360,184,14,38,14,0,0,379.7743,0.5345
walking_top.mp4.mp4,7.400,185,14,38,14,0,0,379.7743,0.5328
walking_top.mp4.mp4,7.440,186,14,38,14,0,0,379.7743,0.5547
walking_top.mp4.mp4,7.480,187,14,38,14,0,0,379.7743,0.5331
walking_top.mp4.mp4,7.520,188,13,38,13,0,0,352.6476,0.5455
walking_top.mp4.mp4,7.560,189,14,38,14,0,0,379.7743,0.5506
walking_top.mp4.mp4,7.600,190,15,38,15,0,0,406.901,0.541
walking_top.mp4.mp4,7.640,191,15,38,15,0,0,406.901,0.5343
walking_top.mp4.mp4,7.680,192,14,38,14,0,0,379.7743,0.5577
walking_top.mp4.mp4,7.720,193,15,39,15,0,0,406.901,0.558
walking_top.mp4.mp4,7.760,194,15,39,15,0,0,406.901,0.5563
walking_top.mp4.mp4,7.800,195,16,39,16,0,0,434.0278,0.57
walking_top.mp4.mp4,7.840,196,16,39,16,0,0,434.0278,0.5685
walking_top.mp4.mp4,7.880,197,15,39,15,0,0,406.901,0.5732
walking_top.mp4.mp4,7.920,198,16,39,16,0,0,434.0278,0.5742
walking_top.mp4.mp4,7.960,199,16,39,16,0,0,434.0278,0.5903
walking_top.mp4.mp4,8.000,200,16,39,16,0,0,434.0278,0.5766
walking_top.mp4.mp4,8.040,201,16,39,16,0,0,434.0278,0.5816
walking_top.mp4.mp4,8.080,202,15,39,15,0,0,406.901,0.6108
walking_top.mp4.mp4,8.120,203,15,39,15,0,0,406.901,0.5877
walking_top.mp4.mp4,8.160,204,15,39,15,0,0,406.901,0.5854
walking_top.mp4.mp4,8.200,205,16,40,16,0,0,434.0278,0.5696
walking_top.mp4.mp4,8.240,206,16,40,16,0,0,434.0278,0.5668
walking_top.mp4.mp4,8.280,207,16,40,16,0,0,434.0278,0.5477
walking_top.mp4.mp4,8.320,208,13,40,13,0,0,352.6476,0.5706
walking_top.mp4.mp4,8.360,209,12,40,12,0,0,325.5208,0.5535
walking_top.mp4.mp4,8.400,210,13,40,13,0,0,352.6476,0.5629
walking_top.mp4.mp4,8.440,211,13,40,13,0,0,352.6476,0.562
walking_top.mp4.mp4,8.480,212,12,40,12,0,0,325.5208,0.5869
walking_top.mp4.mp4,8.520,213,13,40,13,0,0,352.6476,0.5816
walking_top.mp4.mp4,8.560,214,13,40,13,0,0,352.6476,0.5774
walking_top.mp4.mp4,8.600,215,14,40,14,0,0,379.7743,0.5589
walking_top.mp4.mp4,8.640,216,14,40,14,0,0,379.7743,0.5754
walking_top.mp4.mp4,8.680,217,14,40,14,0,0,379.7743,0.5626
walking_top.mp4.mp4,8.720,218,14,40,14,0,0,379.7743,0.5722
walking_top.mp4.mp4,8.760,219,14,40,14,0,0,379.7743,0.5902
walking_top.mp4.mp4,8.800,220,14,40,14,0,0,379.7743,0.5767
walking_top.mp4.mp4,8.840,221,14,40,14,0,0,379.7743,0.5758
walking_top.mp4.mp4,8.880,222,14,40,14,0,0,379.7743,0.5813
walking_top.mp4.mp4,8.920,223,14,40,14,0,0,379.7743,0.5869
walking_top.mp4.mp4,8.960,224,13,40,13,0,0,352.6476,0.6078
walking_top.mp4.mp4,9.000,225,14,41,14,0,0,379.7743,0.5955
walking_top.mp4.mp4,9.040,226,14,42,14,0,0,379.7743,0.5981
walking_top.mp4.mp4,9.080,227,15,42,15,0,0,406.901,0.5774
walking_top.mp4.mp4,9.120,228,15,42,15,0,0,406.901,0.5838
walking_top.mp4.mp4,9.160,229,15,42,15,0,0,406.901,0.5985
walking_top.mp4.mp4,9.200,230,16,42,16,0,0,434.0278,0.5861
walking_top.mp4.mp4,9.240,231,17,42,17,0,0,461.1545,0.5494
walking_top.mp4.mp4,9.280,232,13,42,13,0,0,352.6476,0.5791
walking_top.mp4.mp4,9.320,233,13,42,13,0,0,352.6476,0.5736
walking_top.mp4.mp4,9.360,234,14,42,14,0,0,379.7743,0.5699
walking_top.mp4.mp4,9.400,235,16,42,16,0,0,434.0278,0.5511
walking_top.mp4.mp4,9.440,236,15,42,15,0,0,406.901,0.5546
walking_top.mp4.mp4,9.480,237,15,42,15,0,0,406.901,0.5466
walking_top.mp4.mp4,9.520,238,15,42,15,0,0,406.901,0.5552
walking_top.mp4.mp4,9.560,239,15,42,15,0,0,406.901,0.5585
walking_top.mp4.mp4,9.600,240,14,42,14,0,0,379.7743,0.5621
walking_top.mp4.mp4,9.640,241,14,42,14,0,0,379.7743,0.5728
walking_top.mp4.mp4,9.680,242,14,43,14,0,0,379.7743,0.5828
walking_top.mp4.mp4,9.720,243,14,44,14,0,0,379.7743,0.6009
walking_top.mp4.mp4,9.760,244,15,44,15,0,0,406.901,0.573
walking_top.mp4.mp4,9.800,245,13,44,13,0,0,352.6476,0.6175
walking_top.mp4.mp4,9.840,246,13,44,13,0,0,352.6476,0.6093
walking_top.mp4.mp4,9.880,247,13,44,13,0,0,352.6476,0.6039
walking_top.mp4.mp4,9.920,248,13,44,13,0,0,352.6476,0.5962
walking_top.mp4.mp4,9.960,249,13,44,13,0,0,352.6476,0.591
walking_top.mp4.mp4,10.000,250,14,44,14,0,0,379.7743,0.5996
walking_top.mp4.mp4,10.040,251,14,45,14,0,0,379.7743,0.6163
walking_top.mp4.mp4,10.080,252,14,45,14,0,0,379.7743,0.6095
walking_top.mp4.mp4,10.120,253,14,45,14,0,0,379.7743,0.6031
walking_top.mp4.mp4,10.160,254,14,45,14,0,0,379.7743,0.6169
walking_top.mp4.mp4,10.200,255,15,45,15,0,0,406.901,0.6133
walking_top.mp4.mp4,10.240,256,15,45,15,0,0,406.901,0.597
walking_top.mp4.mp4,10.280,257,15,46,15,0,0,406.901,0.5928
walking_top.mp4.mp4,10.320,258,15,47,15,0,0,406.901,0.6159
walking_top.mp4.mp4,10.360,259,15,47,15,0,0,406.901,0.6202
walking_top.mp4.mp4,10.400,260,15,47,15,0,0,406.901,0.5725
walking_top.mp4.mp4,10.440,261,15,47,15,0,0,406.901,0.5914
walking_top.mp4.mp4,10.480,262,15,47,15,0,0,406.901,0.5896
walking_top.mp4.mp4,10.520,263,16,47,16,0,0,434.0278,0.5895
walking_top.mp4.mp4,10.560,264,17,48,17,0,0,461.1545,0.5883
walking_top.mp4.mp4,10.600,265,16,48,16,0,0,434.0278,0.5979
walking_top.mp4.mp4,10.640,266,17,48,17,0,0,461.1545,0.5787
walking_top.mp4.mp4,10.680,267,14,48,14,0,0,379.7743,0.629
walking_top.mp4.mp4,10.720,268,14,48,14,0,0,379.7743,0.5946
walking_top.mp4.mp4,10.760,269,14,48,14,0,0,379.7743,0.584
walking_top.mp4.mp4,10.800,270,15,48,15,0,0,406.901,0.5325
walking_top.mp4.mp4,10.840,271,13,48,13,0,0,352.6476,0.5422
walking_top.mp4.mp4,10.880,272,13,48,13,0,0,352.6476,0.569
walking_top.mp4.mp4,10.920,273,12,48,12,0,0,325.5208,0.5885
walking_top.mp4.mp4,10.960,274,12,48,12,0,0,325.5208,0.5836
walking_top.mp4.mp4,11.000,275,13,48,13,0,0,352.6476,0.5518
walking_top.mp4.mp4,11.040,276,13,48,13,0,0,352.6476,0.571
walking_top.mp4.mp4,11.080,277,14,48,14,0,0,379.7743,0.5488
walking_top.mp4.mp4,11.120,278,14,48,14,0,0,379.7743,0.5397
walking_top.mp4.mp4,11.160,279,14,49,14,0,0,379.7743,0.5698
walking_top.mp4.mp4,11.200,280,13,49,13,0,0,352.6476,0.5892
walking_top.mp4.mp4,11.240,281,14,50,14,0,0,379.7743,0.5689
walking_top.mp4.mp4,11.280,282,14,50,14,0,0,379.7743,0.5614
walking_top.mp4.mp4,11.320,283,11,50,11,0,0,298.3941,0.5947
walking_top.mp4.mp4,11.360,284,10,50,10,0,0,271.2674,0.5877
walking_top.mp4.mp4,11.400,285,11,50,11,0,0,298.3941,0.5989
walking_top.mp4.mp4,11.440,286,11,50,11,0,0,298.3941,0.6238
walking_top.mp4.mp4,11.480,287,12,50,12,0,0,325.5208,0.5913
walking_top.mp4.mp4,11.520,288,12,50,12,0,0,325.5208,0.5922
walking_top.mp4.mp4,11.560,289,13,50,13,0,0,352.6476,0.5704
walking_top.mp4.mp4,11.600,290,13,50,13,0,0,352.6476,0.5657
walking_top.mp4.mp4,11.640,291,13,50,13,0,0,352.6476,0.5719
walking_top.mp4.mp4,11.680,292,11,50,11,0,0,298.3941,0.5946
walking_top.mp4.mp4,11.720,293,11,50,11,0,0,298.3941,0.6041
walking_top.mp4.mp4,11.760,294,12,51,12,0,0,325.5208,0.5823
walking_top.mp4.mp4,11.800,295,11,51,11,0,0,298.3941,0.5445
walking_top.mp4.mp4,11.840,296,12,53,12,0,0,325.5208,0.5478
walking_top.mp4.mp4,11.880,297,13,54,13,0,0,352.6476,0.524
walking_top.mp4.mp4,11.920,298,13,54,13,0,0,352.6476,0.551
walking_top.mp4.mp4,11.960,299,14,54,14,0,0,379.7743,0.5453
walking_top.mp4.mp4,12.000,300,10,54,10,0,0,271.2674,0.5956
walking_top.mp4.mp4,12.040,301,11,54,11,0,0,298.3941,0.565
walking_top.mp4.mp4,12.080,302,11,54,11,0,0,298.3941,0.557
walking_top.mp4.mp4,12.120,303,12,54,12,0,0,325.5208,0.5877
walking_top.mp4.mp4,12.160,304,12,54,12,0,0,325.5208,0.5948
walking_top.mp4.mp4,12.200,305,13,54,13,0,0,352.6476,0.5847
walking_top.mp4.mp4,12.240,306,13,54,13,0,0,352.6476,0.5876
walking_top.mp4.mp4,12.280,307,15,56,15,0,0,406.901,0.5723
walking_top.mp4.mp4,12.320,308,15,56,15,0,0,406.901,0.5727
walking_top.mp4.mp4,12.360,309,16,57,16,0,0,434.0278,0.5656
walking_top.mp4.mp4,12.400,310,13,57,13,0,0,352.6476,0.5614
walking_top.mp4.mp4,12.440,311,14,57,14,0,0,379.7743,0.5543
walking_top.mp4.mp4,12.480,312,13,57,13,0,0,352.6476,0.5605
walking_top.mp4.mp4,12.520,313,14,57,14,0,0,379.7743,0.5553
walking_top.mp4.mp4,12.560,314,15,58,15,0,0,406.901,0.5487
walking_top.mp4.mp4,12.600,315,14,58,14,0,0,379.7743,0.5713
walking_top.mp4.mp4,12.640,316,16,59,16,0,0,434.0278,0.5375
walking_top.mp4.mp4,12.680,317,15,59,15,0,0,406.901,0.5567
walking_top.mp4.mp4,12.720,318,17,59,17,0,0,461.1545,0.5555
walking_top.mp4.mp4,12.760,319,16,59,16,0,0,434.0278,0.5511
walking_top.mp4.mp4,12.800,320,16,60,16,0,0,434.0278,0.5362
walking_top.mp4.mp4,12.840,321,17,62,17,0,0,461.1545,0.5424
walking_top.mp4.mp4,12.880,322,14,62,14,0,0,379.7743,0.5661
walking_top.mp4.mp4,12.920,323,14,62,14,0,0,379.7743,0.5796
walking_top.mp4.mp4,12.960,324,14,62,14,0,0,379.7743,0.5527
walking_top.mp4.mp4,13.000,325,13,62,13,0,0,352.6476,0.5743
walking_top.mp4.mp4,13.040,326,14,64,14,0,0,379.7743,0.588
walking_top.mp4.mp4,13.080,327,15,64,15,0,0,406.901,0.597
walking_top.mp4.mp4,13.120,328,15,65,15,0,0,406.901,0.5855
walking_top.mp4.mp4,13.160,329,16,65,16,0,0,434.0278,0.5923
walking_top.mp4.mp4,13.200,330,16,65,16,0,0,434.0278,0.5908
walking_top.mp4.mp4,13.240,331,17,66,17,0,0,461.1545,0.5769
walking_top.mp4.mp4,13.280,332,16,66,16,0,0,434.0278,0.5783
walking_top.mp4.mp4,13.320,333,18,68,18,0,0,488.2812,0.5534
walking_top.mp4.mp4,13.360,334,18,68,18,0,0,488.2812,0.5604
walking_top.mp4.mp4,13.400,335,17,68,17,0,0,461.1545,0.5485
walking_top.mp4.mp4,13.440,336,16,68,16,0,0,434.0278,0.5607
walking_top.mp4.mp4,13.480,337,17,69,17,0,0,461.1545,0.5448
walking_top.mp4.mp4,13.520,338,17,69,17,0,0,461.1545,0.5566
walking_top.mp4.mp4,13.560,339,17,69,17,0,0,461.1545,0.5577
walking_top.mp4.mp4,13.600,340,16,69,16,0,0,434.0278,0.5657
walking_top.mp4.mp4,13.640,341,16,69,16,0,0,434.0278,0.5672
walking_top.mp4.mp4,13.680,342,15,69,15,0,0,406.901,0.5737
Wari_real_vid.mp4,0.043,1,0,0,0,0,0,0.0,0.0
Wari_real_vid.mp4,0.086,2,0,0,0,0,0,0.0,0.0
Wari_real_vid.mp4,0.130,3,0,0,0,0,0,0.0,0.0
Wari_real_vid.mp4,0.173,4,0,0,0,0,0,0.0,0.0
Wari_real_vid.mp4,0.216,5,0,0,0,0,0,0.0,0.0
Wari_real_vid.mp4,0.259,6,0,0,0,0,0,0.0,0.0
Wari_real_vid.mp4,0.303,7,0,0,0,0,0,0.0,0.0
Wari_real_vid.mp4,0.346,8,0,0,0,0,0,0.0,0.0
Wari_real_vid.mp4,0.389,9,0,0,0,0,0,0.0,0.0
Wari_real_vid.mp4,0.432,10,0,0,0,0,0,0.0,0.0
Wari_real_vid.mp4,0.476,11,0,0,0,0,0,0.0,0.0
Wari_real_vid.mp4,0.519,12,0,0,0,0,0,0.0,0.0
Wari_real_vid.mp4,0.562,13,0,0,0,0,0,0.0,0.0
Wari_real_vid.mp4,0.605,14,0,0,0,0,0,0.0,0.0
Wari_real_vid.mp4,0.648,15,0,0,0,0,0,0.0,0.0
Wari_real_vid.mp4,0.692,16,0,0,0,0,0,0.0,0.0
Wari_real_vid.mp4,0.735,17,0,0,0,0,0,0.0,0.0
Wari_real_vid.mp4,0.778,18,0,0,0,0,0,0.0,0.0
Wari_real_vid.mp4,0.821,19,0,0,0,0,0,0.0,0.0
Wari_real_vid.mp4,0.865,20,0,0,0,0,0,0.0,0.0
Wari_real_vid.mp4,0.908,21,0,0,0,0,0,0.0,0.0
Wari_real_vid.mp4,0.951,22,0,0,0,0,0,0.0,0.0
Wari_real_vid.mp4,0.994,23,0,0,0,0,0,0.0,0.0
Wari_real_vid.mp4,1.037,24,0,0,0,0,0,0.0,0.0
Wari_real_vid.mp4,1.081,25,0,0,0,0,0,0.0,0.0
Wari_real_vid.mp4,1.124,26,0,0,0,0,0,0.0,0.0
Wari_real_vid.mp4,1.167,27,0,0,0,0,0,0.0,0.0
Wari_real_vid.mp4,1.210,28,0,0,0,0,0,0.0,0.0
Wari_real_vid.mp4,1.254,29,0,0,0,0,0,0.0,0.0
Wari_real_vid.mp4,1.297,30,0,0,0,0,0,0.0,0.0
Wari_real_vid.mp4,1.340,31,0,0,0,0,0,0.0,0.0
Wari_real_vid.mp4,1.383,32,0,0,0,0,0,0.0,0.0
Wari_real_vid.mp4,1.427,33,0,0,0,0,0,0.0,0.0
Wari_real_vid.mp4,1.470,34,0,0,0,0,0,0.0,0.0
Wari_real_vid.mp4,1.513,35,0,0,0,0,0,0.0,0.0
Wari_real_vid.mp4,1.556,36,0,0,0,0,0,0.0,0.0
Wari_real_vid.mp4,1.599,37,0,0,0,0,0,0.0,0.0
Wari_real_vid.mp4,1.643,38,0,0,0,0,0,0.0,0.0
Wari_real_vid.mp4,1.686,39,0,0,0,0,0,0.0,0.0
Wari_real_vid.mp4,1.729,40,0,0,0,0,0,0.0,0.0
Wari_real_vid.mp4,1.772,41,0,0,0,0,0,0.0,0.0
Wari_real_vid.mp4,1.816,42,0,0,0,0,0,0.0,0.0
Wari_real_vid.mp4,1.859,43,0,0,0,0,0,0.0,0.0
Wari_real_vid.mp4,1.902,44,0,0,0,0,0,0.0,0.0
Wari_real_vid.mp4,1.945,45,0,0,0,0,0,0.0,0.0
Wari_real_vid.mp4,1.988,46,0,0,0,0,0,0.0,0.0
Wari_real_vid.mp4,2.032,47,0,0,0,0,0,0.0,0.0
Wari_real_vid.mp4,2.075,48,0,0,0,0,0,0.0,0.0
Wari_real_vid.mp4,2.118,49,0,0,0,0,0,0.0,0.0
Wari_real_vid.mp4,2.161,50,0,0,0,0,0,0.0,0.0
Wari_real_vid.mp4,2.205,51,0,0,0,0,0,0.0,0.0
Wari_real_vid.mp4,2.248,52,0,0,0,0,0,0.0,0.0
Wari_real_vid.mp4,2.291,53,0,0,0,0,0,0.0,0.0
Wari_real_vid.mp4,2.334,54,0,0,0,0,0,0.0,0.0
Wari_real_vid.mp4,2.378,55,0,0,0,0,0,0.0,0.0
Wari_real_vid.mp4,2.421,56,0,0,0,0,0,0.0,0.0
Wari_real_vid.mp4,2.464,57,0,0,0,0,0,0.0,0.0
Wari_real_vid.mp4,2.507,58,0,0,0,0,0,0.0,0.0
Wari_real_vid.mp4,2.550,59,0,0,0,0,0,0.0,0.0
Wari_real_vid.mp4,2.594,60,0,0,0,0,0,0.0,0.0
Wari_real_vid.mp4,2.637,61,0,0,0,0,0,0.0,0.0
Wari_real_vid.mp4,2.680,62,0,0,0,0,0,0.0,0.0
Wari_real_vid.mp4,2.723,63,0,0,0,0,0,0.0,0.0
Wari_real_vid.mp4,2.767,64,0,0,0,0,0,0.0,0.0
Wari_real_vid.mp4,2.810,65,0,0,0,0,0,0.0,0.0
Wari_real_vid.mp4,2.853,66,0,0,0,0,0,0.0,0.0
Wari_real_vid.mp4,2.896,67,0,0,0,0,0,0.0,0.0
Wari_real_vid.mp4,2.940,68,0,0,0,0,0,0.0,0.0
Wari_real_vid.mp4,2.983,69,1,1,1,0,0,0.4823,0.4364
Wari_real_vid.mp4,3.026,70,1,1,1,0,0,0.4823,0.3904
Wari_real_vid.mp4,3.069,71,1,1,1,0,0,0.4823,0.4549
Wari_real_vid.mp4,3.112,72,1,1,1,0,0,0.4823,0.5573
Wari_real_vid.mp4,3.156,73,1,1,1,0,0,0.4823,0.5386
Wari_real_vid.mp4,3.199,74,1,1,1,0,0,0.4823,0.5017
Wari_real_vid.mp4,3.242,75,1,1,1,0,0,0.4823,0.5179
Wari_real_vid.mp4,3.285,76,2,2,2,0,0,0.9645,0.4427
Wari_real_vid.mp4,3.329,77,1,2,1,0,0,0.4823,0.499
Wari_real_vid.mp4,3.372,78,1,2,1,0,0,0.4823,0.4052
Wari_real_vid.mp4,3.415,79,1,2,1,0,0,0.4823,0.3933
Wari_real_vid.mp4,3.458,80,1,2,1,0,0,0.4823,0.4136
Wari_real_vid.mp4,3.501,81,1,2,1,0,0,0.4823,0.4911
Wari_real_vid.mp4,3.545,82,2,2,2,0,0,0.9645,0.4012
Wari_real_vid.mp4,3.588,83,1,2,1,0,0,0.4823,0.4134
Wari_real_vid.mp4,3.631,84,0,2,0,0,0,0.0,0.0
Wari_real_vid.mp4,3.674,85,1,2,1,0,0,0.4823,0.3768
Wari_real_vid.mp4,3.718,86,1,2,1,0,0,0.4823,0.4015
Wari_real_vid.mp4,3.761,87,1,2,1,0,0,0.4823,0.4057
Wari_real_vid.mp4,3.804,88,1,2,1,0,0,0.4823,0.3917
Wari_real_vid.mp4,3.847,89,1,2,1,0,0,0.4823,0.4213
Wari_real_vid.mp4,3.891,90,1,2,1,0,0,0.4823,0.4325
Wari_real_vid.mp4,3.934,91,1,2,1,0,0,0.4823,0.3533
Wari_real_vid.mp4,3.977,92,0,2,0,0,0,0.0,0.0
Wari_real_vid.mp4,4.020,93,0,2,0,0,0,0.0,0.0
Wari_real_vid.mp4,4.063,94,0,2,0,0,0,0.0,0.0
Wari_real_vid.mp4,4.107,95,0,2,0,0,0,0.0,0.0
Wari_real_vid.mp4,4.150,96,0,2,0,0,0,0.0,0.0
Wari_real_vid.mp4,4.193,97,0,2,0,0,0,0.0,0.0
Wari_real_vid.mp4,4.236,98,1,2,1,0,0,0.4823,0.3525
Wari_real_vid.mp4,4.280,99,0,2,0,0,0,0.0,0.0
Wari_real_vid.mp4,4.323,100,0,2,0,0,0,0.0,0.0
Wari_real_vid.mp4,4.366,101,0,2,0,0,0,0.0,0.0
Wari_real_vid.mp4,4.409,102,0,2,0,0,0,0.0,0.0
Wari_real_vid.mp4,4.452,103,0,2,0,0,0,0.0,0.0
Wari_real_vid.mp4,4.496,104,0,2,0,0,0,0.0,0.0
Wari_real_vid.mp4,4.539,105,0,2,0,0,0,0.0,0.0
Wari_real_vid.mp4,4.582,106,0,2,0,0,0,0.0,0.0
Wari_real_vid.mp4,4.625,107,0,2,0,0,0,0.0,0.0
Wari_real_vid.mp4,4.669,108,0,2,0,0,0,0.0,0.0
Wari_real_vid.mp4,4.712,109,0,2,0,0,0,0.0,0.0
Wari_real_vid.mp4,4.755,110,0,2,0,0,0,0.0,0.0
Wari_real_vid.mp4,4.798,111,0,2,0,0,0,0.0,0.0
Wari_real_vid.mp4,4.842,112,0,2,0,0,0,0.0,0.0
Wari_real_vid.mp4,4.885,113,0,2,0,0,0,0.0,0.0
Wari_real_vid.mp4,4.928,114,0,2,0,0,0,0.0,0.0
Wari_real_vid.mp4,4.971,115,0,2,0,0,0,0.0,0.0
Wari_real_vid.mp4,5.014,116,0,2,0,0,0,0.0,0.0
Wari_real_vid.mp4,5.058,117,0,2,0,0,0,0.0,0.0
Wari_real_vid.mp4,5.101,118,0,2,0,0,0,0.0,0.0
Wari_real_vid.mp4,5.144,119,0,2,0,0,0,0.0,0.0
Wari_real_vid.mp4,5.187,120,0,2,0,0,0,0.0,0.0
Wari_real_vid.mp4,5.231,121,0,2,0,0,0,0.0,0.0
Wari_real_vid.mp4,5.274,122,0,2,0,0,0,0.0,0.0
Wari_real_vid.mp4,5.317,123,0,2,0,0,0,0.0,0.0
Wari_real_vid.mp4,5.360,124,0,2,0,0,0,0.0,0.0
Wari_real_vid.mp4,5.403,125,0,2,0,0,0,0.0,0.0
Wari_real_vid.mp4,5.447,126,0,2,0,0,0,0.0,0.0
Wari_real_vid.mp4,5.490,127,0,2,0,0,0,0.0,0.0
Wari_real_vid.mp4,5.533,128,0,2,0,0,0,0.0,0.0
Wari_real_vid.mp4,5.576,129,0,2,0,0,0,0.0,0.0
Wari_real_vid.mp4,5.620,130,0,2,0,0,0,0.0,0.0
Wari_real_vid.mp4,5.663,131,0,2,0,0,0,0.0,0.0
Wari_real_vid.mp4,5.706,132,0,2,0,0,0,0.0,0.0
Wari_real_vid.mp4,5.749,133,0,2,0,0,0,0.0,0.0
Wari_real_vid.mp4,5.793,134,0,2,0,0,0,0.0,0.0
Wari_real_vid.mp4,5.836,135,0,2,0,0,0,0.0,0.0
Wari_real_vid.mp4,5.879,136,0,2,0,0,0,0.0,0.0
Wari_real_vid.mp4,5.922,137,0,2,0,0,0,0.0,0.0
Wari_real_vid.mp4,5.965,138,0,2,0,0,0,0.0,0.0
Wari_real_vid.mp4,6.009,139,0,2,0,0,0,0.0,0.0
Wari_real_vid.mp4,6.052,140,0,2,0,0,0,0.0,0.0
Wari_real_vid.mp4,6.095,141,0,2,0,0,0,0.0,0.0
Wari_real_vid.mp4,6.138,142,0,2,0,0,0,0.0,0.0
Wari_real_vid.mp4,6.182,143,0,2,0,0,0,0.0,0.0
Wari_real_vid.mp4,6.225,144,0,2,0,0,0,0.0,0.0
Wari_real_vid.mp4,6.268,145,0,2,0,0,0,0.0,0.0
Wari_real_vid.mp4,6.311,146,0,2,0,0,0,0.0,0.0
Wari_real_vid.mp4,6.355,147,0,2,0,0,0,0.0,0.0
Wari_real_vid.mp4,6.398,148,0,2,0,0,0,0.0,0.0
Wari_real_vid.mp4,6.441,149,0,2,0,0,0,0.0,0.0
Wari_real_vid.mp4,6.484,150,1,3,1,0,0,0.4823,0.3691
Wari_real_vid.mp4,6.527,151,0,3,0,0,0,0.0,0.0
Wari_real_vid.mp4,6.571,152,0,3,0,0,0,0.0,0.0
Wari_real_vid.mp4,6.614,153,0,3,0,0,0,0.0,0.0
Wari_real_vid.mp4,6.657,154,1,3,1,0,0,0.4823,0.377
Wari_real_vid.mp4,6.700,155,1,3,1,0,0,0.4823,0.3725
Wari_real_vid.mp4,6.744,156,0,3,0,0,0,0.0,0.0
Wari_real_vid.mp4,6.787,157,0,3,0,0,0,0.0,0.0
Wari_real_vid.mp4,6.830,158,0,3,0,0,0,0.0,0.0
Wari_real_vid.mp4,6.873,159,0,3,0,0,0,0.0,0.0
Wari_real_vid.mp4,6.916,160,0,3,0,0,0,0.0,0.0
Wari_real_vid.mp4,6.960,161,0,3,0,0,0,0.0,0.0
Wari_real_vid.mp4,7.003,162,0,3,0,0,0,0.0,0.0
Wari_real_vid.mp4,7.046,163,0,3,0,0,0,0.0,0.0
Wari_real_vid.mp4,7.089,164,0,3,0,0,0,0.0,0.0
Wari_real_vid.mp4,7.133,165,0,3,0,0,0,0.0,0.0
Wari_real_vid.mp4,7.176,166,0,3,0,0,0,0.0,0.0
Wari_real_vid.mp4,7.219,167,0,3,0,0,0,0.0,0.0
Wari_real_vid.mp4,7.262,168,0,3,0,0,0,0.0,0.0
Wari_real_vid.mp4,7.306,169,0,3,0,0,0,0.0,0.0
Wari_real_vid.mp4,7.349,170,0,3,0,0,0,0.0,0.0
Wari_real_vid.mp4,7.392,171,0,3,0,0,0,0.0,0.0
Wari_real_vid.mp4,7.435,172,0,3,0,0,0,0.0,0.0
Wari_real_vid.mp4,7.478,173,0,3,0,0,0,0.0,0.0
Wari_real_vid.mp4,7.522,174,0,3,0,0,0,0.0,0.0
Wari_real_vid.mp4,7.565,175,0,3,0,0,0,0.0,0.0
Wari_real_vid.mp4,7.608,176,0,3,0,0,0,0.0,0.0
Wari_real_vid.mp4,7.651,177,0,3,0,0,0,0.0,0.0
Wari_real_vid.mp4,7.695,178,0,3,0,0,0,0.0,0.0
Wari_real_vid.mp4,7.738,179,0,3,0,0,0,0.0,0.0
Wari_real_vid.mp4,7.781,180,0,3,0,0,0,0.0,0.0
Wari_real_vid.mp4,7.824,181,0,3,0,0,0,0.0,0.0
Wari_real_vid.mp4,7.867,182,0,3,0,0,0,0.0,0.0
Wari_real_vid.mp4,7.911,183,0,3,0,0,0,0.0,0.0
Wari_real_vid.mp4,7.954,184,0,3,0,0,0,0.0,0.0
Wari_real_vid.mp4,7.997,185,0,3,0,0,0,0.0,0.0
Wari_real_vid.mp4,8.040,186,0,3,0,0,0,0.0,0.0
Wari_real_vid.mp4,8.084,187,0,3,0,0,0,0.0,0.0
Wari_real_vid.mp4,8.127,188,0,3,0,0,0,0.0,0.0
Wari_real_vid.mp4,8.170,189,0,3,0,0,0,0.0,0.0
Wari_real_vid.mp4,8.213,190,0,3,0,0,0,0.0,0.0
Wari_real_vid.mp4,8.257,191,0,3,0,0,0,0.0,0.0
Wari_real_vid.mp4,8.300,192,0,3,0,0,0,0.0,0.0
Wari_real_vid.mp4,8.343,193,0,3,0,0,0,0.0,0.0
Wari_real_vid.mp4,8.386,194,0,3,0,0,0,0.0,0.0
Wari_real_vid.mp4,8.429,195,0,3,0,0,0,0.0,0.0
Wari_real_vid.mp4,8.473,196,0,3,0,0,0,0.0,0.0
Wari_real_vid.mp4,8.516,197,0,3,0,0,0,0.0,0.0
Wari_real_vid.mp4,8.559,198,0,3,0,0,0,0.0,0.0
Wari_real_vid.mp4,8.602,199,0,3,0,0,0,0.0,0.0
Wari_real_vid.mp4,8.646,200,0,3,0,0,0,0.0,0.0
Wari_real_vid.mp4,8.689,201,0,3,0,0,0,0.0,0.0
Wari_real_vid.mp4,8.732,202,0,3,0,0,0,0.0,0.0
Wari_real_vid.mp4,8.775,203,0,3,0,0,0,0.0,0.0
Wari_real_vid.mp4,8.819,204,0,3,0,0,0,0.0,0.0
Wari_real_vid.mp4,8.862,205,0,3,0,0,0,0.0,0.0
Wari_real_vid.mp4,8.905,206,0,3,0,0,0,0.0,0.0
Wari_real_vid.mp4,8.948,207,0,3,0,0,0,0.0,0.0
Wari_real_vid.mp4,8.991,208,0,3,0,0,0,0.0,0.0
Wari_real_vid.mp4,9.035,209,0,3,0,0,0,0.0,0.0
Wari_real_vid.mp4,9.078,210,0,3,0,0,0,0.0,0.0
Wari_real_vid.mp4,9.121,211,0,3,0,0,0,0.0,0.0
Wari_real_vid.mp4,9.164,212,0,3,0,0,0,0.0,0.0
Wari_real_vid.mp4,9.208,213,0,3,0,0,0,0.0,0.0
Wari_real_vid.mp4,9.251,214,0,3,0,0,0,0.0,0.0
Wari_real_vid.mp4,9.294,215,0,3,0,0,0,0.0,0.0
Wari_real_vid.mp4,9.337,216,0,3,0,0,0,0.0,0.0
Wari_real_vid.mp4,9.380,217,0,3,0,0,0,0.0,0.0
Wari_real_vid.mp4,9.424,218,0,3,0,0,0,0.0,0.0
Wari_real_vid.mp4,9.467,219,0,3,0,0,0,0.0,0.0
Wari_real_vid.mp4,9.510,220,0,3,0,0,0,0.0,0.0
Wari_real_vid.mp4,9.553,221,0,3,0,0,0,0.0,0.0
Wari_real_vid.mp4,9.597,222,0,3,0,0,0,0.0,0.0
Wari_real_vid.mp4,9.640,223,0,3,0,0,0,0.0,0.0
Wari_real_vid.mp4,9.683,224,0,3,0,0,0,0.0,0.0
Wari_real_vid.mp4,9.726,225,0,3,0,0,0,0.0,0.0
Wari_real_vid.mp4,9.770,226,0,3,0,0,0,0.0,0.0
Wari_real_vid.mp4,9.813,227,0,3,0,0,0,0.0,0.0
Wari_real_vid.mp4,9.856,228,0,3,0,0,0,0.0,0.0
Wari_real_vid.mp4,9.899,229,0,3,0,0,0,0.0,0.0
Wari_real_vid.mp4,9.942,230,0,3,0,0,0,0.0,0.0
Wari_real_vid.mp4,9.986,231,0,3,0,0,0,0.0,0.0
Wari_real_vid.mp4,10.029,232,0,3,0,0,0,0.0,0.0
Wari_real_vid.mp4,10.072,233,0,3,0,0,0,0.0,0.0
Wari_real_vid.mp4,10.115,234,0,3,0,0,0,0.0,0.0
Wari_real_vid.mp4,10.159,235,0,3,0,0,0,0.0,0.0
Wari_real_vid.mp4,10.202,236,0,3,0,0,0,0.0,0.0
Wari_real_vid.mp4,10.245,237,0,3,0,0,0,0.0,0.0
Wari_real_vid.mp4,10.288,238,0,3,0,0,0,0.0,0.0
Wari_real_vid.mp4,10.331,239,0,3,0,0,0,0.0,0.0
Wari_real_vid.mp4,10.375,240,0,3,0,0,0,0.0,0.0
Wari_real_vid.mp4,10.418,241,0,3,0,0,0,0.0,0.0
Wari_real_vid.mp4,10.461,242,0,3,0,0,0,0.0,0.0
Wari_real_vid.mp4,10.504,243,0,3,0,0,0,0.0,0.0
Wari_real_vid.mp4,10.548,244,0,3,0,0,0,0.0,0.0
Wari_real_vid.mp4,10.591,245,0,3,0,0,0,0.0,0.0
Wari_real_vid.mp4,10.634,246,0,3,0,0,0,0.0,0.0
Wari_real_vid.mp4,10.677,247,0,3,0,0,0,0.0,0.0
Wari_real_vid.mp4,10.721,248,0,3,0,0,0,0.0,0.0
Wari_real_vid.mp4,10.764,249,0,3,0,0,0,0.0,0.0
Wari_real_vid.mp4,10.807,250,0,3,0,0,0,0.0,0.0
Wari_real_vid.mp4,10.850,251,0,3,0,0,0,0.0,0.0
Wari_real_vid.mp4,10.893,252,0,3,0,0,0,0.0,0.0
Wari_real_vid.mp4,10.937,253,0,3,0,0,0,0.0,0.0
Wari_real_vid.mp4,10.980,254,0,3,0,0,0,0.0,0.0
Wari_real_vid.mp4,11.023,255,0,3,0,0,0,0.0,0.0
Wari_real_vid.mp4,11.066,256,0,3,0,0,0,0.0,0.0
Wari_real_vid.mp4,11.110,257,0,3,0,0,0,0.0,0.0
Wari_real_vid.mp4,11.153,258,0,3,0,0,0,0.0,0.0
Wari_real_vid.mp4,11.196,259,0,3,0,0,0,0.0,0.0
Wari_real_vid.mp4,11.239,260,0,3,0,0,0,0.0,0.0
Wari_real_vid.mp4,11.283,261,0,3,0,0,0,0.0,0.0
Wari_real_vid.mp4,11.326,262,0,3,0,0,0,0.0,0.0
Wari_real_vid.mp4,11.369,263,0,3,0,0,0,0.0,0.0
Wari_real_vid.mp4,11.412,264,0,3,0,0,0,0.0,0.0
Wari_real_vid.mp4,11.455,265,0,3,0,0,0,0.0,0.0
Wari_real_vid.mp4,11.499,266,0,3,0,0,0,0.0,0.0
Wari_real_vid.mp4,11.542,267,0,3,0,0,0,0.0,0.0
Wari_real_vid.mp4,11.585,268,0,3,0,0,0,0.0,0.0
Wari_real_vid.mp4,11.628,269,0,3,0,0,0,0.0,0.0
Wari_real_vid.mp4,11.672,270,0,3,0,0,0,0.0,0.0
Wari_real_vid.mp4,11.715,271,0,3,0,0,0,0.0,0.0
Wari_real_vid.mp4,11.758,272,0,3,0,0,0,0.0,0.0
Wari_real_vid.mp4,11.801,273,0,3,0,0,0,0.0,0.0
Wari_real_vid.mp4,11.844,274,0,3,0,0,0,0.0,0.0
Wari_real_vid.mp4,11.888,275,0,3,0,0,0,0.0,0.0
Wari_real_vid.mp4,11.931,276,0,3,0,0,0,0.0,0.0
Wari_real_vid.mp4,11.974,277,0,3,0,0,0,0.0,0.0
Wari_real_vid.mp4,12.017,278,0,3,0,0,0,0.0,0.0
Wari_real_vid.mp4,12.061,279,0,3,0,0,0,0.0,0.0
Wari_real_vid.mp4,12.104,280,0,3,0,0,0,0.0,0.0
Wari_real_vid.mp4,12.147,281,0,3,0,0,0,0.0,0.0
Wari_real_vid.mp4,12.190,282,0,3,0,0,0,0.0,0.0
Wari_real_vid.mp4,12.234,283,0,3,0,0,0,0.0,0.0
Wari_real_vid.mp4,12.277,284,0,3,0,0,0,0.0,0.0
Wari_real_vid.mp4,12.320,285,0,3,0,0,0,0.0,0.0
Wari_real_vid.mp4,12.363,286,0,3,0,0,0,0.0,0.0
Wari_real_vid.mp4,12.406,287,0,3,0,0,0,0.0,0.0
Wari_real_vid.mp4,12.450,288,0,3,0,0,0,0.0,0.0
Wari_real_vid.mp4,12.493,289,0,3,0,0,0,0.0,0.0
Wari_real_vid.mp4,12.536,290,0,3,0,0,0,0.0,0.0
Wari_real_vid.mp4,12.579,291,0,3,0,0,0,0.0,0.0
Wari_real_vid.mp4,12.623,292,0,3,0,0,0,0.0,0.0
Wari_real_vid.mp4,12.666,293,0,3,0,0,0,0.0,0.0
Wari_real_vid.mp4,12.709,294,0,3,0,0,0,0.0,0.0
Wari_real_vid.mp4,12.752,295,0,3,0,0,0,0.0,0.0
Wari_real_vid.mp4,12.795,296,0,3,0,0,0,0.0,0.0
Wari_real_vid.mp4,12.839,297,0,3,0,0,0,0.0,0.0
Wari_real_vid.mp4,12.882,298,0,3,0,0,0,0.0,0.0
Wari_real_vid.mp4,12.925,299,0,3,0,0,0,0.0,0.0
Wari_real_vid.mp4,12.968,300,0,3,0,0,0,0.0,0.0
Wari_real_vid.mp4,13.012,301,0,3,0,0,0,0.0,0.0
Wari_real_vid.mp4,13.055,302,0,3,0,0,0,0.0,0.0
Wari_real_vid.mp4,13.098,303,0,3,0,0,0,0.0,0.0
Wari_real_vid.mp4,13.141,304,0,3,0,0,0,0.0,0.0
Wari_real_vid.mp4,13.185,305,0,3,0,0,0,0.0,0.0
Wari_real_vid.mp4,13.228,306,0,3,0,0,0,0.0,0.0
Wari_real_vid.mp4,13.271,307,0,3,0,0,0,0.0,0.0
Wari_real_vid.mp4,13.314,308,0,3,0,0,0,0.0,0.0
Wari_real_vid.mp4,13.357,309,0,3,0,0,0,0.0,0.0
Wari_real_vid.mp4,13.401,310,0,3,0,0,0,0.0,0.0
Wari_real_vid.mp4,13.444,311,0,3,0,0,0,0.0,0.0
Wari_real_vid.mp4,13.487,312,0,3,0,0,0,0.0,0.0
Wari_real_vid.mp4,13.530,313,0,3,0,0,0,0.0,0.0
Wari_real_vid.mp4,13.574,314,0,3,0,0,0,0.0,0.0
Wari_real_vid.mp4,13.617,315,0,3,0,0,0,0.0,0.0
Wari_real_vid.mp4,13.660,316,0,3,0,0,0,0.0,0.0
Wari_real_vid.mp4,13.703,317,0,3,0,0,0,0.0,0.0
Wari_real_vid.mp4,13.746,318,0,3,0,0,0,0.0,0.0
Wari_real_vid.mp4,13.790,319,0,3,0,0,0,0.0,0.0
Wari_real_vid.mp4,13.833,320,0,3,0,0,0,0.0,0.0
Wari_real_vid.mp4,13.876,321,0,3,0,0,0,0.0,0.0
Wari_real_vid.mp4,13.919,322,0,3,0,0,0,0.0,0.0
Wari_real_vid.mp4,13.963,323,0,3,0,0,0,0.0,0.0
Wari_real_vid.mp4,14.006,324,0,3,0,0,0,0.0,0.0
Wari_real_vid.mp4,14.049,325,0,3,0,0,0,0.0,0.0
Wari_real_vid.mp4,14.092,326,0,3,0,0,0,0.0,0.0
Wari_real_vid.mp4,14.136,327,0,3,0,0,0,0.0,0.0
Wari_real_vid.mp4,14.179,328,0,3,0,0,0,0.0,0.0
Wari_real_vid.mp4,14.222,329,0,3,0,0,0,0.0,0.0
Wari_real_vid.mp4,14.265,330,0,3,0,0,0,0.0,0.0
Wari_real_vid.mp4,14.308,331,0,3,0,0,0,0.0,0.0
Wari_real_vid.mp4,14.352,332,0,3,0,0,0,0.0,0.0
Wari_real_vid.mp4,14.395,333,0,3,0,0,0,0.0,0.0
Wari_real_vid.mp4,14.438,334,0,3,0,0,0,0.0,0.0
Wari_real_vid.mp4,14.481,335,0,3,0,0,0,0.0,0.0
Wari_real_vid.mp4,14.525,336,0,3,0,0,0,0.0,0.0
Wari_real_vid.mp4,14.568,337,0,3,0,0,0,0.0,0.0
Wari_real_vid.mp4,14.611,338,0,3,0,0,0,0.0,0.0
Wari_real_vid.mp4,14.654,339,0,3,0,0,0,0.0,0.0
Wari_real_vid.mp4,14.698,340,0,3,0,0,0,0.0,0.0
Wari_real_vid.mp4,14.741,341,0,3,0,0,0,0.0,0.0
Wari_real_vid.mp4,14.784,342,0,3,0,0,0,0.0,0.0
Wari_real_vid.mp4,14.827,343,0,3,0,0,0,0.0,0.0
Wari_real_vid.mp4,14.870,344,0,3,0,0,0,0.0,0.0
Wari_real_vid.mp4,14.914,345,0,3,0,0,0,0.0,0.0
Wari_real_vid.mp4,14.957,346,0,3,0,0,0,0.0,0.0
Wari_real_vid.mp4,15.000,347,0,3,0,0,0,0.0,0.0
Wari_real_vid.mp4,15.043,348,0,3,0,0,0,0.0,0.0
Wari_real_vid.mp4,15.087,349,0,3,0,0,0,0.0,0.0
Wari_real_vid.mp4,15.130,350,0,3,0,0,0,0.0,0.0
Wari_real_vid.mp4,15.173,351,0,3,0,0,0,0.0,0.0
Wari_real_vid.mp4,15.216,352,0,3,0,0,0,0.0,0.0
Wari_real_vid.mp4,15.259,353,0,3,0,0,0,0.0,0.0
Wari_real_vid.mp4,15.303,354,0,3,0,0,0,0.0,0.0
Wari_real_vid.mp4,15.346,355,0,3,0,0,0,0.0,0.0
Wari_real_vid.mp4,15.389,356,0,3,0,0,0,0.0,0.0
Wari_real_vid.mp4,15.432,357,0,3,0,0,0,0.0,0.0
Wari_real_vid.mp4,15.476,358,0,3,0,0,0,0.0,0.0
Wari_real_vid.mp4,15.519,359,0,3,0,0,0,0.0,0.0
Wari_real_vid.mp4,15.562,360,0,3,0,0,0,0.0,0.0
Wari_real_vid.mp4,15.605,361,0,3,0,0,0,0.0,0.0
Wari_real_vid.mp4,15.649,362,0,3,0,0,0,0.0,0.0
Wari_real_vid.mp4,15.692,363,0,3,0,0,0,0.0,0.0
Wari_real_vid.mp4,15.735,364,0,3,0,0,0,0.0,0.0
Wari_real_vid.mp4,15.778,365,0,3,0,0,0,0.0,0.0
Wari_real_vid.mp4,15.821,366,0,3,0,0,0,0.0,0.0
Wari_real_vid.mp4,15.865,367,0,3,0,0,0,0.0,0.0
Wari_real_vid.mp4,15.908,368,0,3,0,0,0,0.0,0.0
Wari_real_vid.mp4,15.951,369,0,3,0,0,0,0.0,0.0
Wari_real_vid.mp4,15.994,370,0,3,0,0,0,0.0,0.0
Wari_real_vid.mp4,16.038,371,0,3,0,0,0,0.0,0.0
Wari_real_vid.mp4,16.081,372,0,3,0,0,0,0.0,0.0
Wari_real_vid.mp4,16.124,373,0,3,0,0,0,0.0,0.0
Wari_real_vid.mp4,16.167,374,0,3,0,0,0,0.0,0.0
Wari_real_vid.mp4,16.210,375,0,3,0,0,0,0.0,0.0
Wari_real_vid.mp4,16.254,376,0,3,0,0,0,0.0,0.0
Wari_real_vid.mp4,16.297,377,0,3,0,0,0,0.0,0.0
Wari_real_vid.mp4,16.340,378,0,3,0,0,0,0.0,0.0
Wari_real_vid.mp4,16.383,379,0,3,0,0,0,0.0,0.0
Wari_real_vid.mp4,16.427,380,0,3,0,0,0,0.0,0.0
Wari_real_vid.mp4,16.470,381,0,3,0,0,0,0.0,0.0
Wari_real_vid.mp4,16.513,382,0,3,0,0,0,0.0,0.0
Wari_real_vid.mp4,16.556,383,0,3,0,0,0,0.0,0.0
Wari_real_vid.mp4,16.600,384,0,3,0,0,0,0.0,0.0
Wari_real_vid.mp4,16.643,385,0,3,0,0,0,0.0,0.0
Wari_real_vid.mp4,16.686,386,0,3,0,0,0,0.0,0.0
Wari_real_vid.mp4,16.729,387,0,3,0,0,0,0.0,0.0
Wari_real_vid.mp4,16.772,388,0,3,0,0,0,0.0,0.0
Wari_real_vid.mp4,16.816,389,0,3,0,0,0,0.0,0.0
Wari_real_vid.mp4,16.859,390,0,3,0,0,0,0.0,0.0
Wari_real_vid.mp4,16.902,391,0,3,0,0,0,0.0,0.0
Wari_real_vid.mp4,16.945,392,0,3,0,0,0,0.0,0.0
Wari_real_vid.mp4,16.989,393,0,3,0,0,0,0.0,0.0
Wari_real_vid.mp4,17.032,394,0,3,0,0,0,0.0,0.0
Wari_real_vid.mp4,17.075,395,0,3,0,0,0,0.0,0.0
Wari_real_vid.mp4,17.118,396,0,3,0,0,0,0.0,0.0
Wari_real_vid.mp4,17.162,397,0,3,0,0,0,0.0,0.0
Wari_real_vid.mp4,17.205,398,0,3,0,0,0,0.0,0.0
Wari_real_vid.mp4,17.248,399,0,3,0,0,0,0.0,0.0
Wari_real_vid.mp4,17.291,400,0,3,0,0,0,0.0,0.0
Wari_real_vid.mp4,17.334,401,0,3,0,0,0,0.0,0.0
Wari_real_vid.mp4,17.378,402,0,3,0,0,0,0.0,0.0
Wari_real_vid.mp4,17.421,403,0,3,0,0,0,0.0,0.0
Wari_real_vid.mp4,17.464,404,0,3,0,0,0,0.0,0.0
Wari_real_vid.mp4,17.507,405,0,3,0,0,0,0.0,0.0
Wari_real_vid.mp4,17.551,406,0,3,0,0,0,0.0,0.0
Wari_real_vid.mp4,17.594,407,0,3,0,0,0,0.0,0.0
Wari_real_vid.mp4,17.637,408,0,3,0,0,0,0.0,0.0
Wari_real_vid.mp4,17.680,409,0,3,0,0,0,0.0,0.0
Wari_real_vid.mp4,17.723,410,0,3,0,0,0,0.0,0.0
Wari_real_vid.mp4,17.767,411,0,3,0,0,0,0.0,0.0
Wari_real_vid.mp4,17.810,412,0,3,0,0,0,0.0,0.0
Wari_real_vid.mp4,17.853,413,0,3,0,0,0,0.0,0.0
Wari_real_vid.mp4,17.896,414,0,3,0,0,0,0.0,0.0
Wari_real_vid.mp4,17.940,415,0,3,0,0,0,0.0,0.0
Wari_real_vid.mp4,17.983,416,0,3,0,0,0,0.0,0.0
Wari_real_vid.mp4,18.026,417,0,3,0,0,0,0.0,0.0
Wari_real_vid.mp4,18.069,418,0,3,0,0,0,0.0,0.0
Wari_real_vid.mp4,18.113,419,0,3,0,0,0,0.0,0.0
Wari_real_vid.mp4,18.156,420,0,3,0,0,0,0.0,0.0
Wari_real_vid.mp4,18.199,421,0,3,0,0,0,0.0,0.0
Wari_real_vid.mp4,18.242,422,0,3,0,0,0,0.0,0.0
Wari_real_vid.mp4,18.285,423,0,3,0,0,0,0.0,0.0
Wari_real_vid.mp4,18.329,424,0,3,0,0,0,0.0,0.0
Wari_real_vid.mp4,18.372,425,0,3,0,0,0,0.0,0.0
Wari_real_vid.mp4,18.415,426,0,3,0,0,0,0.0,0.0
Wari_real_vid.mp4,18.458,427,0,3,0,0,0,0.0,0.0
Wari_real_vid.mp4,18.502,428,0,3,0,0,0,0.0,0.0
Wari_real_vid.mp4,18.545,429,0,3,0,0,0,0.0,0.0
Wari_real_vid.mp4,18.588,430,0,3,0,0,0,0.0,0.0
Wari_real_vid.mp4,18.631,431,0,3,0,0,0,0.0,0.0
Wari_real_vid.mp4,18.674,432,0,3,0,0,0,0.0,0.0
Wari_real_vid.mp4,18.718,433,0,3,0,0,0,0.0,0.0
Wari_real_vid.mp4,18.761,434,0,3,0,0,0,0.0,0.0
Wari_real_vid.mp4,18.804,435,0,3,0,0,0,0.0,0.0
Wari_real_vid.mp4,18.847,436,0,3,0,0,0,0.0,0.0
Wari_real_vid.mp4,18.891,437,0,3,0,0,0,0.0,0.0
Wari_real_vid.mp4,18.934,438,0,3,0,0,0,0.0,0.0
Wari_real_vid.mp4,18.977,439,0,3,0,0,0,0.0,0.0
Wari_real_vid.mp4,19.020,440,0,3,0,0,0,0.0,0.0
Wari_real_vid.mp4,19.064,441,0,3,0,0,0,0.0,0.0
Wari_real_vid.mp4,19.107,442,0,3,0,0,0,0.0,0.0
Wari_real_vid.mp4,19.150,443,0,3,0,0,0,0.0,0.0
Wari_real_vid.mp4,19.193,444,0,3,0,0,0,0.0,0.0
Wari_real_vid.mp4,19.236,445,0,3,0,0,0,0.0,0.0
Wari_real_vid.mp4,19.280,446,0,3,0,0,0,0.0,0.0
Wari_real_vid.mp4,19.323,447,0,3,0,0,0,0.0,0.0
Wari_real_vid.mp4,19.366,448,0,3,0,0,0,0.0,0.0
Wari_real_vid.mp4,19.409,449,0,3,0,0,0,0.0,0.0
Wari_real_vid.mp4,19.453,450,0,3,0,0,0,0.0,0.0
Wari_real_vid.mp4,19.496,451,0,3,0,0,0,0.0,0.0
Wari_real_vid.mp4,19.539,452,0,3,0,0,0,0.0,0.0
Wari_real_vid.mp4,19.582,453,0,3,0,0,0,0.0,0.0
Wari_real_vid.mp4,19.626,454,0,3,0,0,0,0.0,0.0
Wari_real_vid.mp4,19.669,455,0,3,0,0,0,0.0,0.0
Wari_real_vid.mp4,19.712,456,0,3,0,0,0,0.0,0.0
Wari_real_vid.mp4,19.755,457,0,3,0,0,0,0.0,0.0
Wari_real_vid.mp4,19.798,458,0,3,0,0,0,0.0,0.0
Wari_real_vid.mp4,19.842,459,0,3,0,0,0,0.0,0.0
Wari_real_vid.mp4,19.885,460,0,3,0,0,0,0.0,0.0
Wari_real_vid.mp4,19.928,461,0,3,0,0,0,0.0,0.0
Wari_real_vid.mp4,19.971,462,1,4,1,0,0,0.4823,0.405
Wari_real_vid.mp4,20.015,463,1,4,1,0,0,0.4823,0.3841
Wari_real_vid.mp4,20.058,464,1,4,1,0,0,0.4823,0.3871
Wari_real_vid.mp4,20.101,465,1,4,1,0,0,0.4823,0.4112
Wari_real_vid.mp4,20.144,466,1,4,1,0,0,0.4823,0.353
Wari_real_vid.mp4,20.187,467,0,4,0,0,0,0.0,0.0
Wari_real_vid.mp4,20.231,468,0,4,0,0,0,0.0,0.0
Wari_real_vid.mp4,20.274,469,0,4,0,0,0,0.0,0.0
Wari_real_vid.mp4,20.317,470,0,4,0,0,0,0.0,0.0
Wari_real_vid.mp4,20.360,471,0,4,0,0,0,0.0,0.0
Wari_real_vid.mp4,20.404,472,0,4,0,0,0,0.0,0.0
Wari_real_vid.mp4,20.447,473,0,4,0,0,0,0.0,0.0
Wari_real_vid.mp4,20.490,474,0,4,0,0,0,0.0,0.0
Wari_real_vid.mp4,20.533,475,0,4,0,0,0,0.0,0.0
Wari_real_vid.mp4,20.577,476,0,4,0,0,0,0.0,0.0
Wari_real_vid.mp4,20.620,477,0,4,0,0,0,0.0,0.0
Wari_real_vid.mp4,20.663,478,0,4,0,0,0,0.0,0.0
Wari_real_vid.mp4,20.706,479,0,4,0,0,0,0.0,0.0
Wari_real_vid.mp4,20.749,480,0,4,0,0,0,0.0,0.0
Wari_real_vid.mp4,20.793,481,0,4,0,0,0,0.0,0.0
Wari_real_vid.mp4,20.836,482,0,4,0,0,0,0.0,0.0
Wari_real_vid.mp4,20.879,483,0,4,0,0,0,0.0,0.0
Wari_real_vid.mp4,20.922,484,0,4,0,0,0,0.0,0.0
Wari_real_vid.mp4,20.966,485,0,4,0,0,0,0.0,0.0
Wari_real_vid.mp4,21.009,486,0,4,0,0,0,0.0,0.0
Wari_real_vid.mp4,21.052,487,0,4,0,0,0,0.0,0.0
Wari_real_vid.mp4,21.095,488,0,4,0,0,0,0.0,0.0
Wari_real_vid.mp4,21.138,489,0,4,0,0,0,0.0,0.0
Wari_real_vid.mp4,21.182,490,0,4,0,0,0,0.0,0.0
Wari_real_vid.mp4,21.225,491,0,4,0,0,0,0.0,0.0
Wari_real_vid.mp4,21.268,492,0,4,0,0,0,0.0,0.0
Wari_real_vid.mp4,21.311,493,0,4,0,0,0,0.0,0.0
Wari_real_vid.mp4,21.355,494,0,4,0,0,0,0.0,0.0
Wari_real_vid.mp4,21.398,495,0,4,0,0,0,0.0,0.0
Wari_real_vid.mp4,21.441,496,0,4,0,0,0,0.0,0.0
Wari_real_vid.mp4,21.484,497,0,4,0,0,0,0.0,0.0
Wari_real_vid.mp4,21.528,498,0,4,0,0,0,0.0,0.0
Wari_real_vid.mp4,21.571,499,0,4,0,0,0,0.0,0.0
Wari_real_vid.mp4,21.614,500,0,4,0,0,0,0.0,0.0
Wari_real_vid.mp4,21.657,501,0,4,0,0,0,0.0,0.0
Wari_real_vid.mp4,21.700,502,0,4,0,0,0,0.0,0.0
Wari_real_vid.mp4,21.744,503,0,4,0,0,0,0.0,0.0
Wari_real_vid.mp4,21.787,504,0,4,0,0,0,0.0,0.0
Wari_real_vid.mp4,21.830,505,0,4,0,0,0,0.0,0.0
Wari_real_vid.mp4,21.873,506,0,4,0,0,0,0.0,0.0
Wari_real_vid.mp4,21.917,507,0,4,0,0,0,0.0,0.0
Wari_real_vid.mp4,21.960,508,0,4,0,0,0,0.0,0.0
Wari_real_vid.mp4,22.003,509,0,4,0,0,0,0.0,0.0
Wari_real_vid.mp4,22.046,510,0,4,0,0,0,0.0,0.0
Wari_real_vid.mp4,22.089,511,0,4,0,0,0,0.0,0.0
Wari_real_vid.mp4,22.133,512,0,4,0,0,0,0.0,0.0
Wari_real_vid.mp4,22.176,513,0,4,0,0,0,0.0,0.0
Wari_real_vid.mp4,22.219,514,0,4,0,0,0,0.0,0.0
Wari_real_vid.mp4,22.262,515,0,4,0,0,0,0.0,0.0
Wari_real_vid.mp4,22.306,516,0,4,0,0,0,0.0,0.0
Wari_real_vid.mp4,22.349,517,0,4,0,0,0,0.0,0.0
Wari_real_vid.mp4,22.392,518,0,4,0,0,0,0.0,0.0
Wari_real_vid.mp4,22.435,519,0,4,0,0,0,0.0,0.0
Wari_real_vid.mp4,22.479,520,0,4,0,0,0,0.0,0.0
Wari_real_vid.mp4,22.522,521,0,4,0,0,0,0.0,0.0
Wari_real_vid.mp4,22.565,522,0,4,0,0,0,0.0,0.0
Wari_real_vid.mp4,22.608,523,0,4,0,0,0,0.0,0.0
Wari_real_vid.mp4,22.651,524,0,4,0,0,0,0.0,0.0
Wari_real_vid.mp4,22.695,525,0,4,0,0,0,0.0,0.0
Wari_real_vid.mp4,22.738,526,0,4,0,0,0,0.0,0.0
Wari_real_vid.mp4,22.781,527,0,4,0,0,0,0.0,0.0
Wari_real_vid.mp4,22.824,528,0,4,0,0,0,0.0,0.0
Wari_real_vid.mp4,22.868,529,0,4,0,0,0,0.0,0.0
Wari_real_vid.mp4,22.911,530,0,4,0,0,0,0.0,0.0
Wari_real_vid.mp4,22.954,531,0,4,0,0,0,0.0,0.0
Wari_real_vid.mp4,22.997,532,0,4,0,0,0,0.0,0.0
Wari_real_vid.mp4,23.041,533,0,4,0,0,0,0.0,0.0
Wari_real_vid.mp4,23.084,534,0,4,0,0,0,0.0,0.0
Wari_real_vid.mp4,23.127,535,0,4,0,0,0,0.0,0.0
Wari_real_vid.mp4,23.170,536,0,4,0,0,0,0.0,0.0
Wari_real_vid.mp4,23.213,537,2,6,2,0,0,0.9645,0.3929
Wari_real_vid.mp4,23.257,538,3,7,3,0,0,1.4468,0.4814
Wari_real_vid.mp4,23.300,539,1,7,1,0,0,0.4823,0.4608
Wari_real_vid.mp4,23.343,540,1,7,1,0,0,0.4823,0.4062
Wari_real_vid.mp4,23.386,541,1,7,1,0,0,0.4823,0.4858
Wari_real_vid.mp4,23.430,542,1,7,1,0,0,0.4823,0.4329
Wari_real_vid.mp4,23.473,543,0,7,0,0,0,0.0,0.0
Wari_real_vid.mp4,23.516,544,1,7,1,0,0,0.4823,0.5181
Wari_real_vid.mp4,23.559,545,1,7,1,0,0,0.4823,0.4999
Wari_real_vid.mp4,23.602,546,2,8,2,0,0,0.9645,0.3898
Wari_real_vid.mp4,23.646,547,1,8,1,0,0,0.4823,0.3964
Wari_real_vid.mp4,23.689,548,0,8,0,0,0,0.0,0.0
Wari_real_vid.mp4,23.732,549,4,10,4,0,0,1.929,0.3972
Wari_real_vid.mp4,23.775,550,4,10,4,0,0,1.929,0.416
Wari_real_vid.mp4,23.819,551,2,10,2,0,0,0.9645,0.4156
Wari_real_vid.mp4,23.862,552,2,10,2,0,0,0.9645,0.3796
Wari_real_vid.mp4,23.905,553,2,10,2,0,0,0.9645,0.3809
Wari_real_vid.mp4,23.948,554,2,10,2,0,0,0.9645,0.3933
Wari_real_vid.mp4,23.992,555,1,10,1,0,0,0.4823,0.3914
Wari_real_vid.mp4,24.035,556,1,10,1,0,0,0.4823,0.3742
Wari_real_vid.mp4,24.078,557,1,10,1,0,0,0.4823,0.433
Wari_real_vid.mp4,24.121,558,1,10,1,0,0,0.4823,0.3874
Wari_real_vid.mp4,24.164,559,1,10,1,0,0,0.4823,0.4239
Wari_real_vid.mp4,24.208,560,0,10,0,0,0,0.0,0.0
Wari_real_vid.mp4,24.251,561,0,10,0,0,0,0.0,0.0
Wari_real_vid.mp4,24.294,562,1,10,1,0,0,0.4823,0.3989
Wari_real_vid.mp4,24.337,563,1,10,1,0,0,0.4823,0.3661
Wari_real_vid.mp4,24.381,564,0,10,0,0,0,0.0,0.0
Wari_real_vid.mp4,24.424,565,0,10,0,0,0,0.0,0.0
Wari_real_vid.mp4,24.467,566,0,10,0,0,0,0.0,0.0
Wari_real_vid.mp4,24.510,567,0,10,0,0,0,0.0,0.0
Wari_real_vid.mp4,24.553,568,1,10,1,0,0,0.4823,0.3905
Wari_real_vid.mp4,24.597,569,1,10,1,0,0,0.4823,0.3504
Wari_real_vid.mp4,24.640,570,1,10,1,0,0,0.4823,0.3885
Wari_real_vid.mp4,24.683,571,1,10,1,0,0,0.4823,0.3977
Wari_real_vid.mp4,24.726,572,1,10,1,0,0,0.4823,0.3679
Wari_real_vid.mp4,24.770,573,1,10,1,0,0,0.4823,0.3713
Wari_real_vid.mp4,24.813,574,0,10,0,0,0,0.0,0.0
Wari_real_vid.mp4,24.856,575,0,10,0,0,0,0.0,0.0
Wari_real_vid.mp4,24.899,576,0,10,0,0,0,0.0,0.0
Wari_real_vid.mp4,24.943,577,0,10,0,0,0,0.0,0.0
Wari_real_vid.mp4,24.986,578,1,11,1,0,0,0.4823,0.398
Wari_real_vid.mp4,25.029,579,0,11,0,0,0,0.0,0.0
Wari_real_vid.mp4,25.072,580,0,11,0,0,0,0.0,0.0
Wari_real_vid.mp4,25.115,581,0,11,0,0,0,0.0,0.0
Wari_real_vid.mp4,25.159,582,1,12,1,0,0,0.4823,0.4334
Wari_real_vid.mp4,25.202,583,0,12,0,0,0,0.0,0.0
Wari_real_vid.mp4,25.245,584,0,12,0,0,0,0.0,0.0
Wari_real_vid.mp4,25.288,585,0,12,0,0,0,0.0,0.0
Wari_real_vid.mp4,25.332,586,0,12,0,0,0,0.0,0.0
Wari_real_vid.mp4,25.375,587,0,12,0,0,0,0.0,0.0
Wari_real_vid.mp4,25.418,588,0,12,0,0,0,0.0,0.0
Wari_real_vid.mp4,25.461,589,0,12,0,0,0,0.0,0.0
Wari_real_vid.mp4,25.505,590,0,12,0,0,0,0.0,0.0
Wari_real_vid.mp4,25.548,591,0,12,0,0,0,0.0,0.0
Wari_real_vid.mp4,25.591,592,0,12,0,0,0,0.0,0.0
Wari_real_vid.mp4,25.634,593,0,12,0,0,0,0.0,0.0
Wari_real_vid.mp4,25.677,594,0,12,0,0,0,0.0,0.0
Wari_real_vid.mp4,25.721,595,0,12,0,0,0,0.0,0.0
Wari_real_vid.mp4,25.764,596,0,12,0,0,0,0.0,0.0
Wari_real_vid.mp4,25.807,597,0,12,0,0,0,0.0,0.0
Wari_real_vid.mp4,25.850,598,0,12,0,0,0,0.0,0.0
Wari_real_vid.mp4,25.894,599,0,12,0,0,0,0.0,0.0
Wari_real_vid.mp4,25.937,600,0,12,0,0,0,0.0,0.0
Wari_real_vid.mp4,25.980,601,0,12,0,0,0,0.0,0.0
Wari_real_vid.mp4,26.023,602,0,12,0,0,0,0.0,0.0
Wari_real_vid.mp4,26.066,603,0,12,0,0,0,0.0,0.0
Wari_real_vid.mp4,26.110,604,0,12,0,0,0,0.0,0.0
Wari_real_vid.mp4,26.153,605,0,12,0,0,0,0.0,0.0
Wari_real_vid.mp4,26.196,606,0,12,0,0,0,0.0,0.0
Wari_real_vid.mp4,26.239,607,0,12,0,0,0,0.0,0.0
Wari_real_vid.mp4,26.283,608,0,12,0,0,0,0.0,0.0
Wari_real_vid.mp4,26.326,609,0,12,0,0,0,0.0,0.0
Wari_real_vid.mp4,26.369,610,0,12,0,0,0,0.0,0.0
Wari_real_vid.mp4,26.412,611,0,12,0,0,0,0.0,0.0
Wari_real_vid.mp4,26.456,612,0,12,0,0,0,0.0,0.0
Wari_real_vid.mp4,26.499,613,0,12,0,0,0,0.0,0.0
Wari_real_vid.mp4,26.542,614,0,12,0,0,0,0.0,0.0
Wari_real_vid.mp4,26.585,615,0,12,0,0,0,0.0,0.0
Wari_real_vid.mp4,26.628,616,0,12,0,0,0,0.0,0.0
Wari_real_vid.mp4,26.672,617,0,12,0,0,0,0.0,0.0
Wari_real_vid.mp4,26.715,618,0,12,0,0,0,0.0,0.0
Wari_real_vid.mp4,26.758,619,0,12,0,0,0,0.0,0.0
Wari_real_vid.mp4,26.801,620,0,12,0,0,0,0.0,0.0
Wari_real_vid.mp4,26.845,621,0,12,0,0,0,0.0,0.0
Wari_real_vid.mp4,26.888,622,0,12,0,0,0,0.0,0.0
Wari_real_vid.mp4,26.931,623,0,12,0,0,0,0.0,0.0
Wari_real_vid.mp4,26.974,624,0,12,0,0,0,0.0,0.0
Wari_real_vid.mp4,27.017,625,0,12,0,0,0,0.0,0.0
Wari_real_vid.mp4,27.061,626,0,12,0,0,0,0.0,0.0
Wari_real_vid.mp4,27.104,627,0,12,0,0,0,0.0,0.0
Wari_real_vid.mp4,27.147,628,0,12,0,0,0,0.0,0.0
Wari_real_vid.mp4,27.190,629,0,12,0,0,0,0.0,0.0
Wari_real_vid.mp4,27.234,630,0,12,0,0,0,0.0,0.0
Wari_real_vid.mp4,27.277,631,0,12,0,0,0,0.0,0.0
Wari_real_vid.mp4,27.320,632,0,12,0,0,0,0.0,0.0
Wari_real_vid.mp4,27.363,633,0,12,0,0,0,0.0,0.0
Wari_real_vid.mp4,27.407,634,0,12,0,0,0,0.0,0.0
Wari_real_vid.mp4,27.450,635,0,12,0,0,0,0.0,0.0
Wari_real_vid.mp4,27.493,636,1,13,1,0,0,0.4823,0.3745
Wari_real_vid.mp4,27.536,637,0,13,0,0,0,0.0,0.0
Wari_real_vid.mp4,27.579,638,0,13,0,0,0,0.0,0.0
Wari_real_vid.mp4,27.623,639,0,13,0,0,0,0.0,0.0
Wari_real_vid.mp4,27.666,640,0,13,0,0,0,0.0,0.0
Wari_real_vid.mp4,27.709,641,0,13,0,0,0,0.0,0.0
Wari_real_vid.mp4,27.752,642,0,13,0,0,0,0.0,0.0
Wari_real_vid.mp4,27.796,643,1,13,1,0,0,0.4823,0.3639
Wari_real_vid.mp4,27.839,644,1,13,1,0,0,0.4823,0.4015
Wari_real_vid.mp4,27.882,645,0,13,0,0,0,0.0,0.0
Wari_real_vid.mp4,27.925,646,0,13,0,0,0,0.0,0.0
Wari_real_vid.mp4,27.968,647,0,13,0,0,0,0.0,0.0
Wari_real_vid.mp4,28.012,648,1,13,1,0,0,0.4823,0.3658
Wari_real_vid.mp4,28.055,649,0,13,0,0,0,0.0,0.0
Wari_real_vid.mp4,28.098,650,0,13,0,0,0,0.0,0.0
Wari_real_vid.mp4,28.141,651,0,13,0,0,0,0.0,0.0
Wari_real_vid.mp4,28.185,652,0,13,0,0,0,0.0,0.0
Wari_real_vid.mp4,28.228,653,0,13,0,0,0,0.0,0.0
Wari_real_vid.mp4,28.271,654,0,13,0,0,0,0.0,0.0
Wari_real_vid.mp4,28.314,655,0,13,0,0,0,0.0,0.0
Wari_real_vid.mp4,28.358,656,0,13,0,0,0,0.0,0.0
Wari_real_vid.mp4,28.401,657,0,13,0,0,0,0.0,0.0
Wari_real_vid.mp4,28.444,658,0,13,0,0,0,0.0,0.0
Wari_real_vid.mp4,28.487,659,0,13,0,0,0,0.0,0.0
Wari_real_vid.mp4,28.530,660,0,13,0,0,0,0.0,0.0
Wari_real_vid.mp4,28.574,661,0,13,0,0,0,0.0,0.0
Wari_real_vid.mp4,28.617,662,0,13,0,0,0,0.0,0.0
Wari_real_vid.mp4,28.660,663,0,13,0,0,0,0.0,0.0
Wari_real_vid.mp4,28.703,664,0,13,0,0,0,0.0,0.0
Wari_real_vid.mp4,28.747,665,0,13,0,0,0,0.0,0.0
Wari_real_vid.mp4,28.790,666,0,13,0,0,0,0.0,0.0
Wari_real_vid.mp4,28.833,667,0,13,0,0,0,0.0,0.0
Wari_real_vid.mp4,28.876,668,0,13,0,0,0,0.0,0.0
Wari_real_vid.mp4,28.920,669,0,13,0,0,0,0.0,0.0
Wari_real_vid.mp4,28.963,670,0,13,0,0,0,0.0,0.0
Wari_real_vid.mp4,29.006,671,0,13,0,0,0,0.0,0.0
Wari_real_vid.mp4,29.049,672,0,13,0,0,0,0.0,0.0
Wari_real_vid.mp4,29.092,673,0,13,0,0,0,0.0,0.0
Wari_real_vid.mp4,29.136,674,0,13,0,0,0,0.0,0.0
Wari_real_vid.mp4,29.179,675,0,13,0,0,0,0.0,0.0
Wari_real_vid.mp4,29.222,676,0,13,0,0,0,0.0,0.0
Wari_real_vid.mp4,29.265,677,0,13,0,0,0,0.0,0.0
Wari_real_vid.mp4,29.309,678,0,13,0,0,0,0.0,0.0
Wari_real_vid.mp4,29.352,679,0,13,0,0,0,0.0,0.0
Wari_real_vid.mp4,29.395,680,0,13,0,0,0,0.0,0.0
Wari_real_vid.mp4,29.438,681,0,13,0,0,0,0.0,0.0
Wari_real_vid.mp4,29.481,682,0,13,0,0,0,0.0,0.0
Wari_real_vid.mp4,29.525,683,0,13,0,0,0,0.0,0.0
Wari_real_vid.mp4,29.568,684,0,13,0,0,0,0.0,0.0
Wari_real_vid.mp4,29.611,685,0,13,0,0,0,0.0,0.0
Wari_real_vid.mp4,29.654,686,0,13,0,0,0,0.0,0.0
Wari_real_vid.mp4,29.698,687,0,13,0,0,0,0.0,0.0
Wari_real_vid.mp4,29.741,688,0,13,0,0,0,0.0,0.0
Wari_real_vid.mp4,29.784,689,0,13,0,0,0,0.0,0.0
Wari_real_vid.mp4,29.827,690,0,13,0,0,0,0.0,0.0
Wari_real_vid.mp4,29.871,691,0,13,0,0,0,0.0,0.0
Wari_real_vid.mp4,29.914,692,0,13,0,0,0,0.0,0.0
Wari_real_vid.mp4,29.957,693,0,13,0,0,0,0.0,0.0
Wari_real_vid.mp4,30.000,694,0,13,0,0,0,0.0,0.0
Wari_real_vid.mp4,30.043,695,0,13,0,0,0,0.0,0.0
Wari_real_vid.mp4,30.087,696,0,13,0,0,0,0.0,0.0
Wari_real_vid.mp4,30.130,697,0,13,0,0,0,0.0,0.0
Wari_real_vid.mp4,30.173,698,0,13,0,0,0,0.0,0.0
Wari_real_vid.mp4,30.216,699,0,13,0,0,0,0.0,0.0
Wari_real_vid.mp4,30.260,700,0,13,0,0,0,0.0,0.0
Wari_real_vid.mp4,30.303,701,0,13,0,0,0,0.0,0.0
Wari_real_vid.mp4,30.346,702,0,13,0,0,0,0.0,0.0
Wari_real_vid.mp4,30.389,703,0,13,0,0,0,0.0,0.0
Wari_real_vid.mp4,30.432,704,0,13,0,0,0,0.0,0.0
Wari_real_vid.mp4,30.476,705,0,13,0,0,0,0.0,0.0
Wari_real_vid.mp4,30.519,706,0,13,0,0,0,0.0,0.0
Wari_real_vid.mp4,30.562,707,0,13,0,0,0,0.0,0.0
Wari_real_vid.mp4,30.605,708,0,13,0,0,0,0.0,0.0
Wari_real_vid.mp4,30.649,709,0,13,0,0,0,0.0,0.0
Wari_real_vid.mp4,30.692,710,0,13,0,0,0,0.0,0.0
Wari_real_vid.mp4,30.735,711,0,13,0,0,0,0.0,0.0
Wari_real_vid.mp4,30.778,712,0,13,0,0,0,0.0,0.0
Wari_real_vid.mp4,30.822,713,0,13,0,0,0,0.0,0.0
Wari_real_vid.mp4,30.865,714,0,13,0,0,0,0.0,0.0
Wari_real_vid.mp4,30.908,715,0,13,0,0,0,0.0,0.0
Wari_real_vid.mp4,30.951,716,0,13,0,0,0,0.0,0.0
Wari_real_vid.mp4,30.994,717,0,13,0,0,0,0.0,0.0
Wari_real_vid.mp4,31.038,718,0,13,0,0,0,0.0,0.0
Wari_real_vid.mp4,31.081,719,0,13,0,0,0,0.0,0.0
Wari_real_vid.mp4,31.124,720,0,13,0,0,0,0.0,0.0
Wari_real_vid.mp4,31.167,721,0,13,0,0,0,0.0,0.0
Wari_real_vid.mp4,31.211,722,0,13,0,0,0,0.0,0.0
Wari_real_vid.mp4,31.254,723,0,13,0,0,0,0.0,0.0
Wari_real_vid.mp4,31.297,724,0,13,0,0,0,0.0,0.0
Wari_real_vid.mp4,31.340,725,0,13,0,0,0,0.0,0.0
Wari_real_vid.mp4,31.384,726,0,13,0,0,0,0.0,0.0
Wari_real_vid.mp4,31.427,727,0,13,0,0,0,0.0,0.0
Wari_real_vid.mp4,31.470,728,0,13,0,0,0,0.0,0.0
Wari_real_vid.mp4,31.513,729,0,13,0,0,0,0.0,0.0
Wari_real_vid.mp4,31.556,730,0,13,0,0,0,0.0,0.0
Wari_real_vid.mp4,31.600,731,0,13,0,0,0,0.0,0.0
Wari_real_vid.mp4,31.643,732,0,13,0,0,0,0.0,0.0
Wari_real_vid.mp4,31.686,733,0,13,0,0,0,0.0,0.0
Wari_real_vid.mp4,31.729,734,0,13,0,0,0,0.0,0.0
Wari_real_vid.mp4,31.773,735,0,13,0,0,0,0.0,0.0
Wari_real_vid.mp4,31.816,736,0,13,0,0,0,0.0,0.0
Wari_real_vid.mp4,31.859,737,0,13,0,0,0,0.0,0.0
Wari_real_vid.mp4,31.902,738,0,13,0,0,0,0.0,0.0
Wari_real_vid.mp4,31.945,739,0,13,0,0,0,0.0,0.0
Wari_real_vid.mp4,31.989,740,0,13,0,0,0,0.0,0.0
Wari_real_vid.mp4,32.032,741,0,13,0,0,0,0.0,0.0
Wari_real_vid.mp4,32.075,742,0,13,0,0,0,0.0,0.0
Wari_real_vid.mp4,32.118,743,0,13,0,0,0,0.0,0.0
Wari_real_vid.mp4,32.162,744,0,13,0,0,0,0.0,0.0
Wari_real_vid.mp4,32.205,745,0,13,0,0,0,0.0,0.0
Wari_real_vid.mp4,32.248,746,0,13,0,0,0,0.0,0.0
Wari_real_vid.mp4,32.291,747,0,13,0,0,0,0.0,0.0
Wari_real_vid.mp4,32.335,748,0,13,0,0,0,0.0,0.0
Wari_real_vid.mp4,32.378,749,0,13,0,0,0,0.0,0.0
Wari_real_vid.mp4,32.421,750,0,13,0,0,0,0.0,0.0
Wari_real_vid.mp4,32.464,751,0,13,0,0,0,0.0,0.0
Wari_real_vid.mp4,32.507,752,0,13,0,0,0,0.0,0.0
Wari_real_vid.mp4,32.551,753,0,13,0,0,0,0.0,0.0
Wari_real_vid.mp4,32.594,754,0,13,0,0,0,0.0,0.0
Wari_real_vid.mp4,32.637,755,1,14,1,0,0,0.4823,0.426
Wari_real_vid.mp4,32.680,756,1,14,1,0,0,0.4823,0.3607
Wari_real_vid.mp4,32.724,757,0,14,0,0,0,0.0,0.0
Wari_real_vid.mp4,32.767,758,0,14,0,0,0,0.0,0.0
Wari_real_vid.mp4,32.810,759,0,14,0,0,0,0.0,0.0
Wari_real_vid.mp4,32.853,760,0,14,0,0,0,0.0,0.0
Wari_real_vid.mp4,32.896,761,0,14,0,0,0,0.0,0.0
Wari_real_vid.mp4,32.940,762,0,14,0,0,0,0.0,0.0
Wari_real_vid.mp4,32.983,763,0,14,0,0,0,0.0,0.0
Wari_real_vid.mp4,33.026,764,0,14,0,0,0,0.0,0.0
Wari_real_vid.mp4,33.069,765,0,14,0,0,0,0.0,0.0
Wari_real_vid.mp4,33.113,766,0,14,0,0,0,0.0,0.0
Wari_real_vid.mp4,33.156,767,0,14,0,0,0,0.0,0.0
Wari_real_vid.mp4,33.199,768,0,14,0,0,0,0.0,0.0
Wari_real_vid.mp4,33.242,769,0,14,0,0,0,0.0,0.0
Wari_real_vid.mp4,33.286,770,0,14,0,0,0,0.0,0.0
Wari_real_vid.mp4,33.329,771,0,14,0,0,0,0.0,0.0
Wari_real_vid.mp4,33.372,772,0,14,0,0,0,0.0,0.0
Wari_real_vid.mp4,33.415,773,0,14,0,0,0,0.0,0.0
Wari_real_vid.mp4,33.458,774,0,14,0,0,0,0.0,0.0
Wari_real_vid.mp4,33.502,775,0,14,0,0,0,0.0,0.0
Wari_real_vid.mp4,33.545,776,0,14,0,0,0,0.0,0.0
Wari_real_vid.mp4,33.588,777,0,14,0,0,0,0.0,0.0
Wari_real_vid.mp4,33.631,778,0,14,0,0,0,0.0,0.0
Wari_real_vid.mp4,33.675,779,0,14,0,0,0,0.0,0.0
Wari_real_vid.mp4,33.718,780,0,14,0,0,0,0.0,0.0
Wari_real_vid.mp4,33.761,781,0,14,0,0,0,0.0,0.0
Wari_real_vid.mp4,33.804,782,0,14,0,0,0,0.0,0.0
Wari_real_vid.mp4,33.848,783,0,14,0,0,0,0.0,0.0
Wari_real_vid.mp4,33.891,784,0,14,0,0,0,0.0,0.0
Wari_real_vid.mp4,33.934,785,0,14,0,0,0,0.0,0.0
Wari_real_vid.mp4,33.977,786,0,14,0,0,0,0.0,0.0
Wari_real_vid.mp4,34.020,787,0,14,0,0,0,0.0,0.0
Wari_real_vid.mp4,34.064,788,0,14,0,0,0,0.0,0.0
Wari_real_vid.mp4,34.107,789,0,14,0,0,0,0.0,0.0
Wari_real_vid.mp4,34.150,790,0,14,0,0,0,0.0,0.0
Wari_real_vid.mp4,34.193,791,0,14,0,0,0,0.0,0.0
Wari_real_vid.mp4,34.237,792,0,14,0,0,0,0.0,0.0
Wari_real_vid.mp4,34.280,793,0,14,0,0,0,0.0,0.0
Wari_real_vid.mp4,34.323,794,0,14,0,0,0,0.0,0.0
Wari_real_vid.mp4,34.366,795,0,14,0,0,0,0.0,0.0
Wari_real_vid.mp4,34.409,796,0,14,0,0,0,0.0,0.0
Wari_real_vid.mp4,34.453,797,0,14,0,0,0,0.0,0.0
Wari_real_vid.mp4,34.496,798,0,14,0,0,0,0.0,0.0
Wari_real_vid.mp4,34.539,799,0,14,0,0,0,0.0,0.0
Wari_real_vid.mp4,34.582,800,0,14,0,0,0,0.0,0.0
Wari_real_vid.mp4,34.626,801,0,14,0,0,0,0.0,0.0
Wari_real_vid.mp4,34.669,802,0,14,0,0,0,0.0,0.0
Wari_real_vid.mp4,34.712,803,0,14,0,0,0,0.0,0.0
Wari_real_vid.mp4,34.755,804,0,14,0,0,0,0.0,0.0
Wari_real_vid.mp4,34.799,805,0,14,0,0,0,0.0,0.0
Wari_real_vid.mp4,34.842,806,0,14,0,0,0,0.0,0.0
Wari_real_vid.mp4,34.885,807,0,14,0,0,0,0.0,0.0
Wari_real_vid.mp4,34.928,808,0,14,0,0,0,0.0,0.0
Wari_real_vid.mp4,34.971,809,0,14,0,0,0,0.0,0.0
Wari_real_vid.mp4,35.015,810,0,14,0,0,0,0.0,0.0
Wari_real_vid.mp4,35.058,811,0,14,0,0,0,0.0,0.0
Wari_real_vid.mp4,35.101,812,0,14,0,0,0,0.0,0.0
Wari_real_vid.mp4,35.144,813,0,14,0,0,0,0.0,0.0
Wari_real_vid.mp4,35.188,814,0,14,0,0,0,0.0,0.0
Wari_real_vid.mp4,35.231,815,0,14,0,0,0,0.0,0.0
Wari_real_vid.mp4,35.274,816,0,14,0,0,0,0.0,0.0
Wari_real_vid.mp4,35.317,817,0,14,0,0,0,0.0,0.0
Wari_real_vid.mp4,35.360,818,0,14,0,0,0,0.0,0.0
Wari_real_vid.mp4,35.404,819,0,14,0,0,0,0.0,0.0
Wari_real_vid.mp4,35.447,820,0,14,0,0,0,0.0,0.0
Wari_real_vid.mp4,35.490,821,0,14,0,0,0,0.0,0.0
Wari_real_vid.mp4,35.533,822,0,14,0,0,0,0.0,0.0
Wari_real_vid.mp4,35.577,823,0,14,0,0,0,0.0,0.0
Wari_real_vid.mp4,35.620,824,0,14,0,0,0,0.0,0.0
Wari_real_vid.mp4,35.663,825,0,14,0,0,0,0.0,0.0
Wari_real_vid.mp4,35.706,826,0,14,0,0,0,0.0,0.0
Wari_real_vid.mp4,35.750,827,0,14,0,0,0,0.0,0.0
Wari_real_vid.mp4,35.793,828,0,14,0,0,0,0.0,0.0
Wari_real_vid.mp4,35.836,829,0,14,0,0,0,0.0,0.0
Wari_real_vid.mp4,35.879,830,0,14,0,0,0,0.0,0.0
Wari_real_vid.mp4,35.922,831,0,14,0,0,0,0.0,0.0
Wari_real_vid.mp4,35.966,832,0,14,0,0,0,0.0,0.0
Wari_real_vid.mp4,36.009,833,0,14,0,0,0,0.0,0.0
Wari_real_vid.mp4,36.052,834,0,14,0,0,0,0.0,0.0
Wari_real_vid.mp4,36.095,835,0,14,0,0,0,0.0,0.0
Wari_real_vid.mp4,36.139,836,0,14,0,0,0,0.0,0.0
Wari_real_vid.mp4,36.182,837,0,14,0,0,0,0.0,0.0
Wari_real_vid.mp4,36.225,838,0,14,0,0,0,0.0,0.0
Wari_real_vid.mp4,36.268,839,0,14,0,0,0,0.0,0.0
Wari_real_vid.mp4,36.311,840,0,14,0,0,0,0.0,0.0
Wari_real_vid.mp4,36.355,841,0,14,0,0,0,0.0,0.0
Wari_real_vid.mp4,36.398,842,0,14,0,0,0,0.0,0.0
Wari_real_vid.mp4,36.441,843,0,14,0,0,0,0.0,0.0
Wari_real_vid.mp4,36.484,844,0,14,0,0,0,0.0,0.0
Wari_real_vid.mp4,36.528,845,0,14,0,0,0,0.0,0.0
Wari_real_vid.mp4,36.571,846,0,14,0,0,0,0.0,0.0
Wari_real_vid.mp4,36.614,847,0,14,0,0,0,0.0,0.0
Wari_real_vid.mp4,36.657,848,0,14,0,0,0,0.0,0.0
Wari_real_vid.mp4,36.701,849,0,14,0,0,0,0.0,0.0
Wari_real_vid.mp4,36.744,850,0,14,0,0,0,0.0,0.0
Wari_real_vid.mp4,36.787,851,0,14,0,0,0,0.0,0.0
Wari_real_vid.mp4,36.830,852,0,14,0,0,0,0.0,0.0
Wari_real_vid.mp4,36.873,853,0,14,0,0,0,0.0,0.0
Wari_real_vid.mp4,36.917,854,0,14,0,0,0,0.0,0.0
Wari_real_vid.mp4,36.960,855,0,14,0,0,0,0.0,0.0
Wari_real_vid.mp4,37.003,856,0,14,0,0,0,0.0,0.0
Wari_real_vid.mp4,37.046,857,0,14,0,0,0,0.0,0.0
Wari_real_vid.mp4,37.090,858,0,14,0,0,0,0.0,0.0
Wari_real_vid.mp4,37.133,859,0,14,0,0,0,0.0,0.0
Wari_real_vid.mp4,37.176,860,0,14,0,0,0,0.0,0.0
Wari_real_vid.mp4,37.219,861,0,14,0,0,0,0.0,0.0
Wari_real_vid.mp4,37.263,862,0,14,0,0,0,0.0,0.0
Wari_real_vid.mp4,37.306,863,0,14,0,0,0,0.0,0.0
Wari_real_vid.mp4,37.349,864,0,14,0,0,0,0.0,0.0
Wari_real_vid.mp4,37.392,865,0,14,0,0,0,0.0,0.0
Wari_real_vid.mp4,37.435,866,0,14,0,0,0,0.0,0.0
Wari_real_vid.mp4,37.479,867,0,14,0,0,0,0.0,0.0
Wari_real_vid.mp4,37.522,868,0,14,0,0,0,0.0,0.0
Wari_real_vid.mp4,37.565,869,0,14,0,0,0,0.0,0.0
Wari_real_vid.mp4,37.608,870,0,14,0,0,0,0.0,0.0
Wari_real_vid.mp4,37.652,871,0,14,0,0,0,0.0,0.0
Wari_real_vid.mp4,37.695,872,0,14,0,0,0,0.0,0.0
Wari_real_vid.mp4,37.738,873,0,14,0,0,0,0.0,0.0
Wari_real_vid.mp4,37.781,874,0,14,0,0,0,0.0,0.0
Wari_real_vid.mp4,37.824,875,0,14,0,0,0,0.0,0.0
Wari_real_vid.mp4,37.868,876,0,14,0,0,0,0.0,0.0
Wari_real_vid.mp4,37.911,877,0,14,0,0,0,0.0,0.0
Wari_real_vid.mp4,37.954,878,0,14,0,0,0,0.0,0.0
Wari_real_vid.mp4,37.997,879,0,14,0,0,0,0.0,0.0
Wari_real_vid.mp4,38.041,880,0,14,0,0,0,0.0,0.0
Wari_real_vid.mp4,38.084,881,0,14,0,0,0,0.0,0.0
Wari_real_vid.mp4,38.127,882,0,14,0,0,0,0.0,0.0
Wari_real_vid.mp4,38.170,883,0,14,0,0,0,0.0,0.0
Wari_real_vid.mp4,38.214,884,0,14,0,0,0,0.0,0.0
Wari_real_vid.mp4,38.257,885,0,14,0,0,0,0.0,0.0
Wari_real_vid.mp4,38.300,886,0,14,0,0,0,0.0,0.0
Wari_real_vid.mp4,38.343,887,0,14,0,0,0,0.0,0.0
Wari_real_vid.mp4,38.386,888,0,14,0,0,0,0.0,0.0
Wari_real_vid.mp4,38.430,889,0,14,0,0,0,0.0,0.0
Wari_real_vid.mp4,38.473,890,0,14,0,0,0,0.0,0.0
Wari_real_vid.mp4,38.516,891,0,14,0,0,0,0.0,0.0
Wari_real_vid.mp4,38.559,892,0,14,0,0,0,0.0,0.0
Wari_real_vid.mp4,38.603,893,0,14,0,0,0,0.0,0.0
Wari_real_vid.mp4,38.646,894,0,14,0,0,0,0.0,0.0
Wari_real_vid.mp4,38.689,895,0,14,0,0,0,0.0,0.0
Wari_real_vid.mp4,38.732,896,0,14,0,0,0,0.0,0.0
Wari_real_vid.mp4,38.775,897,0,14,0,0,0,0.0,0.0
Wari_real_vid.mp4,38.819,898,0,14,0,0,0,0.0,0.0
Wari_real_vid.mp4,38.862,899,0,14,0,0,0,0.0,0.0
Wari_real_vid.mp4,38.905,900,0,14,0,0,0,0.0,0.0
Wari_real_vid.mp4,38.948,901,0,14,0,0,0,0.0,0.0
Wari_real_vid.mp4,38.992,902,0,14,0,0,0,0.0,0.0
Wari_real_vid.mp4,39.035,903,0,14,0,0,0,0.0,0.0
Wari_real_vid.mp4,39.078,904,0,14,0,0,0,0.0,0.0
Wari_real_vid.mp4,39.121,905,0,14,0,0,0,0.0,0.0
Wari_real_vid.mp4,39.165,906,0,14,0,0,0,0.0,0.0
Wari_real_vid.mp4,39.208,907,0,14,0,0,0,0.0,0.0
Wari_real_vid.mp4,39.251,908,0,14,0,0,0,0.0,0.0
Wari_real_vid.mp4,39.294,909,0,14,0,0,0,0.0,0.0
Wari_real_vid.mp4,39.337,910,1,15,1,0,0,0.4823,0.4142
Wari_real_vid.mp4,39.381,911,1,15,1,0,0,0.4823,0.3737
Wari_real_vid.mp4,39.424,912,0,15,0,0,0,0.0,0.0
Wari_real_vid.mp4,39.467,913,0,15,0,0,0,0.0,0.0
Wari_real_vid.mp4,39.510,914,0,15,0,0,0,0.0,0.0
Wari_real_vid.mp4,39.554,915,0,15,0,0,0,0.0,0.0
Wari_real_vid.mp4,39.597,916,1,15,1,0,0,0.4823,0.3695
Wari_real_vid.mp4,39.640,917,1,15,1,0,0,0.4823,0.395
Wari_real_vid.mp4,39.683,918,1,15,1,0,0,0.4823,0.4037
Wari_real_vid.mp4,39.727,919,0,15,0,0,0,0.0,0.0
Wari_real_vid.mp4,39.770,920,0,15,0,0,0,0.0,0.0
Wari_real_vid.mp4,39.813,921,0,15,0,0,0,0.0,0.0
Wari_real_vid.mp4,39.856,922,0,15,0,0,0,0.0,0.0
Wari_real_vid.mp4,39.899,923,0,15,0,0,0,0.0,0.0
Wari_real_vid.mp4,39.943,924,0,15,0,0,0,0.0,0.0
Wari_real_vid.mp4,39.986,925,0,15,0,0,0,0.0,0.0
Wari_real_vid.mp4,40.029,926,0,15,0,0,0,0.0,0.0
Wari_real_vid.mp4,40.072,927,0,15,0,0,0,0.0,0.0
Wari_real_vid.mp4,40.116,928,1,16,1,0,0,0.4823,0.4912
Wari_real_vid.mp4,40.159,929,1,16,1,0,0,0.4823,0.4775
Wari_real_vid.mp4,40.202,930,1,16,1,0,0,0.4823,0.3977
Wari_real_vid.mp4,40.245,931,1,16,1,0,0,0.4823,0.3553
Wari_real_vid.mp4,40.288,932,0,16,0,0,0,0.0,0.0
Wari_real_vid.mp4,40.332,933,0,16,0,0,0,0.0,0.0
Wari_real_vid.mp4,40.375,934,0,16,0,0,0,0.0,0.0
Wari_real_vid.mp4,40.418,935,0,16,0,0,0,0.0,0.0
Wari_real_vid.mp4,40.461,936,0,16,0,0,0,0.0,0.0
Wari_real_vid.mp4,40.505,937,0,16,0,0,0,0.0,0.0
Wari_real_vid.mp4,40.548,938,0,16,0,0,0,0.0,0.0
Wari_real_vid.mp4,40.591,939,1,17,1,0,0,0.4823,0.3502
Wari_real_vid.mp4,40.634,940,0,17,0,0,0,0.0,0.0
Wari_real_vid.mp4,40.678,941,0,17,0,0,0,0.0,0.0
Wari_real_vid.mp4,40.721,942,0,17,0,0,0,0.0,0.0
Wari_real_vid.mp4,40.764,943,0,17,0,0,0,0.0,0.0
Wari_real_vid.mp4,40.807,944,0,17,0,0,0,0.0,0.0
Wari_real_vid.mp4,40.850,945,0,17,0,0,0,0.0,0.0
Wari_real_vid.mp4,40.894,946,0,17,0,0,0,0.0,0.0
Wari_real_vid.mp4,40.937,947,1,18,1,0,0,0.4823,0.3983
Wari_real_vid.mp4,40.980,948,0,18,0,0,0,0.0,0.0
Wari_real_vid.mp4,41.023,949,1,18,1,0,0,0.4823,0.4424
Wari_real_vid.mp4,41.067,950,0,18,0,0,0,0.0,0.0
Wari_real_vid.mp4,41.110,951,0,18,0,0,0,0.0,0.0
Wari_real_vid.mp4,41.153,952,0,18,0,0,0,0.0,0.0
Wari_real_vid.mp4,41.196,953,0,18,0,0,0,0.0,0.0
Wari_real_vid.mp4,41.239,954,0,18,0,0,0,0.0,0.0
Wari_real_vid.mp4,41.283,955,0,18,0,0,0,0.0,0.0
Wari_real_vid.mp4,41.326,956,0,18,0,0,0,0.0,0.0
Wari_real_vid.mp4,41.369,957,0,18,0,0,0,0.0,0.0
Wari_real_vid.mp4,41.412,958,0,18,0,0,0,0.0,0.0
Wari_real_vid.mp4,41.456,959,0,18,0,0,0,0.0,0.0
Wari_real_vid.mp4,41.499,960,0,18,0,0,0,0.0,0.0
Wari_real_vid.mp4,41.542,961,0,18,0,0,0,0.0,0.0
Wari_real_vid.mp4,41.585,962,0,18,0,0,0,0.0,0.0
Wari_real_vid.mp4,41.629,963,1,19,1,0,0,0.4823,0.4552
Wari_real_vid.mp4,41.672,964,1,19,1,0,0,0.4823,0.511
Wari_real_vid.mp4,41.715,965,1,19,1,0,0,0.4823,0.6271
Wari_real_vid.mp4,41.758,966,1,19,1,0,0,0.4823,0.4408
Wari_real_vid.mp4,41.801,967,1,19,1,0,0,0.4823,0.3702
Wari_real_vid.mp4,41.845,968,1,19,1,0,0,0.4823,0.4501
Wari_real_vid.mp4,41.888,969,0,19,0,0,0,0.0,0.0
Wari_real_vid.mp4,41.931,970,1,19,1,0,0,0.4823,0.4831
Wari_real_vid.mp4,41.974,971,1,19,1,0,0,0.4823,0.4463
Wari_real_vid.mp4,42.018,972,1,19,1,0,0,0.4823,0.5185
Wari_real_vid.mp4,42.061,973,1,19,1,0,0,0.4823,0.4688
Wari_real_vid.mp4,42.104,974,1,19,1,0,0,0.4823,0.6196
Wari_real_vid.mp4,42.147,975,1,19,1,0,0,0.4823,0.4602
Wari_real_vid.mp4,42.191,976,1,19,1,0,0,0.4823,0.5089
Wari_real_vid.mp4,42.234,977,1,19,1,0,0,0.4823,0.4457
Wari_real_vid.mp4,42.277,978,1,19,1,0,0,0.4823,0.5641
Wari_real_vid.mp4,42.320,979,1,19,1,0,0,0.4823,0.6561
Wari_real_vid.mp4,42.363,980,2,20,2,0,0,0.9645,0.5221
Wari_real_vid.mp4,42.407,981,2,20,2,0,0,0.9645,0.5025
Wari_real_vid.mp4,42.450,982,2,20,2,0,0,0.9645,0.47
Wari_real_vid.mp4,42.493,983,1,20,1,0,0,0.4823,0.3952
Wari_real_vid.mp4,42.536,984,1,20,1,0,0,0.4823,0.375
Wari_real_vid.mp4,42.580,985,0,20,0,0,0,0.0,0.0
Wari_real_vid.mp4,42.623,986,1,20,1,0,0,0.4823,0.4325
Wari_real_vid.mp4,42.666,987,1,20,1,0,0,0.4823,0.4096
Wari_real_vid.mp4,42.709,988,0,20,0,0,0,0.0,0.0
Wari_real_vid.mp4,42.752,989,0,20,0,0,0,0.0,0.0
Wari_real_vid.mp4,42.796,990,0,20,0,0,0,0.0,0.0
Wari_real_vid.mp4,42.839,991,1,20,1,0,0,0.4823,0.3772
Wari_real_vid.mp4,42.882,992,0,20,0,0,0,0.0,0.0
Wari_real_vid.mp4,42.925,993,0,20,0,0,0,0.0,0.0
Wari_real_vid.mp4,42.969,994,0,20,0,0,0,0.0,0.0
Wari_real_vid.mp4,43.012,995,0,20,0,0,0,0.0,0.0
Wari_real_vid.mp4,43.055,996,0,20,0,0,0,0.0,0.0
Wari_real_vid.mp4,43.098,997,0,20,0,0,0,0.0,0.0
Wari_real_vid.mp4,43.142,998,0,20,0,0,0,0.0,0.0
Wari_real_vid.mp4,43.185,999,0,20,0,0,0,0.0,0.0
Wari_real_vid.mp4,43.228,1000,0,20,0,0,0,0.0,0.0
Wari_real_vid.mp4,43.271,1001,0,20,0,0,0,0.0,0.0
Wari_real_vid.mp4,43.314,1002,0,20,0,0,0,0.0,0.0
Wari_real_vid.mp4,43.358,1003,0,20,0,0,0,0.0,0.0
Wari_real_vid.mp4,43.401,1004,0,20,0,0,0,0.0,0.0
Wari_real_vid.mp4,43.444,1005,0,20,0,0,0,0.0,0.0
Wari_real_vid.mp4,43.487,1006,0,20,0,0,0,0.0,0.0
Wari_real_vid.mp4,43.531,1007,0,20,0,0,0,0.0,0.0
Wari_real_vid.mp4,43.574,1008,0,20,0,0,0,0.0,0.0
Wari_real_vid.mp4,43.617,1009,0,20,0,0,0,0.0,0.0
Wari_real_vid.mp4,43.660,1010,0,20,0,0,0,0.0,0.0
Wari_real_vid.mp4,43.703,1011,0,20,0,0,0,0.0,0.0
Wari_real_vid.mp4,43.747,1012,0,20,0,0,0,0.0,0.0
Wari_real_vid.mp4,43.790,1013,1,21,1,0,0,0.4823,0.5078
Wari_real_vid.mp4,43.833,1014,1,21,1,0,0,0.4823,0.5475
Wari_real_vid.mp4,43.876,1015,1,21,1,0,0,0.4823,0.4933
Wari_real_vid.mp4,43.920,1016,1,21,1,0,0,0.4823,0.5389
Wari_real_vid.mp4,43.963,1017,1,21,1,0,0,0.4823,0.6015
Wari_real_vid.mp4,44.006,1018,1,21,1,0,0,0.4823,0.6065
Wari_real_vid.mp4,44.049,1019,1,21,1,0,0,0.4823,0.5545
Wari_real_vid.mp4,44.093,1020,1,21,1,0,0,0.4823,0.5067
Wari_real_vid.mp4,44.136,1021,1,21,1,0,0,0.4823,0.4842
Wari_real_vid.mp4,44.179,1022,1,21,1,0,0,0.4823,0.5019
Wari_real_vid.mp4,44.222,1023,1,21,1,0,0,0.4823,0.5934
Wari_real_vid.mp4,44.265,1024,1,21,1,0,0,0.4823,0.6341
Wari_real_vid.mp4,44.309,1025,1,21,1,0,0,0.4823,0.6575
Wari_real_vid.mp4,44.352,1026,1,21,1,0,0,0.4823,0.6717
Wari_real_vid.mp4,44.395,1027,1,21,1,0,0,0.4823,0.5236
Wari_real_vid.mp4,44.438,1028,1,21,1,0,0,0.4823,0.4815
Wari_real_vid.mp4,44.482,1029,1,21,1,0,0,0.4823,0.5169
Wari_real_vid.mp4,44.525,1030,1,21,1,0,0,0.4823,0.5737
Wari_real_vid.mp4,44.568,1031,1,21,1,0,0,0.4823,0.5624
Wari_real_vid.mp4,44.611,1032,1,21,1,0,0,0.4823,0.4836
Wari_real_vid.mp4,44.654,1033,1,21,1,0,0,0.4823,0.5025
Wari_real_vid.mp4,44.698,1034,1,21,1,0,0,0.4823,0.5497
Wari_real_vid.mp4,44.741,1035,1,21,1,0,0,0.4823,0.5496
Wari_real_vid.mp4,44.784,1036,1,21,1,0,0,0.4823,0.6006
Wari_real_vid.mp4,44.827,1037,1,21,1,0,0,0.4823,0.5636
Wari_real_vid.mp4,44.871,1038,1,21,1,0,0,0.4823,0.4879
Wari_real_vid.mp4,44.914,1039,1,21,1,0,0,0.4823,0.4161
Wari_real_vid.mp4,44.957,1040,0,21,0,0,0,0.0,0.0
Wari_real_vid.mp4,45.000,1041,1,22,1,0,0,0.4823,0.4153
Wari_real_vid.mp4,45.044,1042,1,22,1,0,0,0.4823,0.4661
Wari_real_vid.mp4,45.087,1043,1,22,1,0,0,0.4823,0.5667
Wari_real_vid.mp4,45.130,1044,1,22,1,0,0,0.4823,0.3894
Wari_real_vid.mp4,45.173,1045,1,22,1,0,0,0.4823,0.5439
Wari_real_vid.mp4,45.216,1046,2,22,2,0,0,0.9645,0.4683
Wari_real_vid.mp4,45.260,1047,1,22,1,0,0,0.4823,0.432
Wari_real_vid.mp4,45.303,1048,1,22,1,0,0,0.4823,0.4088
Wari_real_vid.mp4,45.346,1049,0,22,0,0,0,0.0,0.0
Wari_real_vid.mp4,45.389,1050,1,22,1,0,0,0.4823,0.3621
Wari_real_vid.mp4,45.433,1051,1,22,1,0,0,0.4823,0.3991
Wari_real_vid.mp4,45.476,1052,0,22,0,0,0,0.0,0.0
Wari_real_vid.mp4,45.519,1053,0,22,0,0,0,0.0,0.0
Wari_real_vid.mp4,45.562,1054,0,22,0,0,0,0.0,0.0
Wari_real_vid.mp4,45.606,1055,0,22,0,0,0,0.0,0.0
Wari_real_vid.mp4,45.649,1056,0,22,0,0,0,0.0,0.0
Wari_real_vid.mp4,45.692,1057,0,22,0,0,0,0.0,0.0
Wari_real_vid.mp4,45.735,1058,0,22,0,0,0,0.0,0.0
Wari_real_vid.mp4,45.778,1059,0,22,0,0,0,0.0,0.0
Wari_real_vid.mp4,45.822,1060,1,22,1,0,0,0.4823,0.4261
Wari_real_vid.mp4,45.865,1061,0,22,0,0,0,0.0,0.0
Wari_real_vid.mp4,45.908,1062,1,23,1,0,0,0.4823,0.3913
Wari_real_vid.mp4,45.951,1063,0,23,0,0,0,0.0,0.0
Wari_real_vid.mp4,45.995,1064,0,23,0,0,0,0.0,0.0
Wari_real_vid.mp4,46.038,1065,0,23,0,0,0,0.0,0.0
Wari_real_vid.mp4,46.081,1066,0,23,0,0,0,0.0,0.0
Wari_real_vid.mp4,46.124,1067,0,23,0,0,0,0.0,0.0
Wari_real_vid.mp4,46.167,1068,1,24,1,0,0,0.4823,0.4847
Wari_real_vid.mp4,46.211,1069,1,24,1,0,0,0.4823,0.4813
Wari_real_vid.mp4,46.254,1070,1,24,1,0,0,0.4823,0.3539
Wari_real_vid.mp4,46.297,1071,1,24,1,0,0,0.4823,0.3518
Wari_real_vid.mp4,46.340,1072,0,24,0,0,0,0.0,0.0
Wari_real_vid.mp4,46.384,1073,0,24,0,0,0,0.0,0.0
Wari_real_vid.mp4,46.427,1074,0,24,0,0,0,0.0,0.0
Wari_real_vid.mp4,46.470,1075,0,24,0,0,0,0.0,0.0
Wari_real_vid.mp4,46.513,1076,0,24,0,0,0,0.0,0.0
Wari_real_vid.mp4,46.557,1077,0,24,0,0,0,0.0,0.0
Wari_real_vid.mp4,46.600,1078,0,24,0,0,0,0.0,0.0
Wari_real_vid.mp4,46.643,1079,0,24,0,0,0,0.0,0.0
Wari_real_vid.mp4,46.686,1080,0,24,0,0,0,0.0,0.0
Wari_real_vid.mp4,46.729,1081,0,24,0,0,0,0.0,0.0
Wari_real_vid.mp4,46.773,1082,0,24,0,0,0,0.0,0.0
Wari_real_vid.mp4,46.816,1083,0,24,0,0,0,0.0,0.0
Wari_real_vid.mp4,46.859,1084,0,24,0,0,0,0.0,0.0
Wari_real_vid.mp4,46.902,1085,0,24,0,0,0,0.0,0.0
Wari_real_vid.mp4,46.946,1086,0,24,0,0,0,0.0,0.0
Wari_real_vid.mp4,46.989,1087,0,24,0,0,0,0.0,0.0
Wari_real_vid.mp4,47.032,1088,0,24,0,0,0,0.0,0.0
Wari_real_vid.mp4,47.075,1089,0,24,0,0,0,0.0,0.0
Wari_real_vid.mp4,47.118,1090,0,24,0,0,0,0.0,0.0
Wari_real_vid.mp4,47.162,1091,0,24,0,0,0,0.0,0.0
Wari_real_vid.mp4,47.205,1092,0,24,0,0,0,0.0,0.0
Wari_real_vid.mp4,47.248,1093,0,24,0,0,0,0.0,0.0
Wari_real_vid.mp4,47.291,1094,0,24,0,0,0,0.0,0.0
Wari_real_vid.mp4,47.335,1095,0,24,0,0,0,0.0,0.0
Wari_real_vid.mp4,47.378,1096,0,24,0,0,0,0.0,0.0
Wari_real_vid.mp4,47.421,1097,0,24,0,0,0,0.0,0.0
Wari_real_vid.mp4,47.464,1098,0,24,0,0,0,0.0,0.0
Wari_real_vid.mp4,47.508,1099,0,24,0,0,0,0.0,0.0
Wari_real_vid.mp4,47.551,1100,0,24,0,0,0,0.0,0.0
Wari_real_vid.mp4,47.594,1101,0,24,0,0,0,0.0,0.0
Wari_real_vid.mp4,47.637,1102,0,24,0,0,0,0.0,0.0
Wari_real_vid.mp4,47.680,1103,0,24,0,0,0,0.0,0.0
Wari_real_vid.mp4,47.724,1104,0,24,0,0,0,0.0,0.0
Wari_real_vid.mp4,47.767,1105,0,24,0,0,0,0.0,0.0
Wari_real_vid.mp4,47.810,1106,0,24,0,0,0,0.0,0.0
Wari_real_vid.mp4,47.853,1107,1,25,1,0,0,0.4823,0.3645
Wari_real_vid.mp4,47.897,1108,1,25,1,0,0,0.4823,0.3664
Wari_real_vid.mp4,47.940,1109,0,25,0,0,0,0.0,0.0
Wari_real_vid.mp4,47.983,1110,0,25,0,0,0,0.0,0.0
Wari_real_vid.mp4,48.026,1111,0,25,0,0,0,0.0,0.0
Wari_real_vid.mp4,48.070,1112,0,25,0,0,0,0.0,0.0
Wari_real_vid.mp4,48.113,1113,0,25,0,0,0,0.0,0.0
Wari_real_vid.mp4,48.156,1114,0,25,0,0,0,0.0,0.0
Wari_real_vid.mp4,48.199,1115,0,25,0,0,0,0.0,0.0
Wari_real_vid.mp4,48.242,1116,0,25,0,0,0,0.0,0.0
Wari_real_vid.mp4,48.286,1117,0,25,0,0,0,0.0,0.0
Wari_real_vid.mp4,48.329,1118,0,25,0,0,0,0.0,0.0
Wari_real_vid.mp4,48.372,1119,0,25,0,0,0,0.0,0.0
Wari_real_vid.mp4,48.415,1120,0,25,0,0,0,0.0,0.0
Wari_real_vid.mp4,48.459,1121,0,25,0,0,0,0.0,0.0
Wari_real_vid.mp4,48.502,1122,0,25,0,0,0,0.0,0.0
Wari_real_vid.mp4,48.545,1123,0,25,0,0,0,0.0,0.0
Wari_real_vid.mp4,48.588,1124,0,25,0,0,0,0.0,0.0
Wari_real_vid.mp4,48.631,1125,0,25,0,0,0,0.0,0.0
Wari_real_vid.mp4,48.675,1126,0,25,0,0,0,0.0,0.0
Wari_real_vid.mp4,48.718,1127,0,25,0,0,0,0.0,0.0
Wari_real_vid.mp4,48.761,1128,0,25,0,0,0,0.0,0.0
Wari_real_vid.mp4,48.804,1129,0,25,0,0,0,0.0,0.0
Wari_real_vid.mp4,48.848,1130,0,25,0,0,0,0.0,0.0
Wari_real_vid.mp4,48.891,1131,0,25,0,0,0,0.0,0.0
Wari_real_vid.mp4,48.934,1132,0,25,0,0,0,0.0,0.0
Wari_real_vid.mp4,48.977,1133,0,25,0,0,0,0.0,0.0
Wari_real_vid.mp4,49.021,1134,1,26,1,0,0,0.4823,0.4417
Wari_real_vid.mp4,49.064,1135,1,26,1,0,0,0.4823,0.4066
Wari_real_vid.mp4,49.107,1136,1,26,1,0,0,0.4823,0.3757
Wari_real_vid.mp4,49.150,1137,1,26,1,0,0,0.4823,0.3647
Wari_real_vid.mp4,49.193,1138,0,26,0,0,0,0.0,0.0
Wari_real_vid.mp4,49.237,1139,0,26,0,0,0,0.0,0.0
Wari_real_vid.mp4,49.280,1140,0,26,0,0,0,0.0,0.0
Wari_real_vid.mp4,49.323,1141,0,26,0,0,0,0.0,0.0
Wari_real_vid.mp4,49.366,1142,0,26,0,0,0,0.0,0.0
Wari_real_vid.mp4,49.410,1143,0,26,0,0,0,0.0,0.0
Wari_real_vid.mp4,49.453,1144,0,26,0,0,0,0.0,0.0
Wari_real_vid.mp4,49.496,1145,0,26,0,0,0,0.0,0.0
Wari_real_vid.mp4,49.539,1146,1,26,1,0,0,0.4823,0.3568
Wari_real_vid.mp4,49.582,1147,0,26,0,0,0,0.0,0.0
Wari_real_vid.mp4,49.626,1148,1,26,1,0,0,0.4823,0.3675
Wari_real_vid.mp4,49.669,1149,1,26,1,0,0,0.4823,0.4149
Wari_real_vid.mp4,49.712,1150,1,26,1,0,0,0.4823,0.4513
Wari_real_vid.mp4,49.755,1151,1,26,1,0,0,0.4823,0.4352
Wari_real_vid.mp4,49.799,1152,1,26,1,0,0,0.4823,0.4345
Wari_real_vid.mp4,49.842,1153,0,26,0,0,0,0.0,0.0
Wari_real_vid.mp4,49.885,1154,1,26,1,0,0,0.4823,0.3608
Wari_real_vid.mp4,49.928,1155,0,26,0,0,0,0.0,0.0
Wari_real_vid.mp4,49.972,1156,0,26,0,0,0,0.0,0.0
Wari_real_vid.mp4,50.015,1157,0,26,0,0,0,0.0,0.0
Wari_real_vid.mp4,50.058,1158,0,26,0,0,0,0.0,0.0
Wari_real_vid.mp4,50.101,1159,0,26,0,0,0,0.0,0.0
Wari_real_vid.mp4,50.144,1160,0,26,0,0,0,0.0,0.0
Wari_real_vid.mp4,50.188,1161,1,26,1,0,0,0.4823,0.3631
Wari_real_vid.mp4,50.231,1162,0,26,0,0,0,0.0,0.0
Wari_real_vid.mp4,50.274,1163,1,26,1,0,0,0.4823,0.3689
Wari_real_vid.mp4,50.317,1164,1,26,1,0,0,0.4823,0.4069
Wari_real_vid.mp4,50.361,1165,1,26,1,0,0,0.4823,0.3754
Wari_real_vid.mp4,50.404,1166,1,26,1,0,0,0.4823,0.3678
Wari_real_vid.mp4,50.447,1167,1,26,1,0,0,0.4823,0.3515
Wari_real_vid.mp4,50.490,1168,0,26,0,0,0,0.0,0.0
Wari_real_vid.mp4,50.534,1169,0,26,0,0,0,0.0,0.0
Wari_real_vid.mp4,50.577,1170,0,26,0,0,0,0.0,0.0
Wari_real_vid.mp4,50.620,1171,0,26,0,0,0,0.0,0.0
Wari_real_vid.mp4,50.663,1172,0,26,0,0,0,0.0,0.0
Wari_real_vid.mp4,50.706,1173,0,26,0,0,0,0.0,0.0
Wari_real_vid.mp4,50.750,1174,0,26,0,0,0,0.0,0.0
Wari_real_vid.mp4,50.793,1175,0,26,0,0,0,0.0,0.0
Wari_real_vid.mp4,50.836,1176,0,26,0,0,0,0.0,0.0
Wari_real_vid.mp4,50.879,1177,0,26,0,0,0,0.0,0.0
Wari_real_vid.mp4,50.923,1178,0,26,0,0,0,0.0,0.0
Wari_real_vid.mp4,50.966,1179,0,26,0,0,0,0.0,0.0
Wari_real_vid.mp4,51.009,1180,0,26,0,0,0,0.0,0.0
Wari_real_vid.mp4,51.052,1181,1,27,1,0,0,0.4823,0.3658
Wari_real_vid.mp4,51.095,1182,0,27,0,0,0,0.0,0.0
Wari_real_vid.mp4,51.139,1183,0,27,0,0,0,0.0,0.0
Wari_real_vid.mp4,51.182,1184,0,27,0,0,0,0.0,0.0
Wari_real_vid.mp4,51.225,1185,0,27,0,0,0,0.0,0.0
Wari_real_vid.mp4,51.268,1186,0,27,0,0,0,0.0,0.0
Wari_real_vid.mp4,51.312,1187,1,27,1,0,0,0.4823,0.3789
Wari_real_vid.mp4,51.355,1188,1,27,1,0,0,0.4823,0.3916
Wari_real_vid.mp4,51.398,1189,0,27,0,0,0,0.0,0.0
Wari_real_vid.mp4,51.441,1190,0,27,0,0,0,0.0,0.0
Wari_real_vid.mp4,51.485,1191,0,27,0,0,0,0.0,0.0
Wari_real_vid.mp4,51.528,1192,0,27,0,0,0,0.0,0.0
Wari_real_vid.mp4,51.571,1193,0,27,0,0,0,0.0,0.0
Wari_real_vid.mp4,51.614,1194,0,27,0,0,0,0.0,0.0
Wari_real_vid.mp4,51.657,1195,0,27,0,0,0,0.0,0.0
Wari_real_vid.mp4,51.701,1196,0,27,0,0,0,0.0,0.0
Wari_real_vid.mp4,51.744,1197,0,27,0,0,0,0.0,0.0
Wari_real_vid.mp4,51.787,1198,0,27,0,0,0,0.0,0.0
Wari_real_vid.mp4,51.830,1199,0,27,0,0,0,0.0,0.0
Wari_real_vid.mp4,51.874,1200,0,27,0,0,0,0.0,0.0
Wari_real_vid.mp4,51.917,1201,0,27,0,0,0,0.0,0.0
Wari_real_vid.mp4,51.960,1202,0,27,0,0,0,0.0,0.0
Wari_real_vid.mp4,52.003,1203,0,27,0,0,0,0.0,0.0
Wari_real_vid.mp4,52.046,1204,0,27,0,0,0,0.0,0.0
Wari_real_vid.mp4,52.090,1205,0,27,0,0,0,0.0,0.0
Wari_real_vid.mp4,52.133,1206,0,27,0,0,0,0.0,0.0
Wari_real_vid.mp4,52.176,1207,0,27,0,0,0,0.0,0.0
Wari_real_vid.mp4,52.219,1208,0,27,0,0,0,0.0,0.0
Wari_real_vid.mp4,52.263,1209,0,27,0,0,0,0.0,0.0
Wari_real_vid.mp4,52.306,1210,0,27,0,0,0,0.0,0.0
Wari_real_vid.mp4,52.349,1211,0,27,0,0,0,0.0,0.0
Wari_real_vid.mp4,52.392,1212,0,27,0,0,0,0.0,0.0
Wari_real_vid.mp4,52.436,1213,0,27,0,0,0,0.0,0.0
Wari_real_vid.mp4,52.479,1214,0,27,0,0,0,0.0,0.0
Wari_real_vid.mp4,52.522,1215,0,27,0,0,0,0.0,0.0
Wari_real_vid.mp4,52.565,1216,0,27,0,0,0,0.0,0.0
Wari_real_vid.mp4,52.608,1217,0,27,0,0,0,0.0,0.0
Wari_real_vid.mp4,52.652,1218,0,27,0,0,0,0.0,0.0
Wari_real_vid.mp4,52.695,1219,0,27,0,0,0,0.0,0.0
Wari_real_vid.mp4,52.738,1220,0,27,0,0,0,0.0,0.0
Wari_real_vid.mp4,52.781,1221,0,27,0,0,0,0.0,0.0
Wari_real_vid.mp4,52.825,1222,0,27,0,0,0,0.0,0.0
Wari_real_vid.mp4,52.868,1223,0,27,0,0,0,0.0,0.0
Wari_real_vid.mp4,52.911,1224,0,27,0,0,0,0.0,0.0
Wari_real_vid.mp4,52.954,1225,0,27,0,0,0,0.0,0.0
Wari_real_vid.mp4,52.997,1226,0,27,0,0,0,0.0,0.0
Wari_real_vid.mp4,53.041,1227,0,27,0,0,0,0.0,0.0
Wari_real_vid.mp4,53.084,1228,0,27,0,0,0,0.0,0.0
Wari_real_vid.mp4,53.127,1229,0,27,0,0,0,0.0,0.0
Wari_real_vid.mp4,53.170,1230,0,27,0,0,0,0.0,0.0
Wari_real_vid.mp4,53.214,1231,0,27,0,0,0,0.0,0.0
Wari_real_vid.mp4,53.257,1232,0,27,0,0,0,0.0,0.0
Wari_real_vid.mp4,53.300,1233,0,27,0,0,0,0.0,0.0
Wari_real_vid.mp4,53.343,1234,0,27,0,0,0,0.0,0.0
Wari_real_vid.mp4,53.387,1235,0,27,0,0,0,0.0,0.0
Wari_real_vid.mp4,53.430,1236,0,27,0,0,0,0.0,0.0
Wari_real_vid.mp4,53.473,1237,0,27,0,0,0,0.0,0.0
Wari_real_vid.mp4,53.516,1238,0,27,0,0,0,0.0,0.0
Wari_real_vid.mp4,53.559,1239,0,27,0,0,0,0.0,0.0
Wari_real_vid.mp4,53.603,1240,0,27,0,0,0,0.0,0.0
Wari_real_vid.mp4,53.646,1241,0,27,0,0,0,0.0,0.0
Wari_real_vid.mp4,53.689,1242,0,27,0,0,0,0.0,0.0
Wari_real_vid.mp4,53.732,1243,0,27,0,0,0,0.0,0.0
Wari_real_vid.mp4,53.776,1244,0,27,0,0,0,0.0,0.0
Wari_real_vid.mp4,53.819,1245,0,27,0,0,0,0.0,0.0
Wari_real_vid.mp4,53.862,1246,0,27,0,0,0,0.0,0.0
Wari_real_vid.mp4,53.905,1247,0,27,0,0,0,0.0,0.0
Wari_real_vid.mp4,53.949,1248,0,27,0,0,0,0.0,0.0
Wari_real_vid.mp4,53.992,1249,0,27,0,0,0,0.0,0.0
Wari_real_vid.mp4,54.035,1250,0,27,0,0,0,0.0,0.0
Wari_real_vid.mp4,54.078,1251,0,27,0,0,0,0.0,0.0
Wari_real_vid.mp4,54.121,1252,0,27,0,0,0,0.0,0.0
Wari_real_vid.mp4,54.165,1253,0,27,0,0,0,0.0,0.0
Wari_real_vid.mp4,54.208,1254,0,27,0,0,0,0.0,0.0
Wari_real_vid.mp4,54.251,1255,0,27,0,0,0,0.0,0.0
Wari_real_vid.mp4,54.294,1256,0,27,0,0,0,0.0,0.0
Wari_real_vid.mp4,54.338,1257,0,27,0,0,0,0.0,0.0
Wari_real_vid.mp4,54.381,1258,0,27,0,0,0,0.0,0.0
Wari_real_vid.mp4,54.424,1259,0,27,0,0,0,0.0,0.0
Wari_real_vid.mp4,54.467,1260,0,27,0,0,0,0.0,0.0
Wari_real_vid.mp4,54.510,1261,0,27,0,0,0,0.0,0.0
Wari_real_vid.mp4,54.554,1262,0,27,0,0,0,0.0,0.0
Wari_real_vid.mp4,54.597,1263,1,28,1,0,0,0.4823,0.3967
Wari_real_vid.mp4,54.640,1264,0,28,0,0,0,0.0,0.0
Wari_real_vid.mp4,54.683,1265,0,28,0,0,0,0.0,0.0
Wari_real_vid.mp4,54.727,1266,0,28,0,0,0,0.0,0.0
Wari_real_vid.mp4,54.770,1267,1,28,1,0,0,0.4823,0.3675
Wari_real_vid.mp4,54.813,1268,1,28,1,0,0,0.4823,0.3908
Wari_real_vid.mp4,54.856,1269,0,28,0,0,0,0.0,0.0
Wari_real_vid.mp4,54.900,1270,0,28,0,0,0,0.0,0.0
Wari_real_vid.mp4,54.943,1271,0,28,0,0,0,0.0,0.0
Wari_real_vid.mp4,54.986,1272,0,28,0,0,0,0.0,0.0
Wari_real_vid.mp4,55.029,1273,0,28,0,0,0,0.0,0.0
Wari_real_vid.mp4,55.072,1274,0,28,0,0,0,0.0,0.0
Wari_real_vid.mp4,55.116,1275,0,28,0,0,0,0.0,0.0
Wari_real_vid.mp4,55.159,1276,0,28,0,0,0,0.0,0.0
Wari_real_vid.mp4,55.202,1277,0,28,0,0,0,0.0,0.0
Wari_real_vid.mp4,55.245,1278,0,28,0,0,0,0.0,0.0
Wari_real_vid.mp4,55.289,1279,0,28,0,0,0,0.0,0.0
Wari_real_vid.mp4,55.332,1280,0,28,0,0,0,0.0,0.0
Wari_real_vid.mp4,55.375,1281,0,28,0,0,0,0.0,0.0
Wari_real_vid.mp4,55.418,1282,0,28,0,0,0,0.0,0.0
Wari_real_vid.mp4,55.461,1283,0,28,0,0,0,0.0,0.0
Wari_real_vid.mp4,55.505,1284,0,28,0,0,0,0.0,0.0
Wari_real_vid.mp4,55.548,1285,0,28,0,0,0,0.0,0.0
Wari_real_vid.mp4,55.591,1286,1,28,1,0,0,0.4823,0.3524
Wari_real_vid.mp4,55.634,1287,0,28,0,0,0,0.0,0.0
Wari_real_vid.mp4,55.678,1288,0,28,0,0,0,0.0,0.0
Wari_real_vid.mp4,55.721,1289,0,28,0,0,0,0.0,0.0
Wari_real_vid.mp4,55.764,1290,0,28,0,0,0,0.0,0.0
Wari_real_vid.mp4,55.807,1291,0,28,0,0,0,0.0,0.0
Wari_real_vid.mp4,55.851,1292,0,28,0,0,0,0.0,0.0
Wari_real_vid.mp4,55.894,1293,0,28,0,0,0,0.0,0.0
Wari_real_vid.mp4,55.937,1294,0,28,0,0,0,0.0,0.0
Wari_real_vid.mp4,55.980,1295,1,28,1,0,0,0.4823,0.3648
Wari_real_vid.mp4,56.023,1296,1,28,1,0,0,0.4823,0.3703
Wari_real_vid.mp4,56.067,1297,1,28,1,0,0,0.4823,0.377
Wari_real_vid.mp4,56.110,1298,1,28,1,0,0,0.4823,0.3546
Wari_real_vid.mp4,56.153,1299,1,28,1,0,0,0.4823,0.3898
Wari_real_vid.mp4,56.196,1300,1,28,1,0,0,0.4823,0.3886
Wari_real_vid.mp4,56.240,1301,1,28,1,0,0,0.4823,0.3669
Wari_real_vid.mp4,56.283,1302,1,29,1,0,0,0.4823,0.3535
Wari_real_vid.mp4,56.326,1303,2,29,2,0,0,0.9645,0.4039
Wari_real_vid.mp4,56.369,1304,2,29,2,0,0,0.9645,0.3917
Wari_real_vid.mp4,56.413,1305,1,29,1,0,0,0.4823,0.3664
Wari_real_vid.mp4,56.456,1306,0,29,0,0,0,0.0,0.0
Wari_real_vid.mp4,56.499,1307,0,29,0,0,0,0.0,0.0
Wari_real_vid.mp4,56.542,1308,0,29,0,0,0,0.0,0.0
Wari_real_vid.mp4,56.585,1309,0,29,0,0,0,0.0,0.0
Wari_real_vid.mp4,56.629,1310,1,30,1,0,0,0.4823,0.3916
Wari_real_vid.mp4,56.672,1311,1,30,1,0,0,0.4823,0.4086
Wari_real_vid.mp4,56.715,1312,1,30,1,0,0,0.4823,0.4311
Wari_real_vid.mp4,56.758,1313,1,30,1,0,0,0.4823,0.4339
Wari_real_vid.mp4,56.802,1314,3,32,3,0,0,1.4468,0.4174
Wari_real_vid.mp4,56.845,1315,2,32,2,0,0,0.9645,0.4374
Wari_real_vid.mp4,56.888,1316,4,33,4,0,0,1.929,0.4159
Wari_real_vid.mp4,56.931,1317,4,33,4,0,0,1.929,0.4437
Wari_real_vid.mp4,56.974,1318,3,33,3,0,0,1.4468,0.4194
Wari_real_vid.mp4,57.018,1319,3,33,3,0,0,1.4468,0.398
Wari_real_vid.mp4,57.061,1320,4,33,4,0,0,1.929,0.3807
Wari_real_vid.mp4,57.104,1321,4,33,4,0,0,1.929,0.3918
Wari_real_vid.mp4,57.147,1322,2,33,2,0,0,0.9645,0.4233
Wari_real_vid.mp4,57.191,1323,2,33,2,0,0,0.9645,0.4188
Wari_real_vid.mp4,57.234,1324,2,33,2,0,0,0.9645,0.4279
Wari_real_vid.mp4,57.277,1325,2,33,2,0,0,0.9645,0.4077
Wari_real_vid.mp4,57.320,1326,1,33,1,0,0,0.4823,0.4162
Wari_real_vid.mp4,57.364,1327,3,33,3,0,0,1.4468,0.4007
Wari_real_vid.mp4,57.407,1328,4,33,4,0,0,1.929,0.382
Wari_real_vid.mp4,57.450,1329,3,33,3,0,0,1.4468,0.4026
Wari_real_vid.mp4,57.493,1330,4,34,4,0,0,1.929,0.4123
Wari_real_vid.mp4,57.536,1331,5,34,5,0,0,2.4113,0.3707
Wari_real_vid.mp4,57.580,1332,1,34,1,0,0,0.4823,0.3797
Wari_real_vid.mp4,57.623,1333,3,34,3,0,0,1.4468,0.3745
Wari_real_vid.mp4,57.666,1334,3,34,3,0,0,1.4468,0.3964
Wari_real_vid.mp4,57.709,1335,4,34,4,0,0,1.929,0.4321
Wari_real_vid.mp4,57.753,1336,4,34,4,0,0,1.929,0.4353
Wari_real_vid.mp4,57.796,1337,4,34,4,0,0,1.929,0.4611
Wari_real_vid.mp4,57.839,1338,4,34,4,0,0,1.929,0.4327
Wari_real_vid.mp4,57.882,1339,2,34,2,0,0,0.9645,0.4879
Wari_real_vid.mp4,57.925,1340,3,34,3,0,0,1.4468,0.4434
Wari_real_vid.mp4,57.969,1341,4,34,4,0,0,1.929,0.3985
Wari_real_vid.mp4,58.012,1342,3,34,3,0,0,1.4468,0.4313
Wari_real_vid.mp4,58.055,1343,3,34,3,0,0,1.4468,0.4214
Wari_real_vid.mp4,58.098,1344,1,34,1,0,0,0.4823,0.408
Wari_real_vid.mp4,58.142,1345,0,34,0,0,0,0.0,0.0
Wari_real_vid.mp4,58.185,1346,0,34,0,0,0,0.0,0.0
Wari_real_vid.mp4,58.228,1347,8,42,8,0,0,3.858,0.5339
Wari_real_vid.mp4,58.271,1348,9,43,9,0,0,4.3403,0.5389
Wari_real_vid.mp4,58.315,1349,9,44,9,0,0,4.3403,0.548
Wari_real_vid.mp4,58.358,1350,11,45,11,0,0,5.3048,0.5473
Wari_real_vid.mp4,58.401,1351,10,46,10,0,0,4.8225,0.5794
Wari_real_vid.mp4,58.444,1352,13,48,13,0,0,6.2693,0.5296
Wari_real_vid.mp4,58.487,1353,11,48,11,0,0,5.3048,0.5483
Wari_real_vid.mp4,58.531,1354,10,48,10,0,0,4.8225,0.5545
Wari_real_vid.mp4,58.574,1355,12,49,12,0,0,5.787,0.5251
Wari_real_vid.mp4,58.617,1356,11,49,11,0,0,5.3048,0.5364
Wari_real_vid.mp4,58.660,1357,12,50,12,0,0,5.787,0.5669
Wari_real_vid.mp4,58.704,1358,13,51,13,0,0,6.2693,0.5385
Wari_real_vid.mp4,58.747,1359,11,51,11,0,0,5.3048,0.5564
Wari_real_vid.mp4,58.790,1360,10,51,10,0,0,4.8225,0.546
Wari_real_vid.mp4,58.833,1361,10,51,10,0,0,4.8225,0.5491
Wari_real_vid.mp4,58.877,1362,6,51,6,0,0,2.8935,0.6303
Wari_real_vid.mp4,58.920,1363,9,53,9,0,0,4.3403,0.5824
Wari_real_vid.mp4,58.963,1364,12,53,12,0,0,5.787,0.5559
Wari_real_vid.mp4,59.006,1365,8,53,8,0,0,3.858,0.59
Wari_real_vid.mp4,59.049,1366,9,54,9,0,0,4.3403,0.5832
Wari_real_vid.mp4,59.093,1367,11,55,11,0,0,5.3048,0.5507
Wari_real_vid.mp4,59.136,1368,10,55,10,0,0,4.8225,0.5529
Wari_real_vid.mp4,59.179,1369,11,55,11,0,0,5.3048,0.5243
Wari_real_vid.mp4,59.222,1370,9,55,9,0,0,4.3403,0.5799
Wari_real_vid.mp4,59.266,1371,9,55,9,0,0,4.3403,0.5575
Wari_real_vid.mp4,59.309,1372,11,58,11,0,0,5.3048,0.5189
Wari_real_vid.mp4,59.352,1373,13,60,13,0,0,6.2693,0.5115
Wari_real_vid.mp4,59.395,1374,13,60,13,0,0,6.2693,0.531
Wari_real_vid.mp4,59.438,1375,14,60,14,0,0,6.7515,0.4882
Wari_real_vid.mp4,59.482,1376,11,60,11,0,0,5.3048,0.545
Wari_real_vid.mp4,59.525,1377,9,60,9,0,0,4.3403,0.5486
Wari_real_vid.mp4,59.568,1378,9,61,9,0,0,4.3403,0.5126
Wari_real_vid.mp4,59.611,1379,10,62,10,0,0,4.8225,0.4804
Wari_real_vid.mp4,59.655,1380,11,63,11,0,0,5.3048,0.5003
Wari_real_vid.mp4,59.698,1381,11,63,11,0,0,5.3048,0.4927
Wari_real_vid.mp4,59.741,1382,11,63,11,0,0,5.3048,0.5136
Wari_real_vid.mp4,59.784,1383,9,63,9,0,0,4.3403,0.5265
Wari_real_vid.mp4,59.828,1384,9,63,9,0,0,4.3403,0.5235
Wari_real_vid.mp4,59.871,1385,9,63,9,0,0,4.3403,0.5155
Wari_real_vid.mp4,59.914,1386,10,63,10,0,0,4.8225,0.5187
Wari_real_vid.mp4,59.957,1387,10,63,10,0,0,4.8225,0.5506
Wari_real_vid.mp4,60.000,1388,11,64,11,0,0,5.3048,0.5039
Wari_real_vid.mp4,60.044,1389,10,64,10,0,0,4.8225,0.5424
Wari_real_vid.mp4,60.087,1390,12,65,12,0,0,5.787,0.5313
Wari_real_vid.mp4,60.130,1391,10,65,10,0,0,4.8225,0.5475
Wari_real_vid.mp4,60.173,1392,12,66,12,0,0,5.787,0.5239
Wari_real_vid.mp4,60.217,1393,10,66,10,0,0,4.8225,0.54
Wari_real_vid.mp4,60.260,1394,11,66,11,0,0,5.3048,0.5508
Wari_real_vid.mp4,60.303,1395,11,66,11,0,0,5.3048,0.5379
Wari_real_vid.mp4,60.346,1396,11,67,11,0,0,5.3048,0.5291
Wari_real_vid.mp4,60.389,1397,10,67,10,0,0,4.8225,0.5424
Wari_real_vid.mp4,60.433,1398,10,67,10,0,0,4.8225,0.5451
Wari_real_vid.mp4,60.476,1399,10,67,10,0,0,4.8225,0.5486
Wari_real_vid.mp4,60.519,1400,10,67,10,0,0,4.8225,0.511
Wari_real_vid.mp4,60.562,1401,12,69,12,0,0,5.787,0.4891
Wari_real_vid.mp4,60.606,1402,9,69,9,0,0,4.3403,0.5409
Wari_real_vid.mp4,60.649,1403,10,69,10,0,0,4.8225,0.5158
Wari_real_vid.mp4,60.692,1404,9,69,9,0,0,4.3403,0.5439
Wari_real_vid.mp4,60.735,1405,8,69,8,0,0,3.858,0.5846
Wari_real_vid.mp4,60.779,1406,8,69,8,0,0,3.858,0.5344
Wari_real_vid.mp4,60.822,1407,9,69,9,0,0,4.3403,0.5173
Wari_real_vid.mp4,60.865,1408,10,70,10,0,0,4.8225,0.4997
Wari_real_vid.mp4,60.908,1409,8,70,8,0,0,3.858,0.5386
Wari_real_vid.mp4,60.951,1410,9,70,9,0,0,4.3403,0.5147
Wari_real_vid.mp4,60.995,1411,6,70,6,0,0,2.8935,0.5678
Wari_real_vid.mp4,61.038,1412,5,70,5,0,0,2.4113,0.6028
Wari_real_vid.mp4,61.081,1413,9,70,9,0,0,4.3403,0.5137
Wari_real_vid.mp4,61.124,1414,10,71,10,0,0,4.8225,0.4866
Wari_real_vid.mp4,61.168,1415,10,71,10,0,0,4.8225,0.5196
Wari_real_vid.mp4,61.211,1416,9,71,9,0,0,4.3403,0.5141
Wari_real_vid.mp4,61.254,1417,9,71,9,0,0,4.3403,0.5008
Wari_real_vid.mp4,61.297,1418,9,71,9,0,0,4.3403,0.5296
Wari_real_vid.mp4,61.340,1419,9,71,9,0,0,4.3403,0.5316
Wari_real_vid.mp4,61.384,1420,7,71,7,0,0,3.3758,0.5629
Wari_real_vid.mp4,61.427,1421,7,71,7,0,0,3.3758,0.5839
Wari_real_vid.mp4,61.470,1422,7,71,7,0,0,3.3758,0.5454
Wari_real_vid.mp4,61.513,1423,9,71,9,0,0,4.3403,0.4995
Wari_real_vid.mp4,61.557,1424,11,72,11,0,0,5.3048,0.4864
Wari_real_vid.mp4,61.600,1425,10,72,10,0,0,4.8225,0.5162
Wari_real_vid.mp4,61.643,1426,12,74,12,0,0,5.787,0.4812
Wari_real_vid.mp4,61.686,1427,10,75,10,0,0,4.8225,0.5179
Wari_real_vid.mp4,61.730,1428,8,75,8,0,0,3.858,0.5509
Wari_real_vid.mp4,61.773,1429,10,75,10,0,0,4.8225,0.5309
Wari_real_vid.mp4,61.816,1430,10,75,10,0,0,4.8225,0.5761
Wari_real_vid.mp4,61.859,1431,11,75,11,0,0,5.3048,0.559
Wari_real_vid.mp4,61.902,1432,12,75,12,0,0,5.787,0.5755
Wari_real_vid.mp4,61.946,1433,10,75,10,0,0,4.8225,0.5925
Wari_real_vid.mp4,61.989,1434,10,75,10,0,0,4.8225,0.5468
Wari_real_vid.mp4,62.032,1435,8,75,8,0,0,3.858,0.5652
Wari_real_vid.mp4,62.075,1436,7,75,7,0,0,3.3758,0.5714
Wari_real_vid.mp4,62.119,1437,8,75,8,0,0,3.858,0.5665
Wari_real_vid.mp4,62.162,1438,9,75,9,0,0,4.3403,0.5492
Wari_real_vid.mp4,62.205,1439,8,75,8,0,0,3.858,0.5477
Wari_real_vid.mp4,62.248,1440,8,75,8,0,0,3.858,0.5588
Wari_real_vid.mp4,62.292,1441,9,76,9,0,0,4.3403,0.5459
Wari_real_vid.mp4,62.335,1442,9,76,9,0,0,4.3403,0.5246
Wari_real_vid.mp4,62.378,1443,10,77,10,0,0,4.8225,0.5298
Wari_real_vid.mp4,62.421,1444,12,79,12,0,0,5.787,0.5242
Wari_real_vid.mp4,62.464,1445,14,80,14,0,0,6.7515,0.4892
Wari_real_vid.mp4,62.508,1446,9,81,9,0,0,4.3403,0.5709
Wari_real_vid.mp4,62.551,1447,11,81,11,0,0,5.3048,0.5591
Wari_real_vid.mp4,62.594,1448,12,81,12,0,0,5.787,0.5432
Wari_real_vid.mp4,62.637,1449,12,82,12,0,0,5.787,0.5459
Wari_real_vid.mp4,62.681,1450,11,83,11,0,0,5.3048,0.6043
Wari_real_vid.mp4,62.724,1451,11,83,11,0,0,5.3048,0.6147
Wari_real_vid.mp4,62.767,1452,15,83,15,0,0,7.2338,0.5685
Wari_real_vid.mp4,62.810,1453,12,83,12,0,0,5.787,0.5746
Wari_real_vid.mp4,62.853,1454,13,83,13,0,0,6.2693,0.5618
Wari_real_vid.mp4,62.897,1455,15,85,15,0,0,7.2338,0.529
Wari_real_vid.mp4,62.940,1456,15,86,15,0,0,7.2338,0.5266
Wari_real_vid.mp4,62.983,1457,15,86,15,0,0,7.2338,0.5184
Wari_real_vid.mp4,63.026,1458,14,86,14,0,0,6.7515,0.5492
Wari_real_vid.mp4,63.070,1459,13,86,13,0,0,6.2693,0.5583
Wari_real_vid.mp4,63.113,1460,13,87,13,0,0,6.2693,0.5581
Wari_real_vid.mp4,63.156,1461,12,87,12,0,0,5.787,0.5456
Wari_real_vid.mp4,63.199,1462,11,87,11,0,0,5.3048,0.543
Wari_real_vid.mp4,63.243,1463,13,87,13,0,0,6.2693,0.5229
Wari_real_vid.mp4,63.286,1464,14,88,14,0,0,6.7515,0.5128
Wari_real_vid.mp4,63.329,1465,13,89,13,0,0,6.2693,0.5279
Wari_real_vid.mp4,63.372,1466,10,89,10,0,0,4.8225,0.5446
Wari_real_vid.mp4,63.415,1467,12,89,12,0,0,5.787,0.5204
Wari_real_vid.mp4,63.459,1468,13,89,13,0,0,6.2693,0.5358
Wari_real_vid.mp4,63.502,1469,11,89,11,0,0,5.3048,0.5487
Wari_real_vid.mp4,63.545,1470,14,91,14,0,0,6.7515,0.5156
Wari_real_vid.mp4,63.588,1471,13,91,13,0,0,6.2693,0.529
Wari_real_vid.mp4,63.632,1472,14,91,14,0,0,6.7515,0.4962
Wari_real_vid.mp4,63.675,1473,12,91,12,0,0,5.787,0.5067
Wari_real_vid.mp4,63.718,1474,11,91,11,0,0,5.3048,0.4899
Wari_real_vid.mp4,63.761,1475,13,91,13,0,0,6.2693,0.5099
Wari_real_vid.mp4,63.804,1476,12,92,12,0,0,5.787,0.501
Wari_real_vid.mp4,63.848,1477,10,92,10,0,0,4.8225,0.5133
Wari_real_vid.mp4,63.891,1478,10,92,10,0,0,4.8225,0.5021
Wari_real_vid.mp4,63.934,1479,11,93,11,0,0,5.3048,0.483
Wari_real_vid.mp4,63.977,1480,12,94,12,0,0,5.787,0.5052
Wari_real_vid.mp4,64.021,1481,11,94,11,0,0,5.3048,0.5313
Wari_real_vid.mp4,64.064,1482,12,95,12,0,0,5.787,0.525
Wari_real_vid.mp4,64.107,1483,13,96,13,0,0,6.2693,0.5116
Wari_real_vid.mp4,64.150,1484,12,96,12,0,0,5.787,0.5361
Wari_real_vid.mp4,64.194,1485,12,96,12,0,0,5.787,0.5495
Wari_real_vid.mp4,64.237,1486,11,96,11,0,0,5.3048,0.56
Wari_real_vid.mp4,64.280,1487,12,96,12,0,0,5.787,0.5703
Wari_real_vid.mp4,64.323,1488,12,96,12,0,0,5.787,0.5477
Wari_real_vid.mp4,64.366,1489,11,96,11,0,0,5.3048,0.5703
Wari_real_vid.mp4,64.410,1490,11,96,11,0,0,5.3048,0.5524
Wari_real_vid.mp4,64.453,1491,13,97,13,0,0,6.2693,0.532
Wari_real_vid.mp4,64.496,1492,13,97,13,0,0,6.2693,0.5269
Wari_real_vid.mp4,64.539,1493,14,97,14,0,0,6.7515,0.5345
Wari_real_vid.mp4,64.583,1494,14,97,14,0,0,6.7515,0.5507
Wari_real_vid.mp4,64.626,1495,15,97,15,0,0,7.2338,0.4989
Wari_real_vid.mp4,64.669,1496,13,97,13,0,0,6.2693,0.5303
Wari_real_vid.mp4,64.712,1497,12,97,12,0,0,5.787,0.5328
Wari_real_vid.mp4,64.756,1498,11,97,11,0,0,5.3048,0.561
Wari_real_vid.mp4,64.799,1499,11,97,11,0,0,5.3048,0.5553
Wari_real_vid.mp4,64.842,1500,10,97,10,0,0,4.8225,0.5619
Wari_real_vid.mp4,64.885,1501,12,98,12,0,0,5.787,0.5072
Wari_real_vid.mp4,64.928,1502,12,98,12,0,0,5.787,0.4954
Wari_real_vid.mp4,64.972,1503,13,98,13,0,0,6.2693,0.4732
Wari_real_vid.mp4,65.015,1504,11,98,11,0,0,5.3048,0.5179
Wari_real_vid.mp4,65.058,1505,10,98,10,0,0,4.8225,0.5247
Wari_real_vid.mp4,65.101,1506,10,99,10,0,0,4.8225,0.5361
Wari_real_vid.mp4,65.145,1507,10,99,10,0,0,4.8225,0.4731
Wari_real_vid.mp4,65.188,1508,10,99,10,0,0,4.8225,0.5001
Wari_real_vid.mp4,65.231,1509,10,99,10,0,0,4.8225,0.494
Wari_real_vid.mp4,65.274,1510,8,99,8,0,0,3.858,0.4867
Wari_real_vid.mp4,65.317,1511,9,100,9,0,0,4.3403,0.4773
Wari_real_vid.mp4,65.361,1512,7,100,7,0,0,3.3758,0.5198
Wari_real_vid.mp4,65.404,1513,9,100,9,0,0,4.3403,0.5038
Wari_real_vid.mp4,65.447,1514,7,100,7,0,0,3.3758,0.5212
Wari_real_vid.mp4,65.490,1515,9,100,9,0,0,4.3403,0.4749
Wari_real_vid.mp4,65.534,1516,10,100,10,0,0,4.8225,0.4664
Wari_real_vid.mp4,65.577,1517,9,100,9,0,0,4.3403,0.4903
Wari_real_vid.mp4,65.620,1518,8,100,8,0,0,3.858,0.532
Wari_real_vid.mp4,65.663,1519,8,100,8,0,0,3.858,0.5061
Wari_real_vid.mp4,65.707,1520,8,100,8,0,0,3.858,0.5102
Wari_real_vid.mp4,65.750,1521,9,100,9,0,0,4.3403,0.5017
Wari_real_vid.mp4,65.793,1522,11,100,11,0,0,5.3048,0.4705
Wari_real_vid.mp4,65.836,1523,11,101,11,0,0,5.3048,0.4848
Wari_real_vid.mp4,65.879,1524,11,101,11,0,0,5.3048,0.4817
Wari_real_vid.mp4,65.923,1525,11,103,11,0,0,5.3048,0.4694
Wari_real_vid.mp4,65.966,1526,9,103,9,0,0,4.3403,0.4963
Wari_real_vid.mp4,66.009,1527,8,103,8,0,0,3.858,0.4738
Wari_real_vid.mp4,66.052,1528,10,103,10,0,0,4.8225,0.48
Wari_real_vid.mp4,66.096,1529,11,104,11,0,0,5.3048,0.4782
Wari_real_vid.mp4,66.139,1530,11,104,11,0,0,5.3048,0.4484
Wari_real_vid.mp4,66.182,1531,10,104,10,0,0,4.8225,0.466
Wari_real_vid.mp4,66.225,1532,10,104,10,0,0,4.8225,0.4666
Wari_real_vid.mp4,66.268,1533,14,106,14,0,0,6.7515,0.4608
Wari_real_vid.mp4,66.312,1534,11,106,11,0,0,5.3048,0.445
Wari_real_vid.mp4,66.355,1535,13,106,13,0,0,6.2693,0.4926
Wari_real_vid.mp4,66.398,1536,15,107,15,0,0,7.2338,0.5181
Wari_real_vid.mp4,66.441,1537,13,107,13,0,0,6.2693,0.5462
Wari_real_vid.mp4,66.485,1538,13,107,13,0,0,6.2693,0.5382
Wari_real_vid.mp4,66.528,1539,14,107,14,0,0,6.7515,0.5285
Wari_real_vid.mp4,66.571,1540,14,108,14,0,0,6.7515,0.541
Wari_real_vid.mp4,66.614,1541,16,110,16,0,0,7.716,0.5174
Wari_real_vid.mp4,66.658,1542,16,111,16,0,0,7.716,0.5398
Wari_real_vid.mp4,66.701,1543,15,111,15,0,0,7.2338,0.5157
Wari_real_vid.mp4,66.744,1544,14,111,14,0,0,6.7515,0.5165
Wari_real_vid.mp4,66.787,1545,16,111,16,0,0,7.716,0.5143
Wari_real_vid.mp4,66.830,1546,14,112,14,0,0,6.7515,0.5316
Wari_real_vid.mp4,66.874,1547,15,112,15,0,0,7.2338,0.5103
Wari_real_vid.mp4,66.917,1548,13,112,13,0,0,6.2693,0.5089
Wari_real_vid.mp4,66.960,1549,12,112,12,0,0,5.787,0.5081
Wari_real_vid.mp4,67.003,1550,13,112,13,0,0,6.2693,0.5024
Wari_real_vid.mp4,67.047,1551,13,112,13,0,0,6.2693,0.514
Wari_real_vid.mp4,67.090,1552,12,112,12,0,0,5.787,0.4852
Wari_real_vid.mp4,67.133,1553,10,112,10,0,0,4.8225,0.4975
Wari_real_vid.mp4,67.176,1554,13,114,13,0,0,6.2693,0.4593
Wari_real_vid.mp4,67.219,1555,13,115,13,0,0,6.2693,0.46
Wari_real_vid.mp4,67.263,1556,13,115,13,0,0,6.2693,0.4698
Wari_real_vid.mp4,67.306,1557,13,115,13,0,0,6.2693,0.4942
Wari_real_vid.mp4,67.349,1558,15,115,15,0,0,7.2338,0.5315
Wari_real_vid.mp4,67.392,1559,12,115,12,0,0,5.787,0.5301
Wari_real_vid.mp4,67.436,1560,13,116,13,0,0,6.2693,0.5211
Wari_real_vid.mp4,67.479,1561,13,116,13,0,0,6.2693,0.5262
Wari_real_vid.mp4,67.522,1562,11,116,11,0,0,5.3048,0.5588
Wari_real_vid.mp4,67.565,1563,0,116,0,0,0,0.0,0.0
Wari_real_vid.mp4,67.609,1564,0,116,0,0,0,0.0,0.0
Wari_real_vid.mp4,67.652,1565,0,116,0,0,0,0.0,0.0
Wari_real_vid.mp4,67.695,1566,0,116,0,0,0,0.0,0.0
Wari_real_vid.mp4,67.738,1567,1,117,1,0,0,0.4823,0.3603
Wari_real_vid.mp4,67.781,1568,1,117,1,0,0,0.4823,0.5099
Wari_real_vid.mp4,67.825,1569,2,118,2,0,0,0.9645,0.4334
Wari_real_vid.mp4,67.868,1570,2,118,2,0,0,0.9645,0.4402
Wari_real_vid.mp4,67.911,1571,1,118,1,0,0,0.4823,0.5454
Wari_real_vid.mp4,67.954,1572,2,118,2,0,0,0.9645,0.4319
Wari_real_vid.mp4,67.998,1573,1,118,1,0,0,0.4823,0.4936
Wari_real_vid.mp4,68.041,1574,2,118,2,0,0,0.9645,0.4463
Wari_real_vid.mp4,68.084,1575,2,118,2,0,0,0.9645,0.4239
Wari_real_vid.mp4,68.127,1576,2,118,2,0,0,0.9645,0.451
Wari_real_vid.mp4,68.171,1577,3,119,3,0,0,1.4468,0.4151
Wari_real_vid.mp4,68.214,1578,3,119,3,0,0,1.4468,0.4428
Wari_real_vid.mp4,68.257,1579,1,119,1,0,0,0.4823,0.5668
Wari_real_vid.mp4,68.300,1580,2,119,2,0,0,0.9645,0.501
Wari_real_vid.mp4,68.343,1581,3,119,3,0,0,1.4468,0.4508
Wari_real_vid.mp4,68.387,1582,2,119,2,0,0,0.9645,0.4521
Wari_real_vid.mp4,68.430,1583,2,119,2,0,0,0.9645,0.4704
Wari_real_vid.mp4,68.473,1584,1,119,1,0,0,0.4823,0.5098
Wari_real_vid.mp4,68.516,1585,2,119,2,0,0,0.9645,0.3748
Wari_real_vid.mp4,68.560,1586,2,119,2,0,0,0.9645,0.405
Wari_real_vid.mp4,68.603,1587,2,119,2,0,0,0.9645,0.435
Wari_real_vid.mp4,68.646,1588,2,119,2,0,0,0.9645,0.4405
Wari_real_vid.mp4,68.689,1589,2,119,2,0,0,0.9645,0.4747
Wari_real_vid.mp4,68.732,1590,2,119,2,0,0,0.9645,0.4956
Wari_real_vid.mp4,68.776,1591,2,119,2,0,0,0.9645,0.4628
Wari_real_vid.mp4,68.819,1592,2,119,2,0,0,0.9645,0.4576
Wari_real_vid.mp4,68.862,1593,2,119,2,0,0,0.9645,0.4581
Wari_real_vid.mp4,68.905,1594,2,119,2,0,0,0.9645,0.4932
Wari_real_vid.mp4,68.949,1595,2,119,2,0,0,0.9645,0.4762
Wari_real_vid.mp4,68.992,1596,2,119,2,0,0,0.9645,0.4934
Wari_real_vid.mp4,69.035,1597,2,119,2,0,0,0.9645,0.512
Wari_real_vid.mp4,69.078,1598,2,119,2,0,0,0.9645,0.5416
Wari_real_vid.mp4,69.122,1599,2,119,2,0,0,0.9645,0.5152
Wari_real_vid.mp4,69.165,1600,2,119,2,0,0,0.9645,0.5336
Wari_real_vid.mp4,69.208,1601,2,119,2,0,0,0.9645,0.4771
Wari_real_vid.mp4,69.251,1602,2,119,2,0,0,0.9645,0.5129
Wari_real_vid.mp4,69.294,1603,2,119,2,0,0,0.9645,0.5127
Wari_real_vid.mp4,69.338,1604,2,119,2,0,0,0.9645,0.4889
Wari_real_vid.mp4,69.381,1605,2,119,2,0,0,0.9645,0.464
Wari_real_vid.mp4,69.424,1606,2,119,2,0,0,0.9645,0.4479
Wari_real_vid.mp4,69.467,1607,2,119,2,0,0,0.9645,0.4612
Wari_real_vid.mp4,69.511,1608,2,119,2,0,0,0.9645,0.4685
Wari_real_vid.mp4,69.554,1609,2,119,2,0,0,0.9645,0.464
Wari_real_vid.mp4,69.597,1610,2,119,2,0,0,0.9645,0.4573
Wari_real_vid.mp4,69.640,1611,2,119,2,0,0,0.9645,0.4795
Wari_real_vid.mp4,69.683,1612,2,119,2,0,0,0.9645,0.4905
Wari_real_vid.mp4,69.727,1613,2,119,2,0,0,0.9645,0.5155
Wari_real_vid.mp4,69.770,1614,2,119,2,0,0,0.9645,0.4832
Wari_real_vid.mp4,69.813,1615,2,119,2,0,0,0.9645,0.5016
Wari_real_vid.mp4,69.856,1616,2,119,2,0,0,0.9645,0.5331
Wari_real_vid.mp4,69.900,1617,2,119,2,0,0,0.9645,0.5017
Wari_real_vid.mp4,69.943,1618,2,119,2,0,0,0.9645,0.4986
Wari_real_vid.mp4,69.986,1619,2,119,2,0,0,0.9645,0.5042
Wari_real_vid.mp4,70.029,1620,2,119,2,0,0,0.9645,0.5
Wari_real_vid.mp4,70.073,1621,2,119,2,0,0,0.9645,0.4579
Wari_real_vid.mp4,70.116,1622,1,119,1,0,0,0.4823,0.4966
Wari_real_vid.mp4,70.159,1623,1,119,1,0,0,0.4823,0.4545
Wari_real_vid.mp4,70.202,1624,2,119,2,0,0,0.9645,0.3976
Wari_real_vid.mp4,70.245,1625,1,119,1,0,0,0.4823,0.3842
Wari_real_vid.mp4,70.289,1626,1,119,1,0,0,0.4823,0.3926
Wari_real_vid.mp4,70.332,1627,1,119,1,0,0,0.4823,0.4846
Wari_real_vid.mp4,70.375,1628,1,119,1,0,0,0.4823,0.4928
Wari_real_vid.mp4,70.418,1629,2,119,2,0,0,0.9645,0.4096
Wari_real_vid.mp4,70.462,1630,2,119,2,0,0,0.9645,0.3982
Wari_real_vid.mp4,70.505,1631,2,119,2,0,0,0.9645,0.43
Wari_real_vid.mp4,70.548,1632,1,119,1,0,0,0.4823,0.5025
Wari_real_vid.mp4,70.591,1633,1,119,1,0,0,0.4823,0.5112
Wari_real_vid.mp4,70.635,1634,1,119,1,0,0,0.4823,0.4928
Wari_real_vid.mp4,70.678,1635,1,119,1,0,0,0.4823,0.4746
Wari_real_vid.mp4,70.721,1636,1,119,1,0,0,0.4823,0.4821
Wari_real_vid.mp4,70.764,1637,1,119,1,0,0,0.4823,0.4656
Wari_real_vid.mp4,70.807,1638,1,119,1,0,0,0.4823,0.4351
Wari_real_vid.mp4,70.851,1639,1,119,1,0,0,0.4823,0.4997
Wari_real_vid.mp4,70.894,1640,1,119,1,0,0,0.4823,0.4791
Wari_real_vid.mp4,70.937,1641,1,119,1,0,0,0.4823,0.5231
Wari_real_vid.mp4,70.980,1642,1,119,1,0,0,0.4823,0.4888
Wari_real_vid.mp4,71.024,1643,1,119,1,0,0,0.4823,0.4649
Wari_real_vid.mp4,71.067,1644,1,119,1,0,0,0.4823,0.5983
Wari_real_vid.mp4,71.110,1645,1,119,1,0,0,0.4823,0.5329
Wari_real_vid.mp4,71.153,1646,2,119,2,0,0,0.9645,0.4608
Wari_real_vid.mp4,71.196,1647,1,119,1,0,0,0.4823,0.5354
Wari_real_vid.mp4,71.240,1648,1,119,1,0,0,0.4823,0.5455
Wari_real_vid.mp4,71.283,1649,1,119,1,0,0,0.4823,0.5611
Wari_real_vid.mp4,71.326,1650,1,119,1,0,0,0.4823,0.4804
Wari_real_vid.mp4,71.369,1651,1,119,1,0,0,0.4823,0.507
Wari_real_vid.mp4,71.413,1652,1,119,1,0,0,0.4823,0.4777
Wari_real_vid.mp4,71.456,1653,1,119,1,0,0,0.4823,0.447
Wari_real_vid.mp4,71.499,1654,1,119,1,0,0,0.4823,0.4378
Wari_real_vid.mp4,71.542,1655,1,119,1,0,0,0.4823,0.4498
Wari_real_vid.mp4,71.586,1656,1,119,1,0,0,0.4823,0.4756
Wari_real_vid.mp4,71.629,1657,0,119,0,0,0,0.0,0.0
Wari_real_vid.mp4,71.672,1658,0,119,0,0,0,0.0,0.0
Wari_real_vid.mp4,71.715,1659,1,119,1,0,0,0.4823,0.367
Wari_real_vid.mp4,71.758,1660,1,119,1,0,0,0.4823,0.3871
Wari_real_vid.mp4,71.802,1661,0,119,0,0,0,0.0,0.0
Wari_real_vid.mp4,71.845,1662,0,119,0,0,0,0.0,0.0
Wari_real_vid.mp4,71.888,1663,0,119,0,0,0,0.0,0.0
Wari_real_vid.mp4,71.931,1664,0,119,0,0,0,0.0,0.0
Wari_real_vid.mp4,71.975,1665,0,119,0,0,0,0.0,0.0
Wari_real_vid.mp4,72.018,1666,0,119,0,0,0,0.0,0.0
Wari_real_vid.mp4,72.061,1667,0,119,0,0,0,0.0,0.0
Wari_real_vid.mp4,72.104,1668,0,119,0,0,0,0.0,0.0
Wari_real_vid.mp4,72.147,1669,0,119,0,0,0,0.0,0.0
Wari_real_vid.mp4,72.191,1670,0,119,0,0,0,0.0,0.0
Wari_real_vid.mp4,72.234,1671,0,119,0,0,0,0.0,0.0
Wari_real_vid.mp4,72.277,1672,0,119,0,0,0,0.0,0.0
Wari_real_vid.mp4,72.320,1673,0,119,0,0,0,0.0,0.0
Wari_real_vid.mp4,72.364,1674,0,119,0,0,0,0.0,0.0
Wari_real_vid.mp4,72.407,1675,1,120,1,0,0,0.4823,0.3738
Wari_real_vid.mp4,72.450,1676,0,120,0,0,0,0.0,0.0
Wari_real_vid.mp4,72.493,1677,0,120,0,0,0,0.0,0.0
Wari_real_vid.mp4,72.537,1678,0,120,0,0,0,0.0,0.0
Wari_real_vid.mp4,72.580,1679,1,121,1,0,0,0.4823,0.3759
Wari_real_vid.mp4,72.623,1680,0,121,0,0,0,0.0,0.0
Wari_real_vid.mp4,72.666,1681,0,121,0,0,0,0.0,0.0
Wari_real_vid.mp4,72.709,1682,1,122,1,0,0,0.4823,0.369
Wari_real_vid.mp4,72.753,1683,0,122,0,0,0,0.0,0.0
Wari_real_vid.mp4,72.796,1684,0,122,0,0,0,0.0,0.0
Wari_real_vid.mp4,72.839,1685,0,122,0,0,0,0.0,0.0
Wari_real_vid.mp4,72.882,1686,0,122,0,0,0,0.0,0.0
Wari_real_vid.mp4,72.926,1687,0,122,0,0,0,0.0,0.0
Wari_real_vid.mp4,72.969,1688,1,122,1,0,0,0.4823,0.3674
Wari_real_vid.mp4,73.012,1689,0,122,0,0,0,0.0,0.0
Wari_real_vid.mp4,73.055,1690,0,122,0,0,0,0.0,0.0
Wari_real_vid.mp4,73.099,1691,0,122,0,0,0,0.0,0.0
Wari_real_vid.mp4,73.142,1692,0,122,0,0,0,0.0,0.0
Wari_real_vid.mp4,73.185,1693,0,122,0,0,0,0.0,0.0
Wari_real_vid.mp4,73.228,1694,0,122,0,0,0,0.0,0.0
Wari_real_vid.mp4,73.271,1695,0,122,0,0,0,0.0,0.0
Wari_real_vid.mp4,73.315,1696,0,122,0,0,0,0.0,0.0
Wari_real_vid.mp4,73.358,1697,0,122,0,0,0,0.0,0.0
Wari_real_vid.mp4,73.401,1698,0,122,0,0,0,0.0,0.0
Wari_real_vid.mp4,73.444,1699,0,122,0,0,0,0.0,0.0
Wari_real_vid.mp4,73.488,1700,0,122,0,0,0,0.0,0.0
Wari_real_vid.mp4,73.531,1701,0,122,0,0,0,0.0,0.0
Wari_real_vid.mp4,73.574,1702,0,122,0,0,0,0.0,0.0
Wari_real_vid.mp4,73.617,1703,0,122,0,0,0,0.0,0.0
Wari_real_vid.mp4,73.660,1704,0,122,0,0,0,0.0,0.0
Wari_real_vid.mp4,73.704,1705,0,122,0,0,0,0.0,0.0
Wari_real_vid.mp4,73.747,1706,0,122,0,0,0,0.0,0.0
Wari_real_vid.mp4,73.790,1707,0,122,0,0,0,0.0,0.0
Wari_real_vid.mp4,73.833,1708,0,122,0,0,0,0.0,0.0
Wari_real_vid.mp4,73.877,1709,0,122,0,0,0,0.0,0.0
Wari_real_vid.mp4,73.920,1710,0,122,0,0,0,0.0,0.0
Wari_real_vid.mp4,73.963,1711,0,122,0,0,0,0.0,0.0
Wari_real_vid.mp4,74.006,1712,0,122,0,0,0,0.0,0.0
Wari_real_vid.mp4,74.050,1713,1,123,1,0,0,0.4823,0.3621
Wari_real_vid.mp4,74.093,1714,0,123,0,0,0,0.0,0.0
Wari_real_vid.mp4,74.136,1715,0,123,0,0,0,0.0,0.0
Wari_real_vid.mp4,74.179,1716,0,123,0,0,0,0.0,0.0
Wari_real_vid.mp4,74.222,1717,0,123,0,0,0,0.0,0.0
Wari_real_vid.mp4,74.266,1718,0,123,0,0,0,0.0,0.0
Wari_real_vid.mp4,74.309,1719,0,123,0,0,0,0.0,0.0
Wari_real_vid.mp4,74.352,1720,0,123,0,0,0,0.0,0.0
Wari_real_vid.mp4,74.395,1721,0,123,0,0,0,0.0,0.0
Wari_real_vid.mp4,74.439,1722,0,123,0,0,0,0.0,0.0
Wari_real_vid.mp4,74.482,1723,0,123,0,0,0,0.0,0.0
Wari_real_vid.mp4,74.525,1724,0,123,0,0,0,0.0,0.0
Wari_real_vid.mp4,74.568,1725,0,123,0,0,0,0.0,0.0
Wari_real_vid.mp4,74.611,1726,0,123,0,0,0,0.0,0.0
Wari_real_vid.mp4,74.655,1727,0,123,0,0,0,0.0,0.0
Wari_real_vid.mp4,74.698,1728,0,123,0,0,0,0.0,0.0
Wari_real_vid.mp4,74.741,1729,0,123,0,0,0,0.0,0.0
Wari_real_vid.mp4,74.784,1730,0,123,0,0,0,0.0,0.0
Wari_real_vid.mp4,74.828,1731,0,123,0,0,0,0.0,0.0
Wari_real_vid.mp4,74.871,1732,0,123,0,0,0,0.0,0.0
Wari_real_vid.mp4,74.914,1733,0,123,0,0,0,0.0,0.0
Wari_real_vid.mp4,74.957,1734,0,123,0,0,0,0.0,0.0
Wari_real_vid.mp4,75.001,1735,0,123,0,0,0,0.0,0.0
Wari_real_vid.mp4,75.044,1736,0,123,0,0,0,0.0,0.0
Wari_real_vid.mp4,75.087,1737,0,123,0,0,0,0.0,0.0
Wari_real_vid.mp4,75.130,1738,0,123,0,0,0,0.0,0.0
Wari_real_vid.mp4,75.173,1739,0,123,0,0,0,0.0,0.0
Wari_real_vid.mp4,75.217,1740,0,123,0,0,0,0.0,0.0
Wari_real_vid.mp4,75.260,1741,0,123,0,0,0,0.0,0.0
Wari_real_vid.mp4,75.303,1742,0,123,0,0,0,0.0,0.0
Wari_real_vid.mp4,75.346,1743,0,123,0,0,0,0.0,0.0
Wari_real_vid.mp4,75.390,1744,0,123,0,0,0,0.0,0.0
Wari_real_vid.mp4,75.433,1745,0,123,0,0,0,0.0,0.0
Wari_real_vid.mp4,75.476,1746,0,123,0,0,0,0.0,0.0
Wari_real_vid.mp4,75.519,1747,0,123,0,0,0,0.0,0.0
Wari_real_vid.mp4,75.562,1748,0,123,0,0,0,0.0,0.0
Wari_real_vid.mp4,75.606,1749,0,123,0,0,0,0.0,0.0
Wari_real_vid.mp4,75.649,1750,0,123,0,0,0,0.0,0.0
Wari_real_vid.mp4,75.692,1751,0,123,0,0,0,0.0,0.0
Wari_real_vid.mp4,75.735,1752,0,123,0,0,0,0.0,0.0
Wari_real_vid.mp4,75.779,1753,0,123,0,0,0,0.0,0.0
Wari_real_vid.mp4,75.822,1754,0,123,0,0,0,0.0,0.0
Wari_real_vid.mp4,75.865,1755,0,123,0,0,0,0.0,0.0
Wari_real_vid.mp4,75.908,1756,0,123,0,0,0,0.0,0.0
Wari_real_vid.mp4,75.952,1757,0,123,0,0,0,0.0,0.0
Wari_real_vid.mp4,75.995,1758,0,123,0,0,0,0.0,0.0
Wari_real_vid.mp4,76.038,1759,0,123,0,0,0,0.0,0.0
Wari_real_vid.mp4,76.081,1760,0,123,0,0,0,0.0,0.0
Wari_real_vid.mp4,76.124,1761,0,123,0,0,0,0.0,0.0
Wari_real_vid.mp4,76.168,1762,0,123,0,0,0,0.0,0.0
Wari_real_vid.mp4,76.211,1763,0,123,0,0,0,0.0,0.0
Wari_real_vid.mp4,76.254,1764,0,123,0,0,0,0.0,0.0
Wari_real_vid.mp4,76.297,1765,0,123,0,0,0,0.0,0.0
Wari_real_vid.mp4,76.341,1766,0,123,0,0,0,0.0,0.0
Wari_real_vid.mp4,76.384,1767,0,123,0,0,0,0.0,0.0
Wari_real_vid.mp4,76.427,1768,0,123,0,0,0,0.0,0.0
Wari_real_vid.mp4,76.470,1769,0,123,0,0,0,0.0,0.0
Wari_real_vid.mp4,76.514,1770,0,123,0,0,0,0.0,0.0
Wari_real_vid.mp4,76.557,1771,0,123,0,0,0,0.0,0.0
Wari_real_vid.mp4,76.600,1772,0,123,0,0,0,0.0,0.0
Wari_real_vid.mp4,76.643,1773,0,123,0,0,0,0.0,0.0
Wari_real_vid.mp4,76.686,1774,1,124,1,0,0,0.4823,0.3811
Wari_real_vid.mp4,76.730,1775,0,124,0,0,0,0.0,0.0
Wari_real_vid.mp4,76.773,1776,0,124,0,0,0,0.0,0.0
Wari_real_vid.mp4,76.816,1777,0,124,0,0,0,0.0,0.0
Wari_real_vid.mp4,76.859,1778,0,124,0,0,0,0.0,0.0
Wari_real_vid.mp4,76.903,1779,0,124,0,0,0,0.0,0.0
Wari_real_vid.mp4,76.946,1780,0,124,0,0,0,0.0,0.0
Wari_real_vid.mp4,76.989,1781,2,125,2,0,0,0.9645,0.4306
Wari_real_vid.mp4,77.032,1782,2,125,2,0,0,0.9645,0.4096
Wari_real_vid.mp4,77.075,1783,2,125,2,0,0,0.9645,0.4271
Wari_real_vid.mp4,77.119,1784,2,125,2,0,0,0.9645,0.4396
Wari_real_vid.mp4,77.162,1785,2,125,2,0,0,0.9645,0.4292
Wari_real_vid.mp4,77.205,1786,2,125,2,0,0,0.9645,0.4492
Wari_real_vid.mp4,77.248,1787,2,125,2,0,0,0.9645,0.421
Wari_real_vid.mp4,77.292,1788,2,125,2,0,0,0.9645,0.4035
Wari_real_vid.mp4,77.335,1789,1,125,1,0,0,0.4823,0.4072
Wari_real_vid.mp4,77.378,1790,2,126,2,0,0,0.9645,0.4158
Wari_real_vid.mp4,77.421,1791,2,126,2,0,0,0.9645,0.4219
Wari_real_vid.mp4,77.465,1792,2,126,2,0,0,0.9645,0.4088
Wari_real_vid.mp4,77.508,1793,1,126,1,0,0,0.4823,0.423
Wari_real_vid.mp4,77.551,1794,2,126,2,0,0,0.9645,0.4061
Wari_real_vid.mp4,77.594,1795,3,127,3,0,0,1.4468,0.3691
Wari_real_vid.mp4,77.637,1796,3,127,3,0,0,1.4468,0.4142
Wari_real_vid.mp4,77.681,1797,3,127,3,0,0,1.4468,0.4024
Wari_real_vid.mp4,77.724,1798,2,127,2,0,0,0.9645,0.3681
Wari_real_vid.mp4,77.767,1799,2,127,2,0,0,0.9645,0.3716
Wari_real_vid.mp4,77.810,1800,1,127,1,0,0,0.4823,0.4108
Wari_real_vid.mp4,77.854,1801,2,127,2,0,0,0.9645,0.4388
Wari_real_vid.mp4,77.897,1802,2,127,2,0,0,0.9645,0.4399
Wari_real_vid.mp4,77.940,1803,2,127,2,0,0,0.9645,0.3989
Wari_real_vid.mp4,77.983,1804,2,128,2,0,0,0.9645,0.4171
Wari_real_vid.mp4,78.026,1805,1,128,1,0,0,0.4823,0.4175
Wari_real_vid.mp4,78.070,1806,3,128,3,0,0,1.4468,0.391
Wari_real_vid.mp4,78.113,1807,2,128,2,0,0,0.9645,0.4182
Wari_real_vid.mp4,78.156,1808,2,128,2,0,0,0.9645,0.3997
Wari_real_vid.mp4,78.199,1809,3,128,3,0,0,1.4468,0.4238
Wari_real_vid.mp4,78.243,1810,2,128,2,0,0,0.9645,0.4726
Wari_real_vid.mp4,78.286,1811,3,128,3,0,0,1.4468,0.4151
Wari_real_vid.mp4,78.329,1812,2,128,2,0,0,0.9645,0.4202
Wari_real_vid.mp4,78.372,1813,2,128,2,0,0,0.9645,0.4243
Wari_real_vid.mp4,78.416,1814,2,128,2,0,0,0.9645,0.4172
Wari_real_vid.mp4,78.459,1815,2,128,2,0,0,0.9645,0.4135
Wari_real_vid.mp4,78.502,1816,2,128,2,0,0,0.9645,0.4471
Wari_real_vid.mp4,78.545,1817,3,128,3,0,0,1.4468,0.451
Wari_real_vid.mp4,78.588,1818,3,128,3,0,0,1.4468,0.4065
Wari_real_vid.mp4,78.632,1819,3,129,3,0,0,1.4468,0.4168
Wari_real_vid.mp4,78.675,1820,2,129,2,0,0,0.9645,0.4382
Wari_real_vid.mp4,78.718,1821,2,129,2,0,0,0.9645,0.4483
Wari_real_vid.mp4,78.761,1822,4,129,4,0,0,1.929,0.4206
Wari_real_vid.mp4,78.805,1823,3,129,3,0,0,1.4468,0.4177
Wari_real_vid.mp4,78.848,1824,2,129,2,0,0,0.9645,0.5149
Wari_real_vid.mp4,78.891,1825,2,129,2,0,0,0.9645,0.5347
Wari_real_vid.mp4,78.934,1826,2,129,2,0,0,0.9645,0.5436
Wari_real_vid.mp4,78.978,1827,2,129,2,0,0,0.9645,0.4653
Wari_real_vid.mp4,79.021,1828,1,129,1,0,0,0.4823,0.5275
Wari_real_vid.mp4,79.064,1829,1,129,1,0,0,0.4823,0.4954
Wari_real_vid.mp4,79.107,1830,2,129,2,0,0,0.9645,0.4405
Wari_real_vid.mp4,79.150,1831,1,129,1,0,0,0.4823,0.4606
Wari_real_vid.mp4,79.194,1832,1,129,1,0,0,0.4823,0.4688
Wari_real_vid.mp4,79.237,1833,1,129,1,0,0,0.4823,0.4506
Wari_real_vid.mp4,79.280,1834,1,129,1,0,0,0.4823,0.4432
Wari_real_vid.mp4,79.323,1835,2,129,2,0,0,0.9645,0.4099
Wari_real_vid.mp4,79.367,1836,2,129,2,0,0,0.9645,0.4202
Wari_real_vid.mp4,79.410,1837,2,129,2,0,0,0.9645,0.4252
Wari_real_vid.mp4,79.453,1838,2,129,2,0,0,0.9645,0.422
Wari_real_vid.mp4,79.496,1839,2,129,2,0,0,0.9645,0.4175
Wari_real_vid.mp4,79.539,1840,2,129,2,0,0,0.9645,0.4365
Wari_real_vid.mp4,79.583,1841,2,129,2,0,0,0.9645,0.4226
Wari_real_vid.mp4,79.626,1842,2,129,2,0,0,0.9645,0.4567
Wari_real_vid.mp4,79.669,1843,2,129,2,0,0,0.9645,0.463
Wari_real_vid.mp4,79.712,1844,2,129,2,0,0,0.9645,0.4587
Wari_real_vid.mp4,79.756,1845,2,129,2,0,0,0.9645,0.4608
Wari_real_vid.mp4,79.799,1846,2,129,2,0,0,0.9645,0.4522
Wari_real_vid.mp4,79.842,1847,2,129,2,0,0,0.9645,0.4876
Wari_real_vid.mp4,79.885,1848,2,129,2,0,0,0.9645,0.4872
Wari_real_vid.mp4,79.929,1849,2,129,2,0,0,0.9645,0.483
Wari_real_vid.mp4,79.972,1850,3,130,3,0,0,1.4468,0.4364
Wari_real_vid.mp4,80.015,1851,1,130,1,0,0,0.4823,0.4858
Wari_real_vid.mp4,80.058,1852,1,130,1,0,0,0.4823,0.4936
Wari_real_vid.mp4,80.101,1853,1,130,1,0,0,0.4823,0.4418
Wari_real_vid.mp4,80.145,1854,2,130,2,0,0,0.9645,0.4157
Wari_real_vid.mp4,80.188,1855,2,130,2,0,0,0.9645,0.402
Wari_real_vid.mp4,80.231,1856,1,130,1,0,0,0.4823,0.4423
Wari_real_vid.mp4,80.274,1857,2,131,2,0,0,0.9645,0.3885
Wari_real_vid.mp4,80.318,1858,2,131,2,0,0,0.9645,0.377
Wari_real_vid.mp4,80.361,1859,2,131,2,0,0,0.9645,0.3975
Wari_real_vid.mp4,80.404,1860,2,131,2,0,0,0.9645,0.3987
Wari_real_vid.mp4,80.447,1861,2,131,2,0,0,0.9645,0.3789
Wari_real_vid.mp4,80.490,1862,1,131,1,0,0,0.4823,0.3952
Wari_real_vid.mp4,80.534,1863,2,131,2,0,0,0.9645,0.3744
Wari_real_vid.mp4,80.577,1864,2,131,2,0,0,0.9645,0.3623
Wari_real_vid.mp4,80.620,1865,2,131,2,0,0,0.9645,0.3689
Wari_real_vid.mp4,80.663,1866,1,131,1,0,0,0.4823,0.3739
Wari_real_vid.mp4,80.707,1867,1,131,1,0,0,0.4823,0.4125
Wari_real_vid.mp4,80.750,1868,1,131,1,0,0,0.4823,0.376
Wari_real_vid.mp4,80.793,1869,1,131,1,0,0,0.4823,0.3744
Wari_real_vid.mp4,80.836,1870,1,131,1,0,0,0.4823,0.3788
Wari_real_vid.mp4,80.880,1871,1,131,1,0,0,0.4823,0.405
Wari_real_vid.mp4,80.923,1872,1,131,1,0,0,0.4823,0.4091
Wari_real_vid.mp4,80.966,1873,1,131,1,0,0,0.4823,0.4834
Wari_real_vid.mp4,81.009,1874,1,131,1,0,0,0.4823,0.4023
Wari_real_vid.mp4,81.052,1875,1,131,1,0,0,0.4823,0.4147
Wari_real_vid.mp4,81.096,1876,1,131,1,0,0,0.4823,0.4836
Wari_real_vid.mp4,81.139,1877,1,131,1,0,0,0.4823,0.4699
Wari_real_vid.mp4,81.182,1878,1,131,1,0,0,0.4823,0.4953
Wari_real_vid.mp4,81.225,1879,1,131,1,0,0,0.4823,0.4337
Wari_real_vid.mp4,81.269,1880,1,131,1,0,0,0.4823,0.3824
Wari_real_vid.mp4,81.312,1881,1,131,1,0,0,0.4823,0.3922
Wari_real_vid.mp4,81.355,1882,0,131,0,0,0,0.0,0.0
Wari_real_vid.mp4,81.398,1883,0,131,0,0,0,0.0,0.0
Wari_real_vid.mp4,81.442,1884,1,131,1,0,0,0.4823,0.3553
Wari_real_vid.mp4,81.485,1885,0,131,0,0,0,0.0,0.0
Wari_real_vid.mp4,81.528,1886,0,131,0,0,0,0.0,0.0
Wari_real_vid.mp4,81.571,1887,1,131,1,0,0,0.4823,0.3775
Wari_real_vid.mp4,81.614,1888,1,131,1,0,0,0.4823,0.3647
Wari_real_vid.mp4,81.658,1889,1,131,1,0,0,0.4823,0.445
Wari_real_vid.mp4,81.701,1890,1,131,1,0,0,0.4823,0.4469
Wari_real_vid.mp4,81.744,1891,1,131,1,0,0,0.4823,0.4066
Wari_real_vid.mp4,81.787,1892,1,131,1,0,0,0.4823,0.4075
Wari_real_vid.mp4,81.831,1893,1,131,1,0,0,0.4823,0.4528
Wari_real_vid.mp4,81.874,1894,1,131,1,0,0,0.4823,0.4901
Wari_real_vid.mp4,81.917,1895,1,131,1,0,0,0.4823,0.48
Wari_real_vid.mp4,81.960,1896,1,131,1,0,0,0.4823,0.44
Wari_real_vid.mp4,82.003,1897,1,131,1,0,0,0.4823,0.4252
Wari_real_vid.mp4,82.047,1898,1,131,1,0,0,0.4823,0.5013
Wari_real_vid.mp4,82.090,1899,1,131,1,0,0,0.4823,0.4419
Wari_real_vid.mp4,82.133,1900,1,131,1,0,0,0.4823,0.3815
Wari_real_vid.mp4,82.176,1901,0,131,0,0,0,0.0,0.0
Wari_real_vid.mp4,82.220,1902,0,131,0,0,0,0.0,0.0
Wari_real_vid.mp4,82.263,1903,0,131,0,0,0,0.0,0.0
Wari_real_vid.mp4,82.306,1904,7,138,7,0,0,3.3758,0.5681
Wari_real_vid.mp4,82.349,1905,8,140,8,0,0,3.858,0.6285
Wari_real_vid.mp4,82.393,1906,9,140,9,0,0,4.3403,0.6202
Wari_real_vid.mp4,82.436,1907,8,140,8,0,0,3.858,0.6632
Wari_real_vid.mp4,82.479,1908,7,140,7,0,0,3.3758,0.6982
Wari_real_vid.mp4,82.522,1909,4,140,4,0,0,1.929,0.8378
Wari_real_vid.mp4,82.565,1910,6,142,6,0,0,2.8935,0.7157
Wari_real_vid.mp4,82.609,1911,7,143,7,0,0,3.3758,0.7296
Wari_real_vid.mp4,82.652,1912,8,144,8,0,0,3.858,0.7007
Wari_real_vid.mp4,82.695,1913,9,145,9,0,0,4.3403,0.676
Wari_real_vid.mp4,82.738,1914,8,145,8,0,0,3.858,0.7438
Wari_real_vid.mp4,82.782,1915,8,145,8,0,0,3.858,0.7407
Wari_real_vid.mp4,82.825,1916,8,145,8,0,0,3.858,0.6881
Wari_real_vid.mp4,82.868,1917,7,145,7,0,0,3.3758,0.7378
Wari_real_vid.mp4,82.911,1918,7,145,7,0,0,3.3758,0.7802
Wari_real_vid.mp4,82.954,1919,7,145,7,0,0,3.3758,0.6715
Wari_real_vid.mp4,82.998,1920,7,145,7,0,0,3.3758,0.7424
Wari_real_vid.mp4,83.041,1921,7,146,7,0,0,3.3758,0.646
Wari_real_vid.mp4,83.084,1922,7,147,7,0,0,3.3758,0.6686
Wari_real_vid.mp4,83.127,1923,8,148,8,0,0,3.858,0.647
Wari_real_vid.mp4,83.171,1924,7,148,7,0,0,3.3758,0.7
Wari_real_vid.mp4,83.214,1925,7,148,7,0,0,3.3758,0.6828
Wari_real_vid.mp4,83.257,1926,7,148,7,0,0,3.3758,0.682
Wari_real_vid.mp4,83.300,1927,7,148,7,0,0,3.3758,0.612
Wari_real_vid.mp4,83.344,1928,6,148,6,0,0,2.8935,0.7188
Wari_real_vid.mp4,83.387,1929,8,150,8,0,0,3.858,0.6587
Wari_real_vid.mp4,83.430,1930,7,151,7,0,0,3.3758,0.7067
Wari_real_vid.mp4,83.473,1931,7,151,7,0,0,3.3758,0.7005
Wari_real_vid.mp4,83.516,1932,9,151,9,0,0,4.3403,0.6948
Wari_real_vid.mp4,83.560,1933,8,152,8,0,0,3.858,0.7136
Wari_real_vid.mp4,83.603,1934,7,152,7,0,0,3.3758,0.6529
Wari_real_vid.mp4,83.646,1935,7,153,7,0,0,3.3758,0.6268
Wari_real_vid.mp4,83.689,1936,8,154,8,0,0,3.858,0.5808
Wari_real_vid.mp4,83.733,1937,5,155,5,0,0,2.4113,0.6976
Wari_real_vid.mp4,83.776,1938,6,157,6,0,0,2.8935,0.6292
Wari_real_vid.mp4,83.819,1939,5,158,5,0,0,2.4113,0.6852
Wari_real_vid.mp4,83.862,1940,6,159,6,0,0,2.8935,0.662
Wari_real_vid.mp4,83.905,1941,7,160,7,0,0,3.3758,0.6659
Wari_real_vid.mp4,83.949,1942,4,160,4,0,0,1.929,0.7465
Wari_real_vid.mp4,83.992,1943,4,160,4,0,0,1.929,0.7933
Wari_real_vid.mp4,84.035,1944,4,160,4,0,0,1.929,0.6466
Wari_real_vid.mp4,84.078,1945,4,161,4,0,0,1.929,0.6279
Wari_real_vid.mp4,84.122,1946,5,162,5,0,0,2.4113,0.7053
Wari_real_vid.mp4,84.165,1947,4,162,4,0,0,1.929,0.6944
Wari_real_vid.mp4,84.208,1948,4,162,4,0,0,1.929,0.762
Wari_real_vid.mp4,84.251,1949,4,162,4,0,0,1.929,0.7933
Wari_real_vid.mp4,84.295,1950,4,162,4,0,0,1.929,0.7238
Wari_real_vid.mp4,84.338,1951,4,162,4,0,0,1.929,0.6615
Wari_real_vid.mp4,84.381,1952,4,163,4,0,0,1.929,0.7106
Wari_real_vid.mp4,84.424,1953,7,164,7,0,0,3.3758,0.6479
Wari_real_vid.mp4,84.467,1954,8,165,8,0,0,3.858,0.5835
Wari_real_vid.mp4,84.511,1955,6,165,6,0,0,2.8935,0.6788
Wari_real_vid.mp4,84.554,1956,7,165,7,0,0,3.3758,0.6668
Wari_real_vid.mp4,84.597,1957,8,166,8,0,0,3.858,0.5912
Wari_real_vid.mp4,84.640,1958,7,166,7,0,0,3.3758,0.6352
Wari_real_vid.mp4,84.684,1959,9,168,9,0,0,4.3403,0.5886
Wari_real_vid.mp4,84.727,1960,9,168,9,0,0,4.3403,0.6128
Wari_real_vid.mp4,84.770,1961,7,168,7,0,0,3.3758,0.6879
Wari_real_vid.mp4,84.813,1962,7,168,7,0,0,3.3758,0.6849
Wari_real_vid.mp4,84.857,1963,6,168,6,0,0,2.8935,0.7236
Wari_real_vid.mp4,84.900,1964,6,168,6,0,0,2.8935,0.6531
Wari_real_vid.mp4,84.943,1965,7,169,7,0,0,3.3758,0.6701
Wari_real_vid.mp4,84.986,1966,6,169,6,0,0,2.8935,0.6617
Wari_real_vid.mp4,85.029,1967,7,169,7,0,0,3.3758,0.6017
Wari_real_vid.mp4,85.073,1968,8,170,8,0,0,3.858,0.6044
Wari_real_vid.mp4,85.116,1969,9,171,9,0,0,4.3403,0.6037
Wari_real_vid.mp4,85.159,1970,7,171,7,0,0,3.3758,0.6513
Wari_real_vid.mp4,85.202,1971,7,171,7,0,0,3.3758,0.6522
Wari_real_vid.mp4,85.246,1972,8,172,8,0,0,3.858,0.5956
Wari_real_vid.mp4,85.289,1973,6,172,6,0,0,2.8935,0.562
Wari_real_vid.mp4,85.332,1974,5,172,5,0,0,2.4113,0.5705
Wari_real_vid.mp4,85.375,1975,5,172,5,0,0,2.4113,0.6833
Wari_real_vid.mp4,85.418,1976,4,172,4,0,0,1.929,0.4952
Wari_real_vid.mp4,85.462,1977,7,173,7,0,0,3.3758,0.5606
Wari_real_vid.mp4,85.505,1978,6,173,6,0,0,2.8935,0.6559
Wari_real_vid.mp4,85.548,1979,6,174,6,0,0,2.8935,0.6783
Wari_real_vid.mp4,85.591,1980,5,174,5,0,0,2.4113,0.6347
Wari_real_vid.mp4,85.635,1981,7,174,7,0,0,3.3758,0.6304
Wari_real_vid.mp4,85.678,1982,6,174,6,0,0,2.8935,0.6545
Wari_real_vid.mp4,85.721,1983,5,174,5,0,0,2.4113,0.6608
Wari_real_vid.mp4,85.764,1984,6,174,6,0,0,2.8935,0.6376
Wari_real_vid.mp4,85.808,1985,5,174,5,0,0,2.4113,0.7471
Wari_real_vid.mp4,85.851,1986,5,174,5,0,0,2.4113,0.7059
Wari_real_vid.mp4,85.894,1987,5,174,5,0,0,2.4113,0.6569
Wari_real_vid.mp4,85.937,1988,6,175,6,0,0,2.8935,0.6524
Wari_real_vid.mp4,85.980,1989,3,175,3,0,0,1.4468,0.7823
Wari_real_vid.mp4,86.024,1990,5,176,5,0,0,2.4113,0.5514
Wari_real_vid.mp4,86.067,1991,5,176,5,0,0,2.4113,0.6177
Wari_real_vid.mp4,86.110,1992,5,176,5,0,0,2.4113,0.5828
Wari_real_vid.mp4,86.153,1993,5,176,5,0,0,2.4113,0.5929
Wari_real_vid.mp4,86.197,1994,5,176,5,0,0,2.4113,0.5505
Wari_real_vid.mp4,86.240,1995,3,176,3,0,0,1.4468,0.5657
Wari_real_vid.mp4,86.283,1996,4,176,4,0,0,1.929,0.6895
Wari_real_vid.mp4,86.326,1997,5,176,5,0,0,2.4113,0.6124
Wari_real_vid.mp4,86.369,1998,6,176,6,0,0,2.8935,0.6462
Wari_real_vid.mp4,86.413,1999,6,176,6,0,0,2.8935,0.6924
Wari_real_vid.mp4,86.456,2000,6,176,6,0,0,2.8935,0.6639
Wari_real_vid.mp4,86.499,2001,6,176,6,0,0,2.8935,0.5859
Wari_real_vid.mp4,86.542,2002,5,176,5,0,0,2.4113,0.6598
Wari_real_vid.mp4,86.586,2003,6,177,6,0,0,2.8935,0.7289
Wari_real_vid.mp4,86.629,2004,4,177,4,0,0,1.929,0.6067
Wari_real_vid.mp4,86.672,2005,5,177,5,0,0,2.4113,0.6359
Wari_real_vid.mp4,86.715,2006,5,177,5,0,0,2.4113,0.636
Wari_real_vid.mp4,86.759,2007,4,177,4,0,0,1.929,0.6497
Wari_real_vid.mp4,86.802,2008,6,179,6,0,0,2.8935,0.7106
Wari_real_vid.mp4,86.845,2009,8,180,8,0,0,3.858,0.6478
Wari_real_vid.mp4,86.888,2010,7,180,7,0,0,3.3758,0.6694
Wari_real_vid.mp4,86.931,2011,8,181,8,0,0,3.858,0.6657
Wari_real_vid.mp4,86.975,2012,7,181,7,0,0,3.3758,0.7082
Wari_real_vid.mp4,87.018,2013,9,184,9,0,0,4.3403,0.7006
Wari_real_vid.mp4,87.061,2014,7,184,7,0,0,3.3758,0.6838
Wari_real_vid.mp4,87.104,2015,8,184,8,0,0,3.858,0.6767
Wari_real_vid.mp4,87.148,2016,9,184,9,0,0,4.3403,0.711
Wari_real_vid.mp4,87.191,2017,9,184,9,0,0,4.3403,0.6838
Wari_real_vid.mp4,87.234,2018,5,184,5,0,0,2.4113,0.6617
Wari_real_vid.mp4,87.277,2019,6,184,6,0,0,2.8935,0.5916
Wari_real_vid.mp4,87.321,2020,4,184,4,0,0,1.929,0.6235
Wari_real_vid.mp4,87.364,2021,5,186,5,0,0,2.4113,0.4909
Wari_real_vid.mp4,87.407,2022,3,186,3,0,0,1.4468,0.578
Wari_real_vid.mp4,87.450,2023,3,186,3,0,0,1.4468,0.495
Wari_real_vid.mp4,87.493,2024,2,186,2,0,0,0.9645,0.7717
Wari_real_vid.mp4,87.537,2025,4,186,4,0,0,1.929,0.544
Wari_real_vid.mp4,87.580,2026,5,187,5,0,0,2.4113,0.4461
Wari_real_vid.mp4,87.623,2027,2,187,2,0,0,0.9645,0.7047
Wari_real_vid.mp4,87.666,2028,2,187,2,0,0,0.9645,0.6097
Wari_real_vid.mp4,87.710,2029,3,187,3,0,0,1.4468,0.622
Wari_real_vid.mp4,87.753,2030,5,188,5,0,0,2.4113,0.5373
Wari_real_vid.mp4,87.796,2031,5,188,5,0,0,2.4113,0.5639
Wari_real_vid.mp4,87.839,2032,5,188,5,0,0,2.4113,0.631
Wari_real_vid.mp4,87.882,2033,7,189,7,0,0,3.3758,0.5123
Wari_real_vid.mp4,87.926,2034,7,190,7,0,0,3.3758,0.4679
Wari_real_vid.mp4,87.969,2035,6,191,6,0,0,2.8935,0.6103
Wari_real_vid.mp4,88.012,2036,6,191,6,0,0,2.8935,0.5865
Wari_real_vid.mp4,88.055,2037,8,193,8,0,0,3.858,0.6138
Wari_real_vid.mp4,88.099,2038,7,193,7,0,0,3.3758,0.6244
Wari_real_vid.mp4,88.142,2039,7,193,7,0,0,3.3758,0.7275
Wari_real_vid.mp4,88.185,2040,9,195,9,0,0,4.3403,0.673
Wari_real_vid.mp4,88.228,2041,7,196,7,0,0,3.3758,0.6913
Wari_real_vid.mp4,88.272,2042,7,196,7,0,0,3.3758,0.6799
Wari_real_vid.mp4,88.315,2043,7,196,7,0,0,3.3758,0.7895
Wari_real_vid.mp4,88.358,2044,7,196,7,0,0,3.3758,0.77
Wari_real_vid.mp4,88.401,2045,6,196,6,0,0,2.8935,0.7341
Wari_real_vid.mp4,88.444,2046,5,196,5,0,0,2.4113,0.7708
Wari_real_vid.mp4,88.488,2047,5,196,5,0,0,2.4113,0.6906
Wari_real_vid.mp4,88.531,2048,4,196,4,0,0,1.929,0.6699
Wari_real_vid.mp4,88.574,2049,3,196,3,0,0,1.4468,0.7548
Wari_real_vid.mp4,88.617,2050,2,196,2,0,0,0.9645,0.661
Wari_real_vid.mp4,88.661,2051,2,196,2,0,0,0.9645,0.5731
Wari_real_vid.mp4,88.704,2052,1,196,1,0,0,0.4823,0.4744
Wari_real_vid.mp4,88.747,2053,1,196,1,0,0,0.4823,0.3887
Wari_real_vid.mp4,88.790,2054,0,196,0,0,0,0.0,0.0
Wari_real_vid.mp4,88.833,2055,1,196,1,0,0,0.4823,0.587
Wari_real_vid.mp4,88.877,2056,1,196,1,0,0,0.4823,0.5348
Wari_real_vid.mp4,88.920,2057,1,196,1,0,0,0.4823,0.443
Wari_real_vid.mp4,88.963,2058,1,197,1,0,0,0.4823,0.4219
Wari_real_vid.mp4,89.006,2059,0,197,0,0,0,0.0,0.0
Wari_real_vid.mp4,89.050,2060,0,197,0,0,0,0.0,0.0
Wari_real_vid.mp4,89.093,2061,1,198,1,0,0,0.4823,0.733
Wari_real_vid.mp4,89.136,2062,1,198,1,0,0,0.4823,0.7553
Wari_real_vid.mp4,89.179,2063,1,198,1,0,0,0.4823,0.3693
Wari_real_vid.mp4,89.223,2064,1,198,1,0,0,0.4823,0.7407
Wari_real_vid.mp4,89.266,2065,2,199,2,0,0,0.9645,0.6839
Wari_real_vid.mp4,89.309,2066,2,199,2,0,0,0.9645,0.7027
Wari_real_vid.mp4,89.352,2067,4,200,4,0,0,1.929,0.5911
Wari_real_vid.mp4,89.395,2068,4,200,4,0,0,1.929,0.6017
Wari_real_vid.mp4,89.439,2069,5,200,5,0,0,2.4113,0.7218
Wari_real_vid.mp4,89.482,2070,4,200,4,0,0,1.929,0.7714
Wari_real_vid.mp4,89.525,2071,7,202,7,0,0,3.3758,0.6893
Wari_real_vid.mp4,89.568,2072,7,202,7,0,0,3.3758,0.6847
Wari_real_vid.mp4,89.612,2073,7,202,7,0,0,3.3758,0.6996
Wari_real_vid.mp4,89.655,2074,5,202,5,0,0,2.4113,0.8169
Wari_real_vid.mp4,89.698,2075,6,202,6,0,0,2.8935,0.7117
Wari_real_vid.mp4,89.741,2076,7,203,7,0,0,3.3758,0.6678
Wari_real_vid.mp4,89.785,2077,6,203,6,0,0,2.8935,0.7241
Wari_real_vid.mp4,89.828,2078,8,205,8,0,0,3.858,0.6329
Wari_real_vid.mp4,89.871,2079,8,205,8,0,0,3.858,0.6617
Wari_real_vid.mp4,89.914,2080,7,205,7,0,0,3.3758,0.6349
Wari_real_vid.mp4,89.957,2081,8,205,8,0,0,3.858,0.6222
Wari_real_vid.mp4,90.001,2082,7,205,7,0,0,3.3758,0.6528
Wari_real_vid.mp4,90.044,2083,7,205,7,0,0,3.3758,0.7108
Wari_real_vid.mp4,90.087,2084,7,205,7,0,0,3.3758,0.6881
Wari_real_vid.mp4,90.130,2085,6,205,6,0,0,2.8935,0.7349
Wari_real_vid.mp4,90.174,2086,6,205,6,0,0,2.8935,0.6985
Wari_real_vid.mp4,90.217,2087,4,205,4,0,0,1.929,0.6839
Wari_real_vid.mp4,90.260,2088,6,207,6,0,0,2.8935,0.6669
Wari_real_vid.mp4,90.303,2089,7,208,7,0,0,3.3758,0.6963
Wari_real_vid.mp4,90.346,2090,7,208,7,0,0,3.3758,0.6569
Wari_real_vid.mp4,90.390,2091,7,208,7,0,0,3.3758,0.6498
Wari_real_vid.mp4,90.433,2092,6,208,6,0,0,2.8935,0.5785
Wari_real_vid.mp4,90.476,2093,5,208,5,0,0,2.4113,0.5899
Wari_real_vid.mp4,90.519,2094,4,208,4,0,0,1.929,0.5276
Wari_real_vid.mp4,90.563,2095,5,209,5,0,0,2.4113,0.584
Wari_real_vid.mp4,90.606,2096,5,209,5,0,0,2.4113,0.5266
Wari_real_vid.mp4,90.649,2097,4,209,4,0,0,1.929,0.6948
Wari_real_vid.mp4,90.692,2098,4,209,4,0,0,1.929,0.6976
Wari_real_vid.mp4,90.736,2099,5,210,5,0,0,2.4113,0.6156
Wari_real_vid.mp4,90.779,2100,5,210,5,0,0,2.4113,0.6613
Wari_real_vid.mp4,90.822,2101,5,212,5,0,0,2.4113,0.5812
Wari_real_vid.mp4,90.865,2102,7,213,7,0,0,3.3758,0.6128
Wari_real_vid.mp4,90.908,2103,6,214,6,0,0,2.8935,0.6702
Wari_real_vid.mp4,90.952,2104,5,214,5,0,0,2.4113,0.6855
Wari_real_vid.mp4,90.995,2105,7,215,7,0,0,3.3758,0.6222
Wari_real_vid.mp4,91.038,2106,4,215,4,0,0,1.929,0.7293
Wari_real_vid.mp4,91.081,2107,5,216,5,0,0,2.4113,0.6635
Wari_real_vid.mp4,91.125,2108,4,216,4,0,0,1.929,0.7178
Wari_real_vid.mp4,91.168,2109,5,216,5,0,0,2.4113,0.6488
Wari_real_vid.mp4,91.211,2110,4,216,4,0,0,1.929,0.7306
Wari_real_vid.mp4,91.254,2111,5,216,5,0,0,2.4113,0.7277
Wari_real_vid.mp4,91.297,2112,6,217,6,0,0,2.8935,0.7078
Wari_real_vid.mp4,91.341,2113,5,217,5,0,0,2.4113,0.7397
Wari_real_vid.mp4,91.384,2114,5,218,5,0,0,2.4113,0.6743
Wari_real_vid.mp4,91.427,2115,4,218,4,0,0,1.929,0.6965
Wari_real_vid.mp4,91.470,2116,3,218,3,0,0,1.4468,0.781
Wari_real_vid.mp4,91.514,2117,5,219,5,0,0,2.4113,0.7058
Wari_real_vid.mp4,91.557,2118,7,220,7,0,0,3.3758,0.6546
Wari_real_vid.mp4,91.600,2119,7,221,7,0,0,3.3758,0.6791
Wari_real_vid.mp4,91.643,2120,8,221,8,0,0,3.858,0.638
Wari_real_vid.mp4,91.687,2121,8,221,8,0,0,3.858,0.6416
Wari_real_vid.mp4,91.730,2122,5,221,5,0,0,2.4113,0.6643
Wari_real_vid.mp4,91.773,2123,4,221,4,0,0,1.929,0.7538
Wari_real_vid.mp4,91.816,2124,3,221,3,0,0,1.4468,0.8394
Wari_real_vid.mp4,91.859,2125,4,221,4,0,0,1.929,0.7323
Wari_real_vid.mp4,91.903,2126,3,221,3,0,0,1.4468,0.7304
Wari_real_vid.mp4,91.946,2127,3,221,3,0,0,1.4468,0.7219
Wari_real_vid.mp4,91.989,2128,3,221,3,0,0,1.4468,0.6992
Wari_real_vid.mp4,92.032,2129,5,223,5,0,0,2.4113,0.6856
Wari_real_vid.mp4,92.076,2130,7,224,7,0,0,3.3758,0.5964
Wari_real_vid.mp4,92.119,2131,5,225,5,0,0,2.4113,0.7987
Wari_real_vid.mp4,92.162,2132,5,225,5,0,0,2.4113,0.7788
Wari_real_vid.mp4,92.205,2133,7,226,7,0,0,3.3758,0.6862
Wari_real_vid.mp4,92.248,2134,8,226,8,0,0,3.858,0.7462
Wari_real_vid.mp4,92.292,2135,8,226,8,0,0,3.858,0.7614
Wari_real_vid.mp4,92.335,2136,8,226,8,0,0,3.858,0.7162
Wari_real_vid.mp4,92.378,2137,8,226,8,0,0,3.858,0.7532
Wari_real_vid.mp4,92.421,2138,7,226,7,0,0,3.3758,0.7681
Wari_real_vid.mp4,92.465,2139,8,227,8,0,0,3.858,0.7201
Wari_real_vid.mp4,92.508,2140,9,227,9,0,0,4.3403,0.7259
Wari_real_vid.mp4,92.551,2141,7,227,7,0,0,3.3758,0.7463
Wari_real_vid.mp4,92.594,2142,9,228,9,0,0,4.3403,0.725
Wari_real_vid.mp4,92.638,2143,8,229,8,0,0,3.858,0.7053
Wari_real_vid.mp4,92.681,2144,8,229,8,0,0,3.858,0.7495
Wari_real_vid.mp4,92.724,2145,8,229,8,0,0,3.858,0.7783
Wari_real_vid.mp4,92.767,2146,8,229,8,0,0,3.858,0.7809
Wari_real_vid.mp4,92.810,2147,8,230,8,0,0,3.858,0.759
Wari_real_vid.mp4,92.854,2148,8,230,8,0,0,3.858,0.7699
Wari_real_vid.mp4,92.897,2149,7,230,7,0,0,3.3758,0.8252
Wari_real_vid.mp4,92.940,2150,8,230,8,0,0,3.858,0.7551
Wari_real_vid.mp4,92.983,2151,8,230,8,0,0,3.858,0.7717
Wari_real_vid.mp4,93.027,2152,9,230,9,0,0,4.3403,0.7162
Wari_real_vid.mp4,93.070,2153,8,230,8,0,0,3.858,0.7317
Wari_real_vid.mp4,93.113,2154,9,230,9,0,0,4.3403,0.6766
Wari_real_vid.mp4,93.156,2155,8,230,8,0,0,3.858,0.7012
Wari_real_vid.mp4,93.200,2156,5,230,5,0,0,2.4113,0.8586
Wari_real_vid.mp4,93.243,2157,5,230,5,0,0,2.4113,0.8339
Wari_real_vid.mp4,93.286,2158,5,230,5,0,0,2.4113,0.8601
Wari_real_vid.mp4,93.329,2159,6,231,6,0,0,2.8935,0.81
Wari_real_vid.mp4,93.372,2160,6,231,6,0,0,2.8935,0.7936
Wari_real_vid.mp4,93.416,2161,6,231,6,0,0,2.8935,0.7791
Wari_real_vid.mp4,93.459,2162,6,231,6,0,0,2.8935,0.7517
Wari_real_vid.mp4,93.502,2163,5,231,5,0,0,2.4113,0.8477
Wari_real_vid.mp4,93.545,2164,5,231,5,0,0,2.4113,0.8527
Wari_real_vid.mp4,93.589,2165,5,231,5,0,0,2.4113,0.7827
Wari_real_vid.mp4,93.632,2166,5,231,5,0,0,2.4113,0.8086
Wari_real_vid.mp4,93.675,2167,6,231,6,0,0,2.8935,0.7268
Wari_real_vid.mp4,93.718,2168,6,231,6,0,0,2.8935,0.7422
Wari_real_vid.mp4,93.761,2169,6,231,6,0,0,2.8935,0.693
Wari_real_vid.mp4,93.805,2170,6,232,6,0,0,2.8935,0.7419
Wari_real_vid.mp4,93.848,2171,6,232,6,0,0,2.8935,0.6951
Wari_real_vid.mp4,93.891,2172,4,232,4,0,0,1.929,0.749
Wari_real_vid.mp4,93.934,2173,4,232,4,0,0,1.929,0.7409
Wari_real_vid.mp4,93.978,2174,4,232,4,0,0,1.929,0.7611
Wari_real_vid.mp4,94.021,2175,4,232,4,0,0,1.929,0.7758
Wari_real_vid.mp4,94.064,2176,3,232,3,0,0,1.4468,0.8452
Wari_real_vid.mp4,94.107,2177,3,232,3,0,0,1.4468,0.8545
Wari_real_vid.mp4,94.151,2178,3,232,3,0,0,1.4468,0.7934
Wari_real_vid.mp4,94.194,2179,3,232,3,0,0,1.4468,0.7752
Wari_real_vid.mp4,94.237,2180,3,232,3,0,0,1.4468,0.7645
Wari_real_vid.mp4,94.280,2181,2,232,2,0,0,0.9645,0.7335
Wari_real_vid.mp4,94.323,2182,2,232,2,0,0,0.9645,0.7695
Wari_real_vid.mp4,94.367,2183,2,232,2,0,0,0.9645,0.8376
Wari_real_vid.mp4,94.410,2184,2,232,2,0,0,0.9645,0.8177
Wari_real_vid.mp4,94.453,2185,2,232,2,0,0,0.9645,0.7911
Wari_real_vid.mp4,94.496,2186,2,232,2,0,0,0.9645,0.823
Wari_real_vid.mp4,94.540,2187,2,232,2,0,0,0.9645,0.7425
Wari_real_vid.mp4,94.583,2188,2,232,2,0,0,0.9645,0.8139
Wari_real_vid.mp4,94.626,2189,2,232,2,0,0,0.9645,0.7832
Wari_real_vid.mp4,94.669,2190,2,232,2,0,0,0.9645,0.8272
Wari_real_vid.mp4,94.712,2191,2,232,2,0,0,0.9645,0.8536
Wari_real_vid.mp4,94.756,2192,2,232,2,0,0,0.9645,0.8435
Wari_real_vid.mp4,94.799,2193,2,232,2,0,0,0.9645,0.8141
Wari_real_vid.mp4,94.842,2194,2,232,2,0,0,0.9645,0.7997
Wari_real_vid.mp4,94.885,2195,2,232,2,0,0,0.9645,0.7622
Wari_real_vid.mp4,94.929,2196,2,232,2,0,0,0.9645,0.8481
Wari_real_vid.mp4,94.972,2197,2,232,2,0,0,0.9645,0.8737
Wari_real_vid.mp4,95.015,2198,2,232,2,0,0,0.9645,0.8623
Wari_real_vid.mp4,95.058,2199,2,232,2,0,0,0.9645,0.9092
Wari_real_vid.mp4,95.102,2200,2,232,2,0,0,0.9645,0.8939
Wari_real_vid.mp4,95.145,2201,2,232,2,0,0,0.9645,0.8874
Wari_real_vid.mp4,95.188,2202,2,232,2,0,0,0.9645,0.8902
Wari_real_vid.mp4,95.231,2203,2,232,2,0,0,0.9645,0.9185
Wari_real_vid.mp4,95.274,2204,2,232,2,0,0,0.9645,0.9331
Wari_real_vid.mp4,95.318,2205,2,232,2,0,0,0.9645,0.8983
Wari_real_vid.mp4,95.361,2206,2,232,2,0,0,0.9645,0.9136
Wari_real_vid.mp4,95.404,2207,3,233,3,0,0,1.4468,0.8456
Wari_real_vid.mp4,95.447,2208,3,233,3,0,0,1.4468,0.8121
Wari_real_vid.mp4,95.491,2209,3,233,3,0,0,1.4468,0.8543
Wari_real_vid.mp4,95.534,2210,3,233,3,0,0,1.4468,0.8563
Wari_real_vid.mp4,95.577,2211,4,234,4,0,0,1.929,0.846
Wari_real_vid.mp4,95.620,2212,4,234,4,0,0,1.929,0.8726
Wari_real_vid.mp4,95.664,2213,4,234,4,0,0,1.929,0.8951
Wari_real_vid.mp4,95.707,2214,4,234,4,0,0,1.929,0.8955
Wari_real_vid.mp4,95.750,2215,4,234,4,0,0,1.929,0.8968
Wari_real_vid.mp4,95.793,2216,5,235,5,0,0,2.4113,0.8636
Wari_real_vid.mp4,95.836,2217,5,235,5,0,0,2.4113,0.8829
Wari_real_vid.mp4,95.880,2218,5,235,5,0,0,2.4113,0.8937
Wari_real_vid.mp4,95.923,2219,5,235,5,0,0,2.4113,0.8444
Wari_real_vid.mp4,95.966,2220,6,236,6,0,0,2.8935,0.8408
Wari_real_vid.mp4,96.009,2221,6,236,6,0,0,2.8935,0.8704
Wari_real_vid.mp4,96.053,2222,6,236,6,0,0,2.8935,0.8715
Wari_real_vid.mp4,96.096,2223,6,236,6,0,0,2.8935,0.8689
Wari_real_vid.mp4,96.139,2224,6,236,6,0,0,2.8935,0.8616
Wari_real_vid.mp4,96.182,2225,6,236,6,0,0,2.8935,0.8336
Wari_real_vid.mp4,96.225,2226,6,236,6,0,0,2.8935,0.8469
Wari_real_vid.mp4,96.269,2227,5,236,5,0,0,2.4113,0.7911
Wari_real_vid.mp4,96.312,2228,5,236,5,0,0,2.4113,0.7991
Wari_real_vid.mp4,96.355,2229,6,237,6,0,0,2.8935,0.7156
Wari_real_vid.mp4,96.398,2230,5,237,5,0,0,2.4113,0.8739
Wari_real_vid.mp4,96.442,2231,5,237,5,0,0,2.4113,0.8867
Wari_real_vid.mp4,96.485,2232,6,237,6,0,0,2.8935,0.8037
Wari_real_vid.mp4,96.528,2233,5,237,5,0,0,2.4113,0.8712
Wari_real_vid.mp4,96.571,2234,6,237,6,0,0,2.8935,0.7818
Wari_real_vid.mp4,96.615,2235,7,238,7,0,0,3.3758,0.7334
Wari_real_vid.mp4,96.658,2236,7,239,7,0,0,3.3758,0.7295
Wari_real_vid.mp4,96.701,2237,7,239,7,0,0,3.3758,0.7628
Wari_real_vid.mp4,96.744,2238,8,239,8,0,0,3.858,0.7269
Wari_real_vid.mp4,96.787,2239,7,239,7,0,0,3.3758,0.7867
Wari_real_vid.mp4,96.831,2240,7,239,7,0,0,3.3758,0.7687
Wari_real_vid.mp4,96.874,2241,7,239,7,0,0,3.3758,0.7693
Wari_real_vid.mp4,96.917,2242,9,240,9,0,0,4.3403,0.7143
Wari_real_vid.mp4,96.960,2243,8,240,8,0,0,3.858,0.7683
Wari_real_vid.mp4,97.004,2244,7,240,7,0,0,3.3758,0.8228
Wari_real_vid.mp4,97.047,2245,8,241,8,0,0,3.858,0.7795
Wari_real_vid.mp4,97.090,2246,8,241,8,0,0,3.858,0.7704
Wari_real_vid.mp4,97.133,2247,7,241,7,0,0,3.3758,0.7635
Wari_real_vid.mp4,97.176,2248,7,241,7,0,0,3.3758,0.7923
Wari_real_vid.mp4,97.220,2249,7,241,7,0,0,3.3758,0.8073
Wari_real_vid.mp4,97.263,2250,7,241,7,0,0,3.3758,0.8103
Wari_real_vid.mp4,97.306,2251,7,241,7,0,0,3.3758,0.7876
Wari_real_vid.mp4,97.349,2252,7,241,7,0,0,3.3758,0.7815
Wari_real_vid.mp4,97.393,2253,8,242,8,0,0,3.858,0.7742
Wari_real_vid.mp4,97.436,2254,8,242,8,0,0,3.858,0.7462
Wari_real_vid.mp4,97.479,2255,8,242,8,0,0,3.858,0.7395
Wari_real_vid.mp4,97.522,2256,8,242,8,0,0,3.858,0.7208
Wari_real_vid.mp4,97.566,2257,8,242,8,0,0,3.858,0.7386
Wari_real_vid.mp4,97.609,2258,8,242,8,0,0,3.858,0.7352
Wari_real_vid.mp4,97.652,2259,8,242,8,0,0,3.858,0.7443
Wari_real_vid.mp4,97.695,2260,8,242,8,0,0,3.858,0.7654
Wari_real_vid.mp4,97.738,2261,8,242,8,0,0,3.858,0.7697
Wari_real_vid.mp4,97.782,2262,8,242,8,0,0,3.858,0.7674
Wari_real_vid.mp4,97.825,2263,8,242,8,0,0,3.858,0.755
Wari_real_vid.mp4,97.868,2264,8,242,8,0,0,3.858,0.7985
Wari_real_vid.mp4,97.911,2265,8,242,8,0,0,3.858,0.7499
Wari_real_vid.mp4,97.955,2266,9,243,9,0,0,4.3403,0.7226
Wari_real_vid.mp4,97.998,2267,9,243,9,0,0,4.3403,0.763
Wari_real_vid.mp4,98.041,2268,8,243,8,0,0,3.858,0.7952
Wari_real_vid.mp4,98.084,2269,9,243,9,0,0,4.3403,0.7501
Wari_real_vid.mp4,98.128,2270,9,243,9,0,0,4.3403,0.7604
Wari_real_vid.mp4,98.171,2271,9,243,9,0,0,4.3403,0.7486
Wari_real_vid.mp4,98.214,2272,9,243,9,0,0,4.3403,0.7721
Wari_real_vid.mp4,98.257,2273,11,245,11,0,0,5.3048,0.6731
Wari_real_vid.mp4,98.300,2274,9,245,9,0,0,4.3403,0.7463
Wari_real_vid.mp4,98.344,2275,8,245,8,0,0,3.858,0.7844
Wari_real_vid.mp4,98.387,2276,8,245,8,0,0,3.858,0.7755
Wari_real_vid.mp4,98.430,2277,8,245,8,0,0,3.858,0.7632
Wari_real_vid.mp4,98.473,2278,8,245,8,0,0,3.858,0.7755
Wari_real_vid.mp4,98.517,2279,8,245,8,0,0,3.858,0.77
Wari_real_vid.mp4,98.560,2280,9,246,9,0,0,4.3403,0.7523
Wari_real_vid.mp4,98.603,2281,9,246,9,0,0,4.3403,0.7504
Wari_real_vid.mp4,98.646,2282,9,246,9,0,0,4.3403,0.7801
Wari_real_vid.mp4,98.689,2283,9,246,9,0,0,4.3403,0.7708
Wari_real_vid.mp4,98.733,2284,10,248,10,0,0,4.8225,0.7604
Wari_real_vid.mp4,98.776,2285,10,248,10,0,0,4.8225,0.7134
Wari_real_vid.mp4,98.819,2286,10,249,10,0,0,4.8225,0.7129
Wari_real_vid.mp4,98.862,2287,10,249,10,0,0,4.8225,0.714
Wari_real_vid.mp4,98.906,2288,9,249,9,0,0,4.3403,0.7691
Wari_real_vid.mp4,98.949,2289,9,249,9,0,0,4.3403,0.7902
Wari_real_vid.mp4,98.992,2290,9,249,9,0,0,4.3403,0.787
Wari_real_vid.mp4,99.035,2291,10,249,10,0,0,4.8225,0.7295
Wari_real_vid.mp4,99.079,2292,10,249,10,0,0,4.8225,0.7326
Wari_real_vid.mp4,99.122,2293,10,249,10,0,0,4.8225,0.7215
Wari_real_vid.mp4,99.165,2294,11,250,11,0,0,5.3048,0.7011
Wari_real_vid.mp4,99.208,2295,9,250,9,0,0,4.3403,0.7686
Wari_real_vid.mp4,99.251,2296,9,250,9,0,0,4.3403,0.7365
Wari_real_vid.mp4,99.295,2297,9,250,9,0,0,4.3403,0.7542
Wari_real_vid.mp4,99.338,2298,9,250,9,0,0,4.3403,0.7789
Wari_real_vid.mp4,99.381,2299,8,250,8,0,0,3.858,0.8167
Wari_real_vid.mp4,99.424,2300,8,250,8,0,0,3.858,0.8195
Wari_real_vid.mp4,99.468,2301,8,250,8,0,0,3.858,0.8202
Wari_real_vid.mp4,99.511,2302,7,250,7,0,0,3.3758,0.8231
Wari_real_vid.mp4,99.554,2303,8,251,8,0,0,3.858,0.759
Wari_real_vid.mp4,99.597,2304,7,251,7,0,0,3.3758,0.8052
Wari_real_vid.mp4,99.640,2305,7,251,7,0,0,3.3758,0.7616
Wari_real_vid.mp4,99.684,2306,8,252,8,0,0,3.858,0.7077
Wari_real_vid.mp4,99.727,2307,7,252,7,0,0,3.3758,0.7437
Wari_real_vid.mp4,99.770,2308,6,252,6,0,0,2.8935,0.7819
Wari_real_vid.mp4,99.813,2309,6,252,6,0,0,2.8935,0.8218
Wari_real_vid.mp4,99.857,2310,6,252,6,0,0,2.8935,0.8114
Wari_real_vid.mp4,99.900,2311,6,252,6,0,0,2.8935,0.7782
Wari_real_vid.mp4,99.943,2312,6,252,6,0,0,2.8935,0.7411
Wari_real_vid.mp4,99.986,2313,7,253,7,0,0,3.3758,0.7042
Wari_real_vid.mp4,100.030,2314,7,253,7,0,0,3.3758,0.7117
Wari_real_vid.mp4,100.073,2315,6,253,6,0,0,2.8935,0.7748
Wari_real_vid.mp4,100.116,2316,6,253,6,0,0,2.8935,0.8021
Wari_real_vid.mp4,100.159,2317,7,253,7,0,0,3.3758,0.755
Wari_real_vid.mp4,100.202,2318,8,254,8,0,0,3.858,0.7132
Wari_real_vid.mp4,100.246,2319,6,254,6,0,0,2.8935,0.8083
Wari_real_vid.mp4,100.289,2320,7,255,7,0,0,3.3758,0.7399
Wari_real_vid.mp4,100.332,2321,7,255,7,0,0,3.3758,0.7484
Wari_real_vid.mp4,100.375,2322,6,255,6,0,0,2.8935,0.7949
Wari_real_vid.mp4,100.419,2323,6,255,6,0,0,2.8935,0.7996
Wari_real_vid.mp4,100.462,2324,7,256,7,0,0,3.3758,0.7706
Wari_real_vid.mp4,100.505,2325,7,256,7,0,0,3.3758,0.7633
Wari_real_vid.mp4,100.548,2326,7,256,7,0,0,3.3758,0.7938
Wari_real_vid.mp4,100.591,2327,7,256,7,0,0,3.3758,0.7889
Wari_real_vid.mp4,100.635,2328,7,256,7,0,0,3.3758,0.8096
Wari_real_vid.mp4,100.678,2329,7,256,7,0,0,3.3758,0.8057
Wari_real_vid.mp4,100.721,2330,7,256,7,0,0,3.3758,0.8091
Wari_real_vid.mp4,100.764,2331,7,256,7,0,0,3.3758,0.8058
Wari_real_vid.mp4,100.808,2332,7,256,7,0,0,3.3758,0.7664
Wari_real_vid.mp4,100.851,2333,6,256,6,0,0,2.8935,0.8059
Wari_real_vid.mp4,100.894,2334,6,256,6,0,0,2.8935,0.7815
Wari_real_vid.mp4,100.937,2335,6,256,6,0,0,2.8935,0.739
Wari_real_vid.mp4,100.981,2336,6,256,6,0,0,2.8935,0.7682
Wari_real_vid.mp4,101.024,2337,6,256,6,0,0,2.8935,0.7633
Wari_real_vid.mp4,101.067,2338,6,256,6,0,0,2.8935,0.7808
Wari_real_vid.mp4,101.110,2339,6,256,6,0,0,2.8935,0.7498
Wari_real_vid.mp4,101.153,2340,6,256,6,0,0,2.8935,0.751
Wari_real_vid.mp4,101.197,2341,6,256,6,0,0,2.8935,0.7875
Wari_real_vid.mp4,101.240,2342,7,257,7,0,0,3.3758,0.7367
Wari_real_vid.mp4,101.283,2343,8,258,8,0,0,3.858,0.6761
Wari_real_vid.mp4,101.326,2344,8,258,8,0,0,3.858,0.6826
Wari_real_vid.mp4,101.370,2345,8,258,8,0,0,3.858,0.6633
Wari_real_vid.mp4,101.413,2346,6,258,6,0,0,2.8935,0.7515
Wari_real_vid.mp4,101.456,2347,9,260,9,0,0,4.3403,0.6636
Wari_real_vid.mp4,101.499,2348,8,260,8,0,0,3.858,0.6802
Wari_real_vid.mp4,101.543,2349,6,260,6,0,0,2.8935,0.7626
Wari_real_vid.mp4,101.586,2350,8,260,8,0,0,3.858,0.6832
Wari_real_vid.mp4,101.629,2351,7,260,7,0,0,3.3758,0.7001
Wari_real_vid.mp4,101.672,2352,7,260,7,0,0,3.3758,0.7166
Wari_real_vid.mp4,101.715,2353,6,260,6,0,0,2.8935,0.7638
Wari_real_vid.mp4,101.759,2354,8,260,8,0,0,3.858,0.6804
Wari_real_vid.mp4,101.802,2355,8,261,8,0,0,3.858,0.7053
Wari_real_vid.mp4,101.845,2356,8,261,8,0,0,3.858,0.7165
Wari_real_vid.mp4,101.888,2357,8,261,8,0,0,3.858,0.7241
Wari_real_vid.mp4,101.932,2358,8,261,8,0,0,3.858,0.7156
Wari_real_vid.mp4,101.975,2359,7,261,7,0,0,3.3758,0.7295
Wari_real_vid.mp4,102.018,2360,7,261,7,0,0,3.3758,0.7296
Wari_real_vid.mp4,102.061,2361,6,261,6,0,0,2.8935,0.7636
Wari_real_vid.mp4,102.104,2362,6,261,6,0,0,2.8935,0.7421
Wari_real_vid.mp4,102.148,2363,5,261,5,0,0,2.4113,0.7652
Wari_real_vid.mp4,102.191,2364,7,261,7,0,0,3.3758,0.6726
Wari_real_vid.mp4,102.234,2365,7,261,7,0,0,3.3758,0.6887
Wari_real_vid.mp4,102.277,2366,8,261,8,0,0,3.858,0.6194
Wari_real_vid.mp4,102.321,2367,7,261,7,0,0,3.3758,0.6927
Wari_real_vid.mp4,102.364,2368,6,261,6,0,0,2.8935,0.6912
Wari_real_vid.mp4,102.407,2369,6,262,6,0,0,2.8935,0.7284
Wari_real_vid.mp4,102.450,2370,7,262,7,0,0,3.3758,0.6825
Wari_real_vid.mp4,102.494,2371,7,262,7,0,0,3.3758,0.6728
Wari_real_vid.mp4,102.537,2372,6,262,6,0,0,2.8935,0.7032
Wari_real_vid.mp4,102.580,2373,7,262,7,0,0,3.3758,0.7202
Wari_real_vid.mp4,102.623,2374,7,262,7,0,0,3.3758,0.7027
Wari_real_vid.mp4,102.666,2375,7,262,7,0,0,3.3758,0.7192
Wari_real_vid.mp4,102.710,2376,6,262,6,0,0,2.8935,0.781
Wari_real_vid.mp4,102.753,2377,7,262,7,0,0,3.3758,0.7521
Wari_real_vid.mp4,102.796,2378,6,262,6,0,0,2.8935,0.765
Wari_real_vid.mp4,102.839,2379,7,262,7,0,0,3.3758,0.7456
Wari_real_vid.mp4,102.883,2380,7,262,7,0,0,3.3758,0.7108
Wari_real_vid.mp4,102.926,2381,7,262,7,0,0,3.3758,0.6943
Wari_real_vid.mp4,102.969,2382,6,262,6,0,0,2.8935,0.7232
Wari_real_vid.mp4,103.012,2383,5,262,5,0,0,2.4113,0.7888
Wari_real_vid.mp4,103.055,2384,6,263,6,0,0,2.8935,0.7322
Wari_real_vid.mp4,103.099,2385,6,263,6,0,0,2.8935,0.727
Wari_real_vid.mp4,103.142,2386,7,264,7,0,0,3.3758,0.7162
Wari_real_vid.mp4,103.185,2387,8,264,8,0,0,3.858,0.6614
Wari_real_vid.mp4,103.228,2388,8,264,8,0,0,3.858,0.6701
Wari_real_vid.mp4,103.272,2389,7,264,7,0,0,3.3758,0.697
Wari_real_vid.mp4,103.315,2390,7,264,7,0,0,3.3758,0.7251
Wari_real_vid.mp4,103.358,2391,9,265,9,0,0,4.3403,0.6254
Wari_real_vid.mp4,103.401,2392,6,265,6,0,0,2.8935,0.7605
Wari_real_vid.mp4,103.445,2393,8,266,8,0,0,3.858,0.6854
Wari_real_vid.mp4,103.488,2394,7,266,7,0,0,3.3758,0.7311
Wari_real_vid.mp4,103.531,2395,8,267,8,0,0,3.858,0.6728
Wari_real_vid.mp4,103.574,2396,6,267,6,0,0,2.8935,0.7647
Wari_real_vid.mp4,103.617,2397,7,268,7,0,0,3.3758,0.7477
Wari_real_vid.mp4,103.661,2398,7,268,7,0,0,3.3758,0.7514
Wari_real_vid.mp4,103.704,2399,8,268,8,0,0,3.858,0.6871
Wari_real_vid.mp4,103.747,2400,6,268,6,0,0,2.8935,0.7976
Wari_real_vid.mp4,103.790,2401,8,269,8,0,0,3.858,0.6714
Wari_real_vid.mp4,103.834,2402,8,269,8,0,0,3.858,0.6926
Wari_real_vid.mp4,103.877,2403,7,269,7,0,0,3.3758,0.7547
Wari_real_vid.mp4,103.920,2404,7,269,7,0,0,3.3758,0.7736
Wari_real_vid.mp4,103.963,2405,8,269,8,0,0,3.858,0.7412
Wari_real_vid.mp4,104.007,2406,8,269,8,0,0,3.858,0.721
Wari_real_vid.mp4,104.050,2407,6,269,6,0,0,2.8935,0.7903
Wari_real_vid.mp4,104.093,2408,6,269,6,0,0,2.8935,0.7788
Wari_real_vid.mp4,104.136,2409,6,269,6,0,0,2.8935,0.7708
Wari_real_vid.mp4,104.179,2410,7,269,7,0,0,3.3758,0.7047
Wari_real_vid.mp4,104.223,2411,6,269,6,0,0,2.8935,0.7558
Wari_real_vid.mp4,104.266,2412,6,269,6,0,0,2.8935,0.7641
Wari_real_vid.mp4,104.309,2413,7,269,7,0,0,3.3758,0.7288
Wari_real_vid.mp4,104.352,2414,7,269,7,0,0,3.3758,0.7609
Wari_real_vid.mp4,104.396,2415,7,269,7,0,0,3.3758,0.7684
Wari_real_vid.mp4,104.439,2416,7,269,7,0,0,3.3758,0.7654
Wari_real_vid.mp4,104.482,2417,7,269,7,0,0,3.3758,0.7788
Wari_real_vid.mp4,104.525,2418,8,270,8,0,0,3.858,0.7014
Wari_real_vid.mp4,104.568,2419,8,270,8,0,0,3.858,0.7133
Wari_real_vid.mp4,104.612,2420,7,270,7,0,0,3.3758,0.7241
Wari_real_vid.mp4,104.655,2421,8,271,8,0,0,3.858,0.7555
Wari_real_vid.mp4,104.698,2422,8,271,8,0,0,3.858,0.7243
Wari_real_vid.mp4,104.741,2423,7,271,7,0,0,3.3758,0.7457
Wari_real_vid.mp4,104.785,2424,7,271,7,0,0,3.3758,0.7423
Wari_real_vid.mp4,104.828,2425,7,271,7,0,0,3.3758,0.7192
Wari_real_vid.mp4,104.871,2426,7,271,7,0,0,3.3758,0.734
Wari_real_vid.mp4,104.914,2427,7,271,7,0,0,3.3758,0.7409
Wari_real_vid.mp4,104.958,2428,7,271,7,0,0,3.3758,0.7716
Wari_real_vid.mp4,105.001,2429,7,271,7,0,0,3.3758,0.7722
Wari_real_vid.mp4,105.044,2430,8,271,8,0,0,3.858,0.7372
Wari_real_vid.mp4,105.087,2431,7,271,7,0,0,3.3758,0.786
Wari_real_vid.mp4,105.130,2432,8,272,8,0,0,3.858,0.7372
Wari_real_vid.mp4,105.174,2433,6,272,6,0,0,2.8935,0.8022
Wari_real_vid.mp4,105.217,2434,7,272,7,0,0,3.3758,0.7154
Wari_real_vid.mp4,105.260,2435,7,272,7,0,0,3.3758,0.7136
Wari_real_vid.mp4,105.303,2436,7,272,7,0,0,3.3758,0.7148
Wari_real_vid.mp4,105.347,2437,7,272,7,0,0,3.3758,0.7691
Wari_real_vid.mp4,105.390,2438,7,272,7,0,0,3.3758,0.7769
Wari_real_vid.mp4,105.433,2439,8,272,8,0,0,3.858,0.765
Wari_real_vid.mp4,105.476,2440,7,272,7,0,0,3.3758,0.7429
Wari_real_vid.mp4,105.519,2441,8,272,8,0,0,3.858,0.6974
Wari_real_vid.mp4,105.563,2442,9,272,9,0,0,4.3403,0.6423
Wari_real_vid.mp4,105.606,2443,8,272,8,0,0,3.858,0.6876
Wari_real_vid.mp4,105.649,2444,7,272,7,0,0,3.3758,0.7377
Wari_real_vid.mp4,105.692,2445,8,272,8,0,0,3.858,0.7637
Wari_real_vid.mp4,105.736,2446,8,272,8,0,0,3.858,0.7563
Wari_real_vid.mp4,105.779,2447,8,272,8,0,0,3.858,0.769
Wari_real_vid.mp4,105.822,2448,8,272,8,0,0,3.858,0.7557
Wari_real_vid.mp4,105.865,2449,9,273,9,0,0,4.3403,0.6695
Wari_real_vid.mp4,105.909,2450,10,273,10,0,0,4.8225,0.6816
Wari_real_vid.mp4,105.952,2451,8,273,8,0,0,3.858,0.7544
Wari_real_vid.mp4,105.995,2452,9,274,9,0,0,4.3403,0.7282
Wari_real_vid.mp4,106.038,2453,9,274,9,0,0,4.3403,0.7538
Wari_real_vid.mp4,106.081,2454,8,274,8,0,0,3.858,0.7674
Wari_real_vid.mp4,106.125,2455,8,274,8,0,0,3.858,0.794
Wari_real_vid.mp4,106.168,2456,8,274,8,0,0,3.858,0.8062
Wari_real_vid.mp4,106.211,2457,8,274,8,0,0,3.858,0.772
Wari_real_vid.mp4,106.254,2458,8,274,8,0,0,3.858,0.7925
Wari_real_vid.mp4,106.298,2459,9,275,9,0,0,4.3403,0.7342
Wari_real_vid.mp4,106.341,2460,9,275,9,0,0,4.3403,0.7169
Wari_real_vid.mp4,106.384,2461,8,275,8,0,0,3.858,0.7234
Wari_real_vid.mp4,106.427,2462,9,276,9,0,0,4.3403,0.7404
Wari_real_vid.mp4,106.471,2463,9,276,9,0,0,4.3403,0.7186
Wari_real_vid.mp4,106.514,2464,9,276,9,0,0,4.3403,0.7543
Wari_real_vid.mp4,106.557,2465,9,276,9,0,0,4.3403,0.7705
Wari_real_vid.mp4,106.600,2466,9,276,9,0,0,4.3403,0.7609
Wari_real_vid.mp4,106.643,2467,9,276,9,0,0,4.3403,0.7538
Wari_real_vid.mp4,106.687,2468,9,276,9,0,0,4.3403,0.7474
Wari_real_vid.mp4,106.730,2469,10,277,10,0,0,4.8225,0.6967
Wari_real_vid.mp4,106.773,2470,9,277,9,0,0,4.3403,0.7361
Wari_real_vid.mp4,106.816,2471,9,277,9,0,0,4.3403,0.7784
Wari_real_vid.mp4,106.860,2472,8,277,8,0,0,3.858,0.8175
Wari_real_vid.mp4,106.903,2473,8,277,8,0,0,3.858,0.7911
Wari_real_vid.mp4,106.946,2474,8,277,8,0,0,3.858,0.7879
Wari_real_vid.mp4,106.989,2475,7,277,7,0,0,3.3758,0.817
Wari_real_vid.mp4,107.032,2476,8,278,8,0,0,3.858,0.7714
Wari_real_vid.mp4,107.076,2477,8,278,8,0,0,3.858,0.7696
Wari_real_vid.mp4,107.119,2478,9,279,9,0,0,4.3403,0.7219
Wari_real_vid.mp4,107.162,2479,8,279,8,0,0,3.858,0.7855
Wari_real_vid.mp4,107.205,2480,8,280,8,0,0,3.858,0.7794
Wari_real_vid.mp4,107.249,2481,9,281,9,0,0,4.3403,0.731
Wari_real_vid.mp4,107.292,2482,9,281,9,0,0,4.3403,0.7416
Wari_real_vid.mp4,107.335,2483,9,281,9,0,0,4.3403,0.7766
Wari_real_vid.mp4,107.378,2484,9,281,9,0,0,4.3403,0.7762
Wari_real_vid.mp4,107.422,2485,9,281,9,0,0,4.3403,0.7597
Wari_real_vid.mp4,107.465,2486,9,281,9,0,0,4.3403,0.729
Wari_real_vid.mp4,107.508,2487,7,281,7,0,0,3.3758,0.814
Wari_real_vid.mp4,107.551,2488,8,281,8,0,0,3.858,0.7484
Wari_real_vid.mp4,107.594,2489,8,281,8,0,0,3.858,0.7602
Wari_real_vid.mp4,107.638,2490,8,281,8,0,0,3.858,0.7882
Wari_real_vid.mp4,107.681,2491,8,281,8,0,0,3.858,0.7753
Wari_real_vid.mp4,107.724,2492,9,282,9,0,0,4.3403,0.7485
Wari_real_vid.mp4,107.767,2493,9,282,9,0,0,4.3403,0.7582
Wari_real_vid.mp4,107.811,2494,10,283,10,0,0,4.8225,0.7205
Wari_real_vid.mp4,107.854,2495,10,283,10,0,0,4.8225,0.7127
Wari_real_vid.mp4,107.897,2496,10,283,10,0,0,4.8225,0.7185
Wari_real_vid.mp4,107.940,2497,10,283,10,0,0,4.8225,0.7369
Wari_real_vid.mp4,107.983,2498,10,283,10,0,0,4.8225,0.7166
Wari_real_vid.mp4,108.027,2499,9,283,9,0,0,4.3403,0.76
Wari_real_vid.mp4,108.070,2500,9,283,9,0,0,4.3403,0.7818
Wari_real_vid.mp4,108.113,2501,9,283,9,0,0,4.3403,0.7705
Wari_real_vid.mp4,108.156,2502,8,283,8,0,0,3.858,0.8024
Wari_real_vid.mp4,108.200,2503,8,283,8,0,0,3.858,0.751
Wari_real_vid.mp4,108.243,2504,8,283,8,0,0,3.858,0.7597
Wari_real_vid.mp4,108.286,2505,8,283,8,0,0,3.858,0.7272
Wari_real_vid.mp4,108.329,2506,9,284,9,0,0,4.3403,0.7459
Wari_real_vid.mp4,108.373,2507,9,284,9,0,0,4.3403,0.7448
Wari_real_vid.mp4,108.416,2508,9,284,9,0,0,4.3403,0.7214
Wari_real_vid.mp4,108.459,2509,9,284,9,0,0,4.3403,0.6275
Wari_real_vid.mp4,108.502,2510,9,285,9,0,0,4.3403,0.6509
Wari_real_vid.mp4,108.545,2511,7,285,7,0,0,3.3758,0.7719
Wari_real_vid.mp4,108.589,2512,7,285,7,0,0,3.3758,0.7742
Wari_real_vid.mp4,108.632,2513,8,286,8,0,0,3.858,0.74
Wari_real_vid.mp4,108.675,2514,8,287,8,0,0,3.858,0.7394
Wari_real_vid.mp4,108.718,2515,8,287,8,0,0,3.858,0.7605
Wari_real_vid.mp4,108.762,2516,8,287,8,0,0,3.858,0.7834
Wari_real_vid.mp4,108.805,2517,9,287,9,0,0,4.3403,0.7494
Wari_real_vid.mp4,108.848,2518,10,288,10,0,0,4.8225,0.7089
Wari_real_vid.mp4,108.891,2519,9,288,9,0,0,4.3403,0.7526
Wari_real_vid.mp4,108.934,2520,9,288,9,0,0,4.3403,0.7261
Wari_real_vid.mp4,108.978,2521,9,288,9,0,0,4.3403,0.7183
Wari_real_vid.mp4,109.021,2522,9,288,9,0,0,4.3403,0.7238
Wari_real_vid.mp4,109.064,2523,9,288,9,0,0,4.3403,0.6736
Wari_real_vid.mp4,109.107,2524,9,288,9,0,0,4.3403,0.6813
Wari_real_vid.mp4,109.151,2525,8,288,8,0,0,3.858,0.7218
Wari_real_vid.mp4,109.194,2526,10,288,10,0,0,4.8225,0.6968
Wari_real_vid.mp4,109.237,2527,10,288,10,0,0,4.8225,0.7003
Wari_real_vid.mp4,109.280,2528,9,288,9,0,0,4.3403,0.7434
Wari_real_vid.mp4,109.324,2529,9,288,9,0,0,4.3403,0.7726
Wari_real_vid.mp4,109.367,2530,9,288,9,0,0,4.3403,0.7643
Wari_real_vid.mp4,109.410,2531,9,288,9,0,0,4.3403,0.7693
Wari_real_vid.mp4,109.453,2532,9,288,9,0,0,4.3403,0.7402
Wari_real_vid.mp4,109.496,2533,9,288,9,0,0,4.3403,0.7372
Wari_real_vid.mp4,109.540,2534,9,288,9,0,0,4.3403,0.7441
Wari_real_vid.mp4,109.583,2535,9,289,9,0,0,4.3403,0.7343
Wari_real_vid.mp4,109.626,2536,9,289,9,0,0,4.3403,0.7231
Wari_real_vid.mp4,109.669,2537,10,290,10,0,0,4.8225,0.6812
Wari_real_vid.mp4,109.713,2538,9,290,9,0,0,4.3403,0.7201
Wari_real_vid.mp4,109.756,2539,9,290,9,0,0,4.3403,0.7192
Wari_real_vid.mp4,109.799,2540,9,290,9,0,0,4.3403,0.7014
Wari_real_vid.mp4,109.842,2541,9,290,9,0,0,4.3403,0.7484
Wari_real_vid.mp4,109.886,2542,9,290,9,0,0,4.3403,0.7088
Wari_real_vid.mp4,109.929,2543,9,290,9,0,0,4.3403,0.7509
Wari_real_vid.mp4,109.972,2544,9,290,9,0,0,4.3403,0.7616
Wari_real_vid.mp4,110.015,2545,10,291,10,0,0,4.8225,0.7423
Wari_real_vid.mp4,110.058,2546,10,291,10,0,0,4.8225,0.7475
Wari_real_vid.mp4,110.102,2547,8,291,8,0,0,3.858,0.8055
Wari_real_vid.mp4,110.145,2548,9,291,9,0,0,4.3403,0.7545
Wari_real_vid.mp4,110.188,2549,8,291,8,0,0,3.858,0.8018
Wari_real_vid.mp4,110.231,2550,8,291,8,0,0,3.858,0.8216
Wari_real_vid.mp4,110.275,2551,9,291,9,0,0,4.3403,0.7668
Wari_real_vid.mp4,110.318,2552,9,291,9,0,0,4.3403,0.7796
Wari_real_vid.mp4,110.361,2553,8,291,8,0,0,3.858,0.8056
Wari_real_vid.mp4,110.404,2554,8,291,8,0,0,3.858,0.8016
Wari_real_vid.mp4,110.447,2555,10,292,10,0,0,4.8225,0.7315
Wari_real_vid.mp4,110.491,2556,10,292,10,0,0,4.8225,0.7481
Wari_real_vid.mp4,110.534,2557,9,292,9,0,0,4.3403,0.8256
Wari_real_vid.mp4,110.577,2558,9,292,9,0,0,4.3403,0.8167
Wari_real_vid.mp4,110.620,2559,9,292,9,0,0,4.3403,0.8166
Wari_real_vid.mp4,110.664,2560,11,292,11,0,0,5.3048,0.7544
Wari_real_vid.mp4,110.707,2561,11,293,11,0,0,5.3048,0.7584
Wari_real_vid.mp4,110.750,2562,11,293,11,0,0,5.3048,0.746
Wari_real_vid.mp4,110.793,2563,11,293,11,0,0,5.3048,0.7494
Wari_real_vid.mp4,110.837,2564,10,293,10,0,0,4.8225,0.7566
Wari_real_vid.mp4,110.880,2565,9,293,9,0,0,4.3403,0.7375
Wari_real_vid.mp4,110.923,2566,10,295,10,0,0,4.8225,0.7504
Wari_real_vid.mp4,110.966,2567,8,295,8,0,0,3.858,0.8132
Wari_real_vid.mp4,111.009,2568,8,295,8,0,0,3.858,0.8173
Wari_real_vid.mp4,111.053,2569,8,295,8,0,0,3.858,0.8242
Wari_real_vid.mp4,111.096,2570,8,295,8,0,0,3.858,0.8284
Wari_real_vid.mp4,111.139,2571,8,295,8,0,0,3.858,0.8406
Wari_real_vid.mp4,111.182,2572,8,295,8,0,0,3.858,0.8254
Wari_real_vid.mp4,111.226,2573,8,295,8,0,0,3.858,0.8269
Wari_real_vid.mp4,111.269,2574,8,295,8,0,0,3.858,0.7986
Wari_real_vid.mp4,111.312,2575,10,297,10,0,0,4.8225,0.7924
Wari_real_vid.mp4,111.355,2576,10,297,10,0,0,4.8225,0.7744
Wari_real_vid.mp4,111.398,2577,9,297,9,0,0,4.3403,0.8198
Wari_real_vid.mp4,111.442,2578,10,297,10,0,0,4.8225,0.7595
Wari_real_vid.mp4,111.485,2579,10,297,10,0,0,4.8225,0.758
Wari_real_vid.mp4,111.528,2580,9,297,9,0,0,4.3403,0.7919
Wari_real_vid.mp4,111.571,2581,9,297,9,0,0,4.3403,0.7609
Wari_real_vid.mp4,111.615,2582,8,297,8,0,0,3.858,0.7987
Wari_real_vid.mp4,111.658,2583,9,297,9,0,0,4.3403,0.7779
Wari_real_vid.mp4,111.701,2584,9,297,9,0,0,4.3403,0.7884
Wari_real_vid.mp4,111.744,2585,9,298,9,0,0,4.3403,0.7416
Wari_real_vid.mp4,111.788,2586,9,298,9,0,0,4.3403,0.7512
Wari_real_vid.mp4,111.831,2587,8,298,8,0,0,3.858,0.7763
Wari_real_vid.mp4,111.874,2588,10,300,10,0,0,4.8225,0.6801
Wari_real_vid.mp4,111.917,2589,9,300,9,0,0,4.3403,0.7226
Wari_real_vid.mp4,111.960,2590,9,300,9,0,0,4.3403,0.7025
Wari_real_vid.mp4,112.004,2591,7,300,7,0,0,3.3758,0.7232
Wari_real_vid.mp4,112.047,2592,8,301,8,0,0,3.858,0.6769
Wari_real_vid.mp4,112.090,2593,7,301,7,0,0,3.3758,0.6942
Wari_real_vid.mp4,112.133,2594,6,301,6,0,0,2.8935,0.6717
Wari_real_vid.mp4,112.177,2595,7,301,7,0,0,3.3758,0.6571
Wari_real_vid.mp4,112.220,2596,7,301,7,0,0,3.3758,0.6568
Wari_real_vid.mp4,112.263,2597,7,301,7,0,0,3.3758,0.6737
Wari_real_vid.mp4,112.306,2598,7,301,7,0,0,3.3758,0.7228
Wari_real_vid.mp4,112.350,2599,8,302,8,0,0,3.858,0.7108
Wari_real_vid.mp4,112.393,2600,8,302,8,0,0,3.858,0.736
Wari_real_vid.mp4,112.436,2601,7,303,7,0,0,3.3758,0.7308
Wari_real_vid.mp4,112.479,2602,8,303,8,0,0,3.858,0.7062
Wari_real_vid.mp4,112.522,2603,7,303,7,0,0,3.3758,0.7475
Wari_real_vid.mp4,112.566,2604,8,303,8,0,0,3.858,0.7317
Wari_real_vid.mp4,112.609,2605,8,303,8,0,0,3.858,0.7191
Wari_real_vid.mp4,112.652,2606,7,304,7,0,0,3.3758,0.7333
Wari_real_vid.mp4,112.695,2607,7,304,7,0,0,3.3758,0.7068
Wari_real_vid.mp4,112.739,2608,7,304,7,0,0,3.3758,0.6668
Wari_real_vid.mp4,112.782,2609,7,304,7,0,0,3.3758,0.7746
Wari_real_vid.mp4,112.825,2610,7,305,7,0,0,3.3758,0.7032
Wari_real_vid.mp4,112.868,2611,8,305,8,0,0,3.858,0.701
Wari_real_vid.mp4,112.911,2612,8,305,8,0,0,3.858,0.698
Wari_real_vid.mp4,112.955,2613,7,305,7,0,0,3.3758,0.7337
Wari_real_vid.mp4,112.998,2614,8,306,8,0,0,3.858,0.736
Wari_real_vid.mp4,113.041,2615,8,306,8,0,0,3.858,0.7506
Wari_real_vid.mp4,113.084,2616,7,306,7,0,0,3.3758,0.7734
Wari_real_vid.mp4,113.128,2617,8,307,8,0,0,3.858,0.7353
Wari_real_vid.mp4,113.171,2618,7,307,7,0,0,3.3758,0.7414
Wari_real_vid.mp4,113.214,2619,8,308,8,0,0,3.858,0.7015
Wari_real_vid.mp4,113.257,2620,7,308,7,0,0,3.3758,0.734
Wari_real_vid.mp4,113.301,2621,7,309,7,0,0,3.3758,0.7222
Wari_real_vid.mp4,113.344,2622,7,309,7,0,0,3.3758,0.7052
Wari_real_vid.mp4,113.387,2623,7,309,7,0,0,3.3758,0.7162
Wari_real_vid.mp4,113.430,2624,8,309,8,0,0,3.858,0.6914
Wari_real_vid.mp4,113.473,2625,9,310,9,0,0,4.3403,0.6625
Wari_real_vid.mp4,113.517,2626,8,310,8,0,0,3.858,0.7143
Wari_real_vid.mp4,113.560,2627,8,311,8,0,0,3.858,0.6851
Wari_real_vid.mp4,113.603,2628,5,311,5,0,0,2.4113,0.7978
Wari_real_vid.mp4,113.646,2629,7,313,7,0,0,3.3758,0.6882
Wari_real_vid.mp4,113.690,2630,6,313,6,0,0,2.8935,0.7108
Wari_real_vid.mp4,113.733,2631,6,313,6,0,0,2.8935,0.7228
Wari_real_vid.mp4,113.776,2632,6,313,6,0,0,2.8935,0.7295
Wari_real_vid.mp4,113.819,2633,7,314,7,0,0,3.3758,0.7253
Wari_real_vid.mp4,113.862,2634,7,314,7,0,0,3.3758,0.727
Wari_real_vid.mp4,113.906,2635,7,314,7,0,0,3.3758,0.7107
Wari_real_vid.mp4,113.949,2636,8,315,8,0,0,3.858,0.6644
Wari_real_vid.mp4,113.992,2637,9,316,9,0,0,4.3403,0.6337
Wari_real_vid.mp4,114.035,2638,9,317,9,0,0,4.3403,0.6164
Wari_real_vid.mp4,114.079,2639,9,317,9,0,0,4.3403,0.6118
Wari_real_vid.mp4,114.122,2640,8,317,8,0,0,3.858,0.6698
Wari_real_vid.mp4,114.165,2641,6,317,6,0,0,2.8935,0.7364
Wari_real_vid.mp4,114.208,2642,7,318,7,0,0,3.3758,0.7121
Wari_real_vid.mp4,114.252,2643,6,318,6,0,0,2.8935,0.7465
Wari_real_vid.mp4,114.295,2644,6,318,6,0,0,2.8935,0.7048
Wari_real_vid.mp4,114.338,2645,7,318,7,0,0,3.3758,0.7014
Wari_real_vid.mp4,114.381,2646,7,318,7,0,0,3.3758,0.6687
Wari_real_vid.mp4,114.424,2647,7,318,7,0,0,3.3758,0.6869
Wari_real_vid.mp4,114.468,2648,7,318,7,0,0,3.3758,0.6929
Wari_real_vid.mp4,114.511,2649,7,318,7,0,0,3.3758,0.601
Wari_real_vid.mp4,114.554,2650,8,318,8,0,0,3.858,0.6306
Wari_real_vid.mp4,114.597,2651,7,318,7,0,0,3.3758,0.6561
Wari_real_vid.mp4,114.641,2652,7,318,7,0,0,3.3758,0.6501
Wari_real_vid.mp4,114.684,2653,9,319,9,0,0,4.3403,0.6435
Wari_real_vid.mp4,114.727,2654,8,319,8,0,0,3.858,0.6438
Wari_real_vid.mp4,114.770,2655,8,320,8,0,0,3.858,0.6323
Wari_real_vid.mp4,114.813,2656,8,320,8,0,0,3.858,0.6812
Wari_real_vid.mp4,114.857,2657,9,321,9,0,0,4.3403,0.6165
Wari_real_vid.mp4,114.900,2658,10,321,10,0,0,4.8225,0.5898
Wari_real_vid.mp4,114.943,2659,10,321,10,0,0,4.8225,0.6231
Wari_real_vid.mp4,114.986,2660,12,323,12,0,0,5.787,0.5973
Wari_real_vid.mp4,115.030,2661,10,323,10,0,0,4.8225,0.6245
Wari_real_vid.mp4,115.073,2662,9,323,9,0,0,4.3403,0.6454
Wari_real_vid.mp4,115.116,2663,6,323,6,0,0,2.8935,0.7001
Wari_real_vid.mp4,115.159,2664,8,324,8,0,0,3.858,0.6096
Wari_real_vid.mp4,115.203,2665,7,324,7,0,0,3.3758,0.6692
Wari_real_vid.mp4,115.246,2666,8,324,8,0,0,3.858,0.7259
Wari_real_vid.mp4,115.289,2667,8,325,8,0,0,3.858,0.7027
Wari_real_vid.mp4,115.332,2668,9,326,9,0,0,4.3403,0.7009
Wari_real_vid.mp4,115.375,2669,8,327,8,0,0,3.858,0.6939
Wari_real_vid.mp4,115.419,2670,9,327,9,0,0,4.3403,0.6503
Wari_real_vid.mp4,115.462,2671,8,327,8,0,0,3.858,0.6852
Wari_real_vid.mp4,115.505,2672,8,327,8,0,0,3.858,0.6767
Wari_real_vid.mp4,115.548,2673,6,327,6,0,0,2.8935,0.6888
Wari_real_vid.mp4,115.592,2674,8,328,8,0,0,3.858,0.6308
Wari_real_vid.mp4,115.635,2675,7,328,7,0,0,3.3758,0.72
Wari_real_vid.mp4,115.678,2676,8,328,8,0,0,3.858,0.6946
Wari_real_vid.mp4,115.721,2677,9,329,9,0,0,4.3403,0.6302
Wari_real_vid.mp4,115.765,2678,8,329,8,0,0,3.858,0.6633
Wari_real_vid.mp4,115.808,2679,7,329,7,0,0,3.3758,0.7416
Wari_real_vid.mp4,115.851,2680,7,329,7,0,0,3.3758,0.7495
Wari_real_vid.mp4,115.894,2681,7,329,7,0,0,3.3758,0.6873
Wari_real_vid.mp4,115.937,2682,6,329,6,0,0,2.8935,0.6911
Wari_real_vid.mp4,115.981,2683,8,330,8,0,0,3.858,0.7086
Wari_real_vid.mp4,116.024,2684,6,330,6,0,0,2.8935,0.7723
Wari_real_vid.mp4,116.067,2685,7,330,7,0,0,3.3758,0.6454
Wari_real_vid.mp4,116.110,2686,7,330,7,0,0,3.3758,0.7034
Wari_real_vid.mp4,116.154,2687,8,331,8,0,0,3.858,0.6484
Wari_real_vid.mp4,116.197,2688,6,331,6,0,0,2.8935,0.7436
Wari_real_vid.mp4,116.240,2689,7,331,7,0,0,3.3758,0.6971
Wari_real_vid.mp4,116.283,2690,7,331,7,0,0,3.3758,0.6563
Wari_real_vid.mp4,116.326,2691,6,331,6,0,0,2.8935,0.7085
Wari_real_vid.mp4,116.370,2692,5,331,5,0,0,2.4113,0.6985
Wari_real_vid.mp4,116.413,2693,5,331,5,0,0,2.4113,0.715
Wari_real_vid.mp4,116.456,2694,5,332,5,0,0,2.4113,0.7269
Wari_real_vid.mp4,116.499,2695,5,332,5,0,0,2.4113,0.7311
Wari_real_vid.mp4,116.543,2696,6,332,6,0,0,2.8935,0.748
Wari_real_vid.mp4,116.586,2697,7,333,7,0,0,3.3758,0.6423
Wari_real_vid.mp4,116.629,2698,7,333,7,0,0,3.3758,0.5963
Wari_real_vid.mp4,116.672,2699,5,333,5,0,0,2.4113,0.7573
Wari_real_vid.mp4,116.716,2700,5,333,5,0,0,2.4113,0.7702
Wari_real_vid.mp4,116.759,2701,5,333,5,0,0,2.4113,0.7812
Wari_real_vid.mp4,116.802,2702,6,333,6,0,0,2.8935,0.7278
Wari_real_vid.mp4,116.845,2703,5,333,5,0,0,2.4113,0.8296
Wari_real_vid.mp4,116.888,2704,5,333,5,0,0,2.4113,0.7878
Wari_real_vid.mp4,116.932,2705,5,333,5,0,0,2.4113,0.7674
Wari_real_vid.mp4,116.975,2706,5,333,5,0,0,2.4113,0.7824
Wari_real_vid.mp4,117.018,2707,5,333,5,0,0,2.4113,0.8206
Wari_real_vid.mp4,117.061,2708,5,333,5,0,0,2.4113,0.8123
Wari_real_vid.mp4,117.105,2709,5,333,5,0,0,2.4113,0.7819
Wari_real_vid.mp4,117.148,2710,5,333,5,0,0,2.4113,0.7902
Wari_real_vid.mp4,117.191,2711,6,334,6,0,0,2.8935,0.7155
Wari_real_vid.mp4,117.234,2712,6,334,6,0,0,2.8935,0.7521
Wari_real_vid.mp4,117.277,2713,5,334,5,0,0,2.4113,0.7883
Wari_real_vid.mp4,117.321,2714,5,334,5,0,0,2.4113,0.799
Wari_real_vid.mp4,117.364,2715,5,334,5,0,0,2.4113,0.826
Wari_real_vid.mp4,117.407,2716,5,334,5,0,0,2.4113,0.6879
Wari_real_vid.mp4,117.450,2717,5,334,5,0,0,2.4113,0.7468
Wari_real_vid.mp4,117.494,2718,5,334,5,0,0,2.4113,0.7459
Wari_real_vid.mp4,117.537,2719,5,334,5,0,0,2.4113,0.7951
Wari_real_vid.mp4,117.580,2720,4,334,4,0,0,1.929,0.8399
Wari_real_vid.mp4,117.623,2721,4,334,4,0,0,1.929,0.8392
Wari_real_vid.mp4,117.667,2722,4,334,4,0,0,1.929,0.8544
Wari_real_vid.mp4,117.710,2723,4,334,4,0,0,1.929,0.8077
Wari_real_vid.mp4,117.753,2724,4,334,4,0,0,1.929,0.8451
Wari_real_vid.mp4,117.796,2725,4,334,4,0,0,1.929,0.8179
Wari_real_vid.mp4,117.839,2726,4,334,4,0,0,1.929,0.8214
Wari_real_vid.mp4,117.883,2727,4,334,4,0,0,1.929,0.7834
Wari_real_vid.mp4,117.926,2728,4,334,4,0,0,1.929,0.6925
Wari_real_vid.mp4,117.969,2729,3,334,3,0,0,1.4468,0.5854
Wari_real_vid.mp4,118.012,2730,3,334,3,0,0,1.4468,0.5281
Wari_real_vid.mp4,118.056,2731,0,334,0,0,0,0.0,0.0
Wari_real_vid.mp4,118.099,2732,2,334,2,0,0,0.9645,0.7808
Wari_real_vid.mp4,118.142,2733,4,336,4,0,0,1.929,0.6987
Wari_real_vid.mp4,118.185,2734,6,339,6,0,0,2.8935,0.7046
Wari_real_vid.mp4,118.229,2735,6,339,6,0,0,2.8935,0.7484
Wari_real_vid.mp4,118.272,2736,6,339,6,0,0,2.8935,0.7653
Wari_real_vid.mp4,118.315,2737,6,339,6,0,0,2.8935,0.7983
Wari_real_vid.mp4,118.358,2738,8,341,8,0,0,3.858,0.7195
Wari_real_vid.mp4,118.401,2739,8,341,8,0,0,3.858,0.7446
Wari_real_vid.mp4,118.445,2740,8,341,8,0,0,3.858,0.7501
Wari_real_vid.mp4,118.488,2741,9,342,9,0,0,4.3403,0.7333
Wari_real_vid.mp4,118.531,2742,9,342,9,0,0,4.3403,0.7558
Wari_real_vid.mp4,118.574,2743,9,342,9,0,0,4.3403,0.7511
Wari_real_vid.mp4,118.618,2744,9,342,9,0,0,4.3403,0.7603
Wari_real_vid.mp4,118.661,2745,8,342,8,0,0,3.858,0.8088
Wari_real_vid.mp4,118.704,2746,8,342,8,0,0,3.858,0.7803
Wari_real_vid.mp4,118.747,2747,8,342,8,0,0,3.858,0.7918
Wari_real_vid.mp4,118.790,2748,9,343,9,0,0,4.3403,0.7536
Wari_real_vid.mp4,118.834,2749,8,343,8,0,0,3.858,0.7752
Wari_real_vid.mp4,118.877,2750,9,344,9,0,0,4.3403,0.7297
Wari_real_vid.mp4,118.920,2751,9,344,9,0,0,4.3403,0.7326
Wari_real_vid.mp4,118.963,2752,9,344,9,0,0,4.3403,0.6936
Wari_real_vid.mp4,119.007,2753,9,344,9,0,0,4.3403,0.7423
Wari_real_vid.mp4,119.050,2754,9,344,9,0,0,4.3403,0.7635
Wari_real_vid.mp4,119.093,2755,9,344,9,0,0,4.3403,0.7327
Wari_real_vid.mp4,119.136,2756,8,344,8,0,0,3.858,0.7957
Wari_real_vid.mp4,119.180,2757,8,344,8,0,0,3.858,0.8006
Wari_real_vid.mp4,119.223,2758,9,344,9,0,0,4.3403,0.7297
Wari_real_vid.mp4,119.266,2759,9,344,9,0,0,4.3403,0.7443
Wari_real_vid.mp4,119.309,2760,9,344,9,0,0,4.3403,0.7889
Wari_real_vid.mp4,119.352,2761,8,344,8,0,0,3.858,0.8135
Wari_real_vid.mp4,119.396,2762,9,344,9,0,0,4.3403,0.7535
Wari_real_vid.mp4,119.439,2763,8,344,8,0,0,3.858,0.7905
Wari_real_vid.mp4,119.482,2764,7,344,7,0,0,3.3758,0.8128
Wari_real_vid.mp4,119.525,2765,8,345,8,0,0,3.858,0.7686
Wari_real_vid.mp4,119.569,2766,8,345,8,0,0,3.858,0.7804
Wari_real_vid.mp4,119.612,2767,8,345,8,0,0,3.858,0.7704
Wari_real_vid.mp4,119.655,2768,8,345,8,0,0,3.858,0.7854
Wari_real_vid.mp4,119.698,2769,8,346,8,0,0,3.858,0.7951
Wari_real_vid.mp4,119.741,2770,8,346,8,0,0,3.858,0.7734
Wari_real_vid.mp4,119.785,2771,9,347,9,0,0,4.3403,0.7341
Wari_real_vid.mp4,119.828,2772,9,347,9,0,0,4.3403,0.7671
Wari_real_vid.mp4,119.871,2773,9,347,9,0,0,4.3403,0.7476
Wari_real_vid.mp4,119.914,2774,9,347,9,0,0,4.3403,0.7406
Wari_real_vid.mp4,119.958,2775,9,347,9,0,0,4.3403,0.7341
Wari_real_vid.mp4,120.001,2776,8,347,8,0,0,3.858,0.7417
Wari_real_vid.mp4,120.044,2777,8,347,8,0,0,3.858,0.7744
Wari_real_vid.mp4,120.087,2778,8,347,8,0,0,3.858,0.7653
Wari_real_vid.mp4,120.131,2779,8,347,8,0,0,3.858,0.7731
Wari_real_vid.mp4,120.174,2780,9,348,9,0,0,4.3403,0.7286
Wari_real_vid.mp4,120.217,2781,9,348,9,0,0,4.3403,0.7456
Wari_real_vid.mp4,120.260,2782,10,349,10,0,0,4.8225,0.7191
Wari_real_vid.mp4,120.303,2783,10,349,10,0,0,4.8225,0.7113
Wari_real_vid.mp4,120.347,2784,9,349,9,0,0,4.3403,0.7579
